layer,epoch,neuron,mi_intense,mi_exact,pval,rval,significant
sn1,0,0,0.15818296372890472,0.11185773515970537,1.5271214561859353e-171,0.9999000099990001,True
sn1,0,1,0.06316076219081879,0.0485532779283063,3.6619899044494273e-85,0.9999000099990001,True
sn1,0,2,0.11671997606754303,0.08220038063695496,2.8404158246548676e-139,0.9999000099990001,True
sn1,0,3,0.07081817835569382,0.05721470974918241,3.942175383858673e-89,0.9999000099990001,True
sn1,0,4,0.253645658493042,0.18907040992773824,2.7743297116038042e-245,0.9999000099990001,True
sn1,0,5,0.06427483260631561,0.031171680448803366,6.668695781987045e-150,0.9999000099990001,True
sn1,0,6,0.04650361090898514,0.03921892035048229,1.5560582527580373e-62,0.9999000099990001,True
sn1,0,7,0.07429423183202744,0.03063609114174888,5.964733472209026e-180,0.9999000099990001,True
sn1,0,8,0.10286829620599747,0.07967323467579328,3.842971381966473e-120,0.9999000099990001,True
sn1,0,9,0.11788438260555267,0.08926674068833632,1.4820899568343933e-139,0.9999000099990001,True
sn1,0,10,0.08339004218578339,0.03852307754462252,4.545336982022022e-104,0.9999000099990001,True
sn1,0,11,0.14333310723304749,0.11271102022708174,3.3932357092883034e-165,0.9999000099990001,True
sn1,0,12,0.10915184020996094,0.054462567920056895,1.522103256538405e-132,0.9999000099990001,True
sn1,0,13,0.03206537663936615,0.013160509194428311,4.636064708062129e-53,0.9999000099990001,True
sn1,0,14,0.09500851482152939,0.07455474445716537,1.8989355134521934e-117,0.9999000099990001,True
sn1,0,15,0.15873686969280243,0.12129232645496457,1.662778398656251e-173,0.9999000099990001,True
sn1,0,16,0.2112903743982315,0.15283044077278102,9.656634955861446e-217,0.9999000099990001,True
sn1,0,17,0.10730612277984619,0.08366976079217994,5.60584472921147e-126,0.9999000099990001,True
sn1,0,18,0.1855679452419281,0.14069965145834346,5.56361625452465e-193,0.9999000099990001,True
sn1,0,19,0.03527889773249626,0.016766775351801096,3.771966782683689e-71,0.9999000099990001,True
sn1,0,20,0.18326401710510254,0.1222215506897671,6.591092368950477e-194,0.9999000099990001,True
sn1,0,21,0.11523321270942688,0.052394005634692174,6.964238516210953e-136,0.9999000099990001,True
sn1,0,22,0.2652027904987335,0.1888993157107347,3.84205463399971e-251,0.9999000099990001,True
sn1,0,23,0.0568704754114151,0.02808496138578091,9.842822149425073e-125,0.9999000099990001,True
sn1,0,24,0.1321994662284851,0.07336351395718445,4.420829291124676e-154,0.9999000099990001,True
sn1,0,25,0.10907075554132462,0.08500735628828116,2.5679969436287017e-128,0.9999000099990001,True
sn1,0,26,0.1401655077934265,0.09316712707617605,6.66296417530981e-159,0.9999000099990001,True
sn1,0,27,0.07597386837005615,0.05481911145516482,1.0877390526364528e-94,0.9999000099990001,True
sn1,0,28,0.056582748889923096,0.025354217166429216,9.153799930296159e-72,0.9999000099990001,True
sn1,0,29,0.04315130412578583,0.01741108448962382,2.1825212143877207e-91,0.9999000099990001,True
sn1,0,30,0.05204721912741661,0.0215213574992378,4.830330649547536e-111,0.9999000099990001,True
sn1,0,31,0.07292959094047546,0.027894863124917513,5.921097565941777e-90,0.9999000099990001,True
sn1,0,32,0.17441244423389435,0.0984456655198749,1.956716801641925e-180,0.9999000099990001,True
sn1,0,33,0.10309971868991852,0.08270637446312958,8.253808063599068e-124,0.9999000099990001,True
sn1,0,34,0.029440296813845634,0.016711535822135897,5.571522878468935e-50,0.9999000099990001,True
sn1,0,35,0.10788985341787338,0.040427920428654784,6.0092323123657385e-127,0.9999000099990001,True
sn1,0,36,0.2804749310016632,0.19930775780611837,8.032910780683125e-268,0.9999000099990001,True
sn1,0,37,0.13645799458026886,0.08483854576850335,7.053801569092249e-155,0.9999000099990001,True
sn1,0,38,0.11258803308010101,0.06669267885975108,3.021066253131891e-136,0.9999000099990001,True
sn1,0,39,0.1486966460943222,0.11557623250174716,6.213511344598783e-169,0.9999000099990001,True
sn1,0,40,0.06348055601119995,0.02191090219863928,3.74264827644059e-81,0.9999000099990001,True
sn1,0,41,0.15057890117168427,0.10807495132191475,1.280089057831952e-167,0.9999000099990001,True
sn1,0,42,0.14518046379089355,0.09127197736161233,2.1835765881453929e-162,0.9999000099990001,True
sn1,0,43,0.1194365844130516,0.04700446646704357,3.175095093740047e-138,0.9999000099990001,True
sn1,0,44,0.2931230068206787,0.20924698518346815,1.043064589790446e-271,0.9999000099990001,True
sn1,0,45,0.10662411153316498,0.04343452905617996,9.79144995135083e-130,0.9999000099990001,True
sn1,0,46,0.15089133381843567,0.11016661878935802,1.51819460660847e-171,0.9999000099990001,True
sn1,0,47,0.094049833714962,0.05796333185251926,4.102714241952566e-119,0.9999000099990001,True
sn1,0,48,0.18246996402740479,0.13414003692363566,1.6572290091821605e-191,0.9999000099990001,True
sn1,0,49,0.24640978872776031,0.16255648448420398,4.6700163899497245e-238,0.9999000099990001,True
sn1,0,50,0.1218748539686203,0.08796694380352163,1.6217985848100903e-141,0.9999000099990001,True
sn1,0,51,0.145048126578331,0.11020112506113114,2.3838033156265903e-165,0.9999000099990001,True
sn1,0,52,0.09479939937591553,0.037185665198407276,3.336773182803711e-116,0.9999000099990001,True
sn1,0,53,0.27679920196533203,0.1957449695744822,6.1630260485186435e-257,0.9999000099990001,True
sn1,0,54,0.10261821746826172,0.07788798239547837,7.021279826844328e-123,0.9999000099990001,True
sn1,0,55,0.03851432725787163,0.016108221375444126,3.047225103661594e-77,0.9999000099990001,True
sn1,0,56,0.1277790665626526,0.0949316121738307,4.431163800466478e-143,0.9999000099990001,True
sn1,0,57,0.07156401872634888,0.05993354338593689,1.0542032854473654e-92,0.9999000099990001,True
sn1,0,58,0.2235499769449234,0.15732116481839464,9.043451858073696e-227,0.9999000099990001,True
sn1,0,59,0.04871349036693573,0.0408751796582478,2.9222545216588348e-64,0.9999000099990001,True
sn1,0,60,0.28729721903800964,0.20664342584146794,1.6005624186492908e-266,0.9999000099990001,True
sn1,0,61,0.13963890075683594,0.09571855828478361,1.1204862289029869e-161,0.9999000099990001,True
sn1,0,62,0.11345629394054413,0.08732159743996315,1.1259201959850283e-139,0.9999000099990001,True
sn1,0,63,0.21598605811595917,0.15403413619012862,5.163138148010133e-224,0.9999000099990001,True
layer1.1.sn2,0,0,0.14917698502540588,0.10632405177797863,3.19503751902469e-171,0.9999000099990001,True
layer1.1.sn2,0,1,0.07550930976867676,0.03983229177904177,3.9612039295756234e-91,0.9999000099990001,True
layer1.1.sn2,0,2,0.11244025081396103,0.07684118662161728,9.156430806422405e-134,0.9999000099990001,True
layer1.1.sn2,0,3,0.06664439290761948,0.048506652806644415,3.03207502935722e-83,0.9999000099990001,True
layer1.1.sn2,0,4,0.17698469758033752,0.12294722164312087,1.7554544638410446e-188,0.9999000099990001,True
layer1.1.sn2,0,5,0.17961998283863068,0.12054605611218122,7.034660445160495e-195,0.9999000099990001,True
layer1.1.sn2,0,6,0.14705419540405273,0.10824817966214825,3.947749638436346e-161,0.9999000099990001,True
layer1.1.sn2,0,7,0.15287457406520844,0.10011617189555583,1.306986327372918e-169,0.9999000099990001,True
layer1.1.sn2,0,8,0.16449987888336182,0.11140730098654025,1.273303357169063e-184,0.9999000099990001,True
layer1.1.sn2,0,9,0.1622472107410431,0.10974926260853388,6.853731102034927e-182,0.9999000099990001,True
layer1.1.sn2,0,10,0.17553527653217316,0.11927540287434074,1.4839456061400687e-194,0.9999000099990001,True
layer1.1.sn2,0,11,0.1896393895149231,0.13255022071734518,1.83786658140576e-201,0.9999000099990001,True
layer1.1.sn2,0,12,0.20027649402618408,0.13567476328056846,3.2160092364273874e-213,0.9999000099990001,True
layer1.1.sn2,0,13,0.12815168499946594,0.0848859699249065,8.424524223337152e-149,0.9999000099990001,True
layer1.1.sn2,0,14,0.1804570108652115,0.12334775294042036,4.5206250314335576e-194,0.9999000099990001,True
layer1.1.sn2,0,15,0.14759868383407593,0.0946085717484676,6.1006697805600874e-170,0.9999000099990001,True
layer1.1.sn2,0,16,0.1326245665550232,0.04578064252105418,5.444170728530193e-149,0.9999000099990001,True
layer1.1.sn2,0,17,0.19059747457504272,0.12450079706642467,3.848001223064639e-203,0.9999000099990001,True
layer1.1.sn2,0,18,0.1524498015642166,0.1006364352659061,3.648017318947824e-173,0.9999000099990001,True
layer1.1.sn2,0,19,0.15400376915931702,0.10327633717507292,1.883139018443897e-173,0.9999000099990001,True
layer1.1.sn2,0,20,0.1460307389497757,0.1067397062571055,4.587644932733671e-164,0.9999000099990001,True
layer1.1.sn2,0,21,0.17717193067073822,0.11056212415356578,8.638466579972967e-196,0.9999000099990001,True
layer1.1.sn2,0,22,0.1442864090204239,0.0882963099950786,3.839485380617382e-163,0.9999000099990001,True
layer1.1.sn2,0,23,0.11864156275987625,0.067449946231471,3.8004738889669196e-141,0.9999000099990001,True
layer1.1.sn2,0,24,0.16122092306613922,0.11063905293155835,5.183904594247341e-176,0.9999000099990001,True
layer1.1.sn2,0,25,0.13869473338127136,0.10058247809302125,3.1379164756532444e-156,0.9999000099990001,True
layer1.1.sn2,0,26,0.19257904589176178,0.13445542265490182,2.7064276606088512e-204,0.9999000099990001,True
layer1.1.sn2,0,27,0.15253958106040955,0.09315770907994743,6.539169547701518e-170,0.9999000099990001,True
layer1.1.sn2,0,28,0.13782285153865814,0.094405346495185,6.022763821871064e-156,0.9999000099990001,True
layer1.1.sn2,0,29,0.1884954422712326,0.12262665678519442,2.381576356172874e-199,0.9999000099990001,True
layer1.1.sn2,0,30,0.189636692404747,0.11822342456787231,1.9807707435221315e-204,0.9999000099990001,True
layer1.1.sn2,0,31,0.17960307002067566,0.12969529911479163,1.2621352856353003e-193,0.9999000099990001,True
layer1.1.sn2,0,32,0.17678843438625336,0.10452756088308295,3.50101731437528e-191,0.9999000099990001,True
layer1.1.sn2,0,33,0.12590211629867554,0.06754228674268903,4.7804202287017525e-146,0.9999000099990001,True
layer1.1.sn2,0,34,0.1653367280960083,0.10693201100467419,5.560799912108531e-177,0.9999000099990001,True
layer1.1.sn2,0,35,0.18986588716506958,0.1320448337289315,1.0032995446911236e-206,0.9999000099990001,True
layer1.1.sn2,0,36,0.18093571066856384,0.1269925602199377,9.871544211882266e-193,0.9999000099990001,True
layer1.1.sn2,0,37,0.14513620734214783,0.0909533407770013,2.43548012074158e-163,0.9999000099990001,True
layer1.1.sn2,0,38,0.2274392694234848,0.15645103926403006,1.0694791276259198e-226,0.9999000099990001,True
layer1.1.sn2,0,39,0.22582925856113434,0.16537279639084304,5.35163002693854e-230,0.9999000099990001,True
layer1.1.sn2,0,40,0.16416428983211517,0.10620566533383406,3.092253213350496e-181,0.9999000099990001,True
layer1.1.sn2,0,41,0.1631614863872528,0.11959828727166667,2.9877614691749192e-179,0.9999000099990001,True
layer1.1.sn2,0,42,0.15475784242153168,0.09692806363545918,4.418784382521982e-174,0.9999000099990001,True
layer1.1.sn2,0,43,0.20023894309997559,0.1325413591873713,2.2340380617601e-208,0.9999000099990001,True
layer1.1.sn2,0,44,0.23537452518939972,0.16644438412408738,1.089438829339035e-236,0.9999000099990001,True
layer1.1.sn2,0,45,0.15818117558956146,0.11587435488937939,1.5360365287223531e-180,0.9999000099990001,True
layer1.1.sn2,0,46,0.1749616265296936,0.11738818739636894,6.5368098898804585e-192,0.9999000099990001,True
layer1.1.sn2,0,47,0.12321606278419495,0.08488808793503211,3.0811931875603555e-143,0.9999000099990001,True
layer1.1.sn2,0,48,0.1737058162689209,0.11998041672755003,3.8445196253013346e-190,0.9999000099990001,True
layer1.1.sn2,0,49,0.23139578104019165,0.15303525215048386,1.5363609201719147e-235,0.9999000099990001,True
layer1.1.sn2,0,50,0.16976885497570038,0.11341447251287858,1.6040808895964128e-185,0.9999000099990001,True
layer1.1.sn2,0,51,0.1642267256975174,0.11671782024656782,2.4809079111704626e-180,0.9999000099990001,True
layer1.1.sn2,0,52,0.1595861166715622,0.10692821675520855,1.1583534932202137e-177,0.9999000099990001,True
layer1.1.sn2,0,53,0.17840611934661865,0.1229299892079703,3.8364242478056974e-193,0.9999000099990001,True
layer1.1.sn2,0,54,0.15401005744934082,0.10780607212361107,3.220810156032198e-172,0.9999000099990001,True
layer1.1.sn2,0,55,0.16159817576408386,0.10578799072274203,8.494344654306519e-178,0.9999000099990001,True
layer1.1.sn2,0,56,0.15528768301010132,0.07856358981369187,3.934225369909768e-174,0.9999000099990001,True
layer1.1.sn2,0,57,0.18446911871433258,0.12117394536633141,1.2404920504130384e-192,0.9999000099990001,True
layer1.1.sn2,0,58,0.2105197012424469,0.1505767091006904,9.14113828758237e-220,0.9999000099990001,True
layer1.1.sn2,0,59,0.12397270649671555,0.0867707514090098,1.0412714448460646e-146,0.9999000099990001,True
layer1.1.sn2,0,60,0.17919765412807465,0.11957477952111145,1.758713588022071e-194,0.9999000099990001,True
layer1.1.sn2,0,61,0.135714590549469,0.08907928532187295,8.976959990051966e-159,0.9999000099990001,True
layer1.1.sn2,0,62,0.1321083903312683,0.0761905323918314,4.275129213148255e-152,0.9999000099990001,True
layer1.1.sn2,0,63,0.18121396005153656,0.12804485097719281,1.8465128565336046e-197,0.9999000099990001,True
layer2.1.sn2,0,0,0.17186792194843292,0.12142120654543817,2.3309449629958826e-184,0.9999000099990001,True
layer2.1.sn2,0,1,0.15499673783779144,0.10979072078712801,5.000085488466138e-176,0.9999000099990001,True
layer2.1.sn2,0,2,0.17929787933826447,0.12256325821017744,3.572053830333164e-192,0.9999000099990001,True
layer2.1.sn2,0,3,0.17008362710475922,0.11647223439922386,1.2708983277881098e-181,0.9999000099990001,True
layer2.1.sn2,0,4,0.15801574289798737,0.10831049458300823,4.03355928975229e-181,0.9999000099990001,True
layer2.1.sn2,0,5,0.168073832988739,0.12039931719712701,4.4435630716572265e-181,0.9999000099990001,True
layer2.1.sn2,0,6,0.16953592002391815,0.1111972026908467,1.084201518965882e-186,0.9999000099990001,True
layer2.1.sn2,0,7,0.1859874576330185,0.12311689959888572,3.4829530258569555e-206,0.9999000099990001,True
layer2.1.sn2,0,8,0.1720568984746933,0.1234640309037082,5.684197340472065e-187,0.9999000099990001,True
layer2.1.sn2,0,9,0.15731029212474823,0.10077902855555064,4.2602292628069587e-178,0.9999000099990001,True
layer2.1.sn2,0,10,0.16254182159900665,0.11659612232080678,3.800387692762075e-183,0.9999000099990001,True
layer2.1.sn2,0,11,0.15435443818569183,0.10784584295577902,2.426671875072684e-168,0.9999000099990001,True
layer2.1.sn2,0,12,0.15187932550907135,0.10281141520026665,6.700747739438869e-172,0.9999000099990001,True
layer2.1.sn2,0,13,0.16085422039031982,0.11245589213456048,2.8645300931065106e-178,0.9999000099990001,True
layer2.1.sn2,0,14,0.16540290415287018,0.11423963089621175,1.5982563778990568e-185,0.9999000099990001,True
layer2.1.sn2,0,15,0.15980562567710876,0.11585669976099698,4.710240861322521e-184,0.9999000099990001,True
layer2.1.sn2,0,16,0.14288482069969177,0.10247825059602465,3.7109665645580734e-160,0.9999000099990001,True
layer2.1.sn2,0,17,0.1360688954591751,0.09716044458923305,3.1040035703297543e-158,0.9999000099990001,True
layer2.1.sn2,0,18,0.1639104038476944,0.11507290887253774,2.412143464967417e-182,0.9999000099990001,True
layer2.1.sn2,0,19,0.17144303023815155,0.11958042604162136,5.707025799501758e-187,0.9999000099990001,True
layer2.1.sn2,0,20,0.17807406187057495,0.12003388577771423,1.5333226379409736e-192,0.9999000099990001,True
layer2.1.sn2,0,21,0.18167279660701752,0.12656573627615644,3.262737843643332e-198,0.9999000099990001,True
layer2.1.sn2,0,22,0.1510162353515625,0.1045478045286467,5.67467904349165e-169,0.9999000099990001,True
layer2.1.sn2,0,23,0.1595587283372879,0.11083093792430646,4.27625821064494e-178,0.9999000099990001,True
layer2.1.sn2,0,24,0.17605693638324738,0.11605190594565544,1.0987961986567042e-187,0.9999000099990001,True
layer2.1.sn2,0,25,0.15706628561019897,0.11015242034313794,1.3312988765829617e-175,0.9999000099990001,True
layer2.1.sn2,0,26,0.15937381982803345,0.10665926861389453,1.3259398802467191e-173,0.9999000099990001,True
layer2.1.sn2,0,27,0.14724960923194885,0.09464632455376924,1.2561947209724114e-167,0.9999000099990001,True
layer2.1.sn2,0,28,0.15593969821929932,0.10751396623250507,2.5214910470769734e-173,0.9999000099990001,True
layer2.1.sn2,0,29,0.14866705238819122,0.09779813092429174,1.2140276453026045e-171,0.9999000099990001,True
layer2.1.sn2,0,30,0.16680626571178436,0.11270801445472066,5.8473605523601375e-183,0.9999000099990001,True
layer2.1.sn2,0,31,0.17176346480846405,0.11362244664466559,4.183025718167225e-186,0.9999000099990001,True
layer2.1.sn2,0,32,0.17866240441799164,0.11460903553537691,0.0,0.9999000099990001,True
layer2.1.sn2,0,33,0.17638742923736572,0.11699512183862845,1.1805658235731363e-194,0.9999000099990001,True
layer2.1.sn2,0,34,0.16708387434482574,0.11595590688251281,1.9109817059390395e-189,0.9999000099990001,True
layer2.1.sn2,0,35,0.1583603322505951,0.11006918579989233,1.01378134489667e-180,0.9999000099990001,True
layer2.1.sn2,0,36,0.1511998176574707,0.10476497104295324,1.902427708143498e-167,0.9999000099990001,True
layer2.1.sn2,0,37,0.1594856083393097,0.11073960496206578,2.471750023996395e-178,0.9999000099990001,True
layer2.1.sn2,0,38,0.15253625810146332,0.10399529000215099,3.786576228343235e-173,0.9999000099990001,True
layer2.1.sn2,0,39,0.1724162995815277,0.11209186959499486,0.0,0.9999000099990001,True
layer2.1.sn2,0,40,0.15224362909793854,0.09590680971310402,1.8651915413423569e-168,0.9999000099990001,True
layer2.1.sn2,0,41,0.1748260110616684,0.11754602760701743,8.650197635491747e-188,0.9999000099990001,True
layer2.1.sn2,0,42,0.16378304362297058,0.11507717220026732,1.8545616041584835e-184,0.9999000099990001,True
layer2.1.sn2,0,43,0.16641901433467865,0.11190665259855574,2.4952151327523232e-182,0.9999000099990001,True
layer2.1.sn2,0,44,0.15236122906208038,0.10508197905053943,5.683973440810985e-173,0.9999000099990001,True
layer2.1.sn2,0,45,0.16077882051467896,0.10596647736408737,7.187560673064925e-182,0.9999000099990001,True
layer2.1.sn2,0,46,0.1593148410320282,0.10456269026419938,4.252744624569694e-172,0.9999000099990001,True
layer2.1.sn2,0,47,0.1666092723608017,0.11399333591887109,1.952862696164109e-180,0.9999000099990001,True
layer2.1.sn2,0,48,0.18800613284111023,0.1234388844692686,0.0,0.9999000099990001,True
layer2.1.sn2,0,49,0.1662919670343399,0.1137007267884895,1.3658337196359668e-185,0.9999000099990001,True
layer2.1.sn2,0,50,0.16101592779159546,0.1153477128234024,1.2433275453413612e-177,0.9999000099990001,True
layer2.1.sn2,0,51,0.15207652747631073,0.10869673000538327,7.402571466485775e-172,0.9999000099990001,True
layer2.1.sn2,0,52,0.16969206929206848,0.12003014579333388,1.1399570160258875e-187,0.9999000099990001,True
layer2.1.sn2,0,53,0.1622326523065567,0.10909933135242915,3.734601219816728e-176,0.9999000099990001,True
layer2.1.sn2,0,54,0.16570203006267548,0.11323881532615132,3.29930207823095e-187,0.9999000099990001,True
layer2.1.sn2,0,55,0.18219256401062012,0.11817801679617884,0.0,0.9999000099990001,True
layer2.1.sn2,0,56,0.16789516806602478,0.11353460617200745,4.244055767786075e-187,0.9999000099990001,True
layer2.1.sn2,0,57,0.17616979777812958,0.12131798447282267,5.052713700362399e-191,0.9999000099990001,True
layer2.1.sn2,0,58,0.16994339227676392,0.11730025944547225,8.564526665259898e-192,0.9999000099990001,True
layer2.1.sn2,0,59,0.16862492263317108,0.12109147193133397,1.0607333747032265e-185,0.9999000099990001,True
layer2.1.sn2,0,60,0.16620801389217377,0.11907887732661962,1.425960803802454e-185,0.9999000099990001,True
layer2.1.sn2,0,61,0.1787950098514557,0.12088950726947398,1.3792331441333989e-195,0.9999000099990001,True
layer2.1.sn2,0,62,0.16313637793064117,0.11428000626267738,1.1217834487573852e-179,0.9999000099990001,True
layer2.1.sn2,0,63,0.14694209396839142,0.10349515871306182,1.0435958408988453e-172,0.9999000099990001,True
layer2.1.sn2,0,64,0.16335703432559967,0.11878070418509623,6.462831490367133e-186,0.9999000099990001,True
layer2.1.sn2,0,65,0.16431273519992828,0.10952737104509262,2.274392372414574e-184,0.9999000099990001,True
layer2.1.sn2,0,66,0.174443319439888,0.1198356512066745,3.1485596028758776e-193,0.9999000099990001,True
layer2.1.sn2,0,67,0.17008163034915924,0.11292625637071281,6.823176849140934e-191,0.9999000099990001,True
layer2.1.sn2,0,68,0.1542210876941681,0.11045592417914078,9.61426983636764e-171,0.9999000099990001,True
layer2.1.sn2,0,69,0.1674916297197342,0.11769928311115611,5.782714632039693e-187,0.9999000099990001,True
layer2.1.sn2,0,70,0.16757610440254211,0.11347056575680069,1.8067582038331182e-183,0.9999000099990001,True
layer2.1.sn2,0,71,0.18139994144439697,0.1267163294929602,6.461140878959953e-197,0.9999000099990001,True
layer2.1.sn2,0,72,0.17556308209896088,0.12147483954531674,8.309215111450022e-189,0.9999000099990001,True
layer2.1.sn2,0,73,0.1463494598865509,0.10486111757015303,3.79775278121669e-164,0.9999000099990001,True
layer2.1.sn2,0,74,0.16058216989040375,0.1140382610758898,1.3667611255061435e-179,0.9999000099990001,True
layer2.1.sn2,0,75,0.15943403542041779,0.11219017902156665,1.1142048616450803e-173,0.9999000099990001,True
layer2.1.sn2,0,76,0.16317246854305267,0.10265660411027103,2.5057606353128532e-182,0.9999000099990001,True
layer2.1.sn2,0,77,0.17228259146213531,0.11304887175196936,0.0,0.9999000099990001,True
layer2.1.sn2,0,78,0.1735033392906189,0.11950829390180175,9.229266848961931e-190,0.9999000099990001,True
layer2.1.sn2,0,79,0.16320423781871796,0.10633591142521553,1.4950521451268116e-181,0.9999000099990001,True
layer2.1.sn2,0,80,0.18911996483802795,0.12600898663724874,8.585299603724189e-200,0.9999000099990001,True
layer2.1.sn2,0,81,0.1721271425485611,0.11903081323401372,1.5515081593348378e-185,0.9999000099990001,True
layer2.1.sn2,0,82,0.16019292175769806,0.10911691218533073,1.533262625973639e-181,0.9999000099990001,True
layer2.1.sn2,0,83,0.16640447080135345,0.11239472437514367,1.004521757792998e-187,0.9999000099990001,True
layer2.1.sn2,0,84,0.14863723516464233,0.09697526887829189,5.124805939327913e-171,0.9999000099990001,True
layer2.1.sn2,0,85,0.18379969894886017,0.12210805144199785,4.1239410274036567e-197,0.9999000099990001,True
layer2.1.sn2,0,86,0.1574590504169464,0.10202304033447568,1.598455574922669e-179,0.9999000099990001,True
layer2.1.sn2,0,87,0.18056124448776245,0.11919703291306566,5.068911250629391e-192,0.9999000099990001,True
layer2.1.sn2,0,88,0.1724143773317337,0.11968845236965317,6.853644906504042e-193,0.9999000099990001,True
layer2.1.sn2,0,89,0.16017594933509827,0.10975045170421062,1.4330340778238899e-179,0.9999000099990001,True
layer2.1.sn2,0,90,0.1792072355747223,0.11915269406654623,1.5687273661084087e-195,0.9999000099990001,True
layer2.1.sn2,0,91,0.16372162103652954,0.11172823878827687,2.718652388271607e-185,0.9999000099990001,True
layer2.1.sn2,0,92,0.15884502232074738,0.10258382228189485,0.0,0.9999000099990001,True
layer2.1.sn2,0,93,0.165509894490242,0.11434044566049253,3.5704918612422084e-182,0.9999000099990001,True
layer2.1.sn2,0,94,0.17641718685626984,0.12308287764095056,1.9054340793799138e-191,0.9999000099990001,True
layer2.1.sn2,0,95,0.1735328882932663,0.1245438257383144,8.34700009015296e-191,0.9999000099990001,True
layer2.1.sn2,0,96,0.15660221874713898,0.10522056864357571,9.50306921976043e-176,0.9999000099990001,True
layer2.1.sn2,0,97,0.15761931240558624,0.11453145152587318,2.311895982233468e-173,0.9999000099990001,True
layer2.1.sn2,0,98,0.1489585041999817,0.08832174775306977,0.0,0.9999000099990001,True
layer2.1.sn2,0,99,0.13247616589069366,0.09032916807547614,9.006809313247172e-153,0.9999000099990001,True
layer2.1.sn2,0,100,0.17066241800785065,0.12271222585724995,1.128659378755773e-190,0.9999000099990001,True
layer2.1.sn2,0,101,0.17372508347034454,0.12196370248780855,9.804238053787742e-192,0.9999000099990001,True
layer2.1.sn2,0,102,0.1592898666858673,0.10965628726288403,4.3148201422566925e-178,0.9999000099990001,True
layer2.1.sn2,0,103,0.18064653873443604,0.125283595014376,8.736913319902483e-194,0.9999000099990001,True
layer2.1.sn2,0,104,0.1706819087266922,0.11846233876760547,2.22146322487623e-190,0.9999000099990001,True
layer2.1.sn2,0,105,0.15614432096481323,0.10772593169627284,3.711903151899925e-175,0.9999000099990001,True
layer2.1.sn2,0,106,0.16975893080234528,0.11660705464642075,1.1377194379551937e-189,0.9999000099990001,True
layer2.1.sn2,0,107,0.15502557158470154,0.11261780935040319,3.749319634364243e-177,0.9999000099990001,True
layer2.1.sn2,0,108,0.1704479306936264,0.11688998851706825,3.0171451662889055e-189,0.9999000099990001,True
layer2.1.sn2,0,109,0.1741134226322174,0.1169557324953679,7.754499374701675e-191,0.9999000099990001,True
layer2.1.sn2,0,110,0.1751839816570282,0.12191711202619332,3.366900450940072e-191,0.9999000099990001,True
layer2.1.sn2,0,111,0.1654205024242401,0.11028973680446162,6.62317746370148e-178,0.9999000099990001,True
layer2.1.sn2,0,112,0.15174661576747894,0.11156892598813627,2.4357995464073817e-169,0.9999000099990001,True
layer2.1.sn2,0,113,0.15432028472423553,0.09219683283570686,1.1958783092632022e-173,0.9999000099990001,True
layer2.1.sn2,0,114,0.16658705472946167,0.11431463809449002,4.0121416417002973e-185,0.9999000099990001,True
layer2.1.sn2,0,115,0.16527940332889557,0.11571260827566825,4.790385451290117e-181,0.9999000099990001,True
layer2.1.sn2,0,116,0.1587173491716385,0.10863224261491025,2.1808649385851506e-175,0.9999000099990001,True
layer2.1.sn2,0,117,0.17205296456813812,0.12119132277972544,1.9063972946112297e-186,0.9999000099990001,True
layer2.1.sn2,0,118,0.16631092131137848,0.11726099327412626,1.1973154541074257e-188,0.9999000099990001,True
layer2.1.sn2,0,119,0.18408775329589844,0.1273175852550623,2.952341750126007e-197,0.9999000099990001,True
layer2.1.sn2,0,120,0.16873154044151306,0.11001006822111846,1.4141452552125888e-191,0.9999000099990001,True
layer2.1.sn2,0,121,0.16862167418003082,0.11351965902019953,7.74888942855258e-189,0.9999000099990001,True
layer2.1.sn2,0,122,0.1602461040019989,0.11403271284618588,3.6797652818975528e-177,0.9999000099990001,True
layer2.1.sn2,0,123,0.16257789731025696,0.09801192484638235,3.863337619306119e-183,0.9999000099990001,True
layer2.1.sn2,0,124,0.17522984743118286,0.11510616597905715,2.374629084206156e-182,0.9999000099990001,True
layer2.1.sn2,0,125,0.16818460822105408,0.1158648730727139,3.4202487430630624e-181,0.9999000099990001,True
layer2.1.sn2,0,126,0.17406651377677917,0.11546306694630076,2.8159755350766365e-189,0.9999000099990001,True
layer2.1.sn2,0,127,0.16010382771492004,0.11331611745769211,4.070403969365985e-178,0.9999000099990001,True
layer3.1.sn2,0,0,0.1402372270822525,0.11231228988191413,5.311847313596055e-165,0.9999000099990001,True
layer3.1.sn2,0,1,0.16171309351921082,0.10881819513483003,0.0,0.9999000099990001,True
layer3.1.sn2,0,2,0.14582829177379608,0.11056329755124646,5.472187331385237e-167,0.9999000099990001,True
layer3.1.sn2,0,3,0.13639092445373535,0.11037056387901126,2.7707953400372154e-157,0.9999000099990001,True
layer3.1.sn2,0,4,0.13854549825191498,0.10568393739507102,2.32364699730573e-159,0.9999000099990001,True
layer3.1.sn2,0,5,0.1362057626247406,0.10762515853812221,4.248062570404703e-160,0.9999000099990001,True
layer3.1.sn2,0,6,0.144690603017807,0.09837296995417336,0.0,0.9999000099990001,True
layer3.1.sn2,0,7,0.1418662667274475,0.10617313588569847,7.335504287491052e-157,0.9999000099990001,True
layer3.1.sn2,0,8,0.1337195485830307,0.1044767223098714,1.0506991604564227e-156,0.9999000099990001,True
layer3.1.sn2,0,9,0.14394035935401917,0.10793770226670439,3.547705265549755e-166,0.9999000099990001,True
layer3.1.sn2,0,10,0.12651263177394867,0.10100944326901264,1.2255368860503129e-146,0.9999000099990001,True
layer3.1.sn2,0,11,0.149613618850708,0.10292743573333053,0.0,0.9999000099990001,True
layer3.1.sn2,0,12,0.16093634068965912,0.10878184452454528,0.0,0.9999000099990001,True
layer3.1.sn2,0,13,0.13833846151828766,0.1039968064537966,2.2977158689047033e-159,0.9999000099990001,True
layer3.1.sn2,0,14,0.16138996183872223,0.10786947274285955,0.0,0.9999000099990001,True
layer3.1.sn2,0,15,0.1472269743680954,0.11479835367520956,4.566389265675947e-168,0.9999000099990001,True
layer3.1.sn2,0,16,0.15338516235351562,0.10322005969289479,0.0,0.9999000099990001,True
layer3.1.sn2,0,17,0.15197579562664032,0.1014093847068008,0.0,0.9999000099990001,True
layer3.1.sn2,0,18,0.1425403654575348,0.11370731335588224,1.8318194568882802e-167,0.9999000099990001,True
layer3.1.sn2,0,19,0.13714246451854706,0.10627239419017635,2.0147932365528827e-157,0.9999000099990001,True
layer3.1.sn2,0,20,0.14905373752117157,0.09756037902050536,0.0,0.9999000099990001,True
layer3.1.sn2,0,21,0.16828247904777527,0.11486893804062606,0.0,0.9999000099990001,True
layer3.1.sn2,0,22,0.1373051255941391,0.11051183000335908,8.297340373958748e-158,0.9999000099990001,True
layer3.1.sn2,0,23,0.1663484126329422,0.11260809546109547,0.0,0.9999000099990001,True
layer3.1.sn2,0,24,0.1426413506269455,0.11100108502389705,7.530197998293082e-167,0.9999000099990001,True
layer3.1.sn2,0,25,0.14232420921325684,0.1128119182191638,7.35918305851183e-164,0.9999000099990001,True
layer3.1.sn2,0,26,0.14945930242538452,0.10175903516755365,0.0,0.9999000099990001,True
layer3.1.sn2,0,27,0.134858176112175,0.10829338389239745,1.6180639745346115e-160,0.9999000099990001,True
layer3.1.sn2,0,28,0.14641259610652924,0.09897706964506021,0.0,0.9999000099990001,True
layer3.1.sn2,0,29,0.13722825050354004,0.10994031316925759,1.5615136646746393e-160,0.9999000099990001,True
layer3.1.sn2,0,30,0.14025436341762543,0.10791520064227689,2.7491378612696282e-158,0.9999000099990001,True
layer3.1.sn2,0,31,0.16020990908145905,0.10980701238588356,0.0,0.9999000099990001,True
layer3.1.sn2,0,32,0.15695708990097046,0.10816512918221972,0.0,0.9999000099990001,True
layer3.1.sn2,0,33,0.1257224977016449,0.0980610859568304,9.390888485351141e-146,0.9999000099990001,True
layer3.1.sn2,0,34,0.13271678984165192,0.10669459562409374,7.580618217450518e-156,0.9999000099990001,True
layer3.1.sn2,0,35,0.1277093142271042,0.10382089952327685,1.8490770083455605e-145,0.9999000099990001,True
layer3.1.sn2,0,36,0.15476307272911072,0.10664366899085383,0.0,0.9999000099990001,True
layer3.1.sn2,0,37,0.1327236294746399,0.10760689730889864,7.58990985218294e-151,0.9999000099990001,True
layer3.1.sn2,0,38,0.16411185264587402,0.11081218898420805,0.0,0.9999000099990001,True
layer3.1.sn2,0,39,0.15006421506404877,0.10079638140394293,0.0,0.9999000099990001,True
layer3.1.sn2,0,40,0.1450105756521225,0.11415315302543246,2.5398014700223282e-162,0.9999000099990001,True
layer3.1.sn2,0,41,0.1300465315580368,0.09712120389043559,7.980013587615966e-150,0.9999000099990001,True
layer3.1.sn2,0,42,0.1613851636648178,0.11039605389328222,0.0,0.9999000099990001,True
layer3.1.sn2,0,43,0.12841171026229858,0.10908338363051628,6.896431802503777e-152,0.9999000099990001,True
layer3.1.sn2,0,44,0.1565861701965332,0.10496760721491896,0.0,0.9999000099990001,True
layer3.1.sn2,0,45,0.1326282024383545,0.10434602466326819,2.6063004575047363e-155,0.9999000099990001,True
layer3.1.sn2,0,46,0.1418432891368866,0.11135726001102518,7.638682548469985e-164,0.9999000099990001,True
layer3.1.sn2,0,47,0.14927910268306732,0.1004873142795604,0.0,0.9999000099990001,True
layer3.1.sn2,0,48,0.16146421432495117,0.10855885564123852,0.0,0.9999000099990001,True
layer3.1.sn2,0,49,0.13012172281742096,0.1063829902846417,1.211418248963285e-153,0.9999000099990001,True
layer3.1.sn2,0,50,0.1627444177865982,0.11061008662602498,0.0,0.9999000099990001,True
layer3.1.sn2,0,51,0.13959544897079468,0.11085040728243528,2.3853712847751834e-163,0.9999000099990001,True
layer3.1.sn2,0,52,0.13404938578605652,0.10766913454623685,6.775624308045903e-157,0.9999000099990001,True
layer3.1.sn2,0,53,0.15017549693584442,0.09807717323593812,0.0,0.9999000099990001,True
layer3.1.sn2,0,54,0.156751811504364,0.1082310967425343,0.0,0.9999000099990001,True
layer3.1.sn2,0,55,0.15048813819885254,0.1002699405682989,0.0,0.9999000099990001,True
layer3.1.sn2,0,56,0.1615534871816635,0.10748538399069367,0.0,0.9999000099990001,True
layer3.1.sn2,0,57,0.1433170735836029,0.11120821387991767,2.8681102688845893e-161,0.9999000099990001,True
layer3.1.sn2,0,58,0.13034194707870483,0.10728349685168115,1.2213906095917865e-156,0.9999000099990001,True
layer3.1.sn2,0,59,0.13226637244224548,0.10570847732813643,9.871756768382271e-154,0.9999000099990001,True
layer3.1.sn2,0,60,0.16079050302505493,0.10654421557800696,0.0,0.9999000099990001,True
layer3.1.sn2,0,61,0.13369561731815338,0.10487486691412716,6.203567220814004e-154,0.9999000099990001,True
layer3.1.sn2,0,62,0.1368129849433899,0.10582051261748959,5.867632610012172e-158,0.9999000099990001,True
layer3.1.sn2,0,63,0.14765925705432892,0.09598499980899504,0.0,0.9999000099990001,True
layer3.1.sn2,0,64,0.13816526532173157,0.11101099820263376,1.3499926108821317e-160,0.9999000099990001,True
layer3.1.sn2,0,65,0.14304690062999725,0.11406702751756506,1.5471916108775043e-164,0.9999000099990001,True
layer3.1.sn2,0,66,0.12440253049135208,0.10437903876188079,5.3000023991226075e-148,0.9999000099990001,True
layer3.1.sn2,0,67,0.13597285747528076,0.10101904492044846,8.865044615386353e-161,0.9999000099990001,True
layer3.1.sn2,0,68,0.14829257130622864,0.0993547004950752,0.0,0.9999000099990001,True
layer3.1.sn2,0,69,0.15259024500846863,0.10319947489114083,0.0,0.9999000099990001,True
layer3.1.sn2,0,70,0.1326994150876999,0.10437736539067716,1.6281496538097436e-153,0.9999000099990001,True
layer3.1.sn2,0,71,0.1330103576183319,0.10620630621817992,7.720438296158476e-154,0.9999000099990001,True
layer3.1.sn2,0,72,0.14272719621658325,0.10845623017693501,6.290327108045235e-160,0.9999000099990001,True
layer3.1.sn2,0,73,0.1277574747800827,0.10016487772224929,5.194854416892563e-150,0.9999000099990001,True
layer3.1.sn2,0,74,0.16653260588645935,0.11249566737695456,0.0,0.9999000099990001,True
layer3.1.sn2,0,75,0.13285548985004425,0.10708247830419762,9.252466094086577e-156,0.9999000099990001,True
layer3.1.sn2,0,76,0.14049556851387024,0.10431392122269534,1.4348052724999808e-161,0.9999000099990001,True
layer3.1.sn2,0,77,0.13956701755523682,0.11171166224783613,5.089069119698715e-161,0.9999000099990001,True
layer3.1.sn2,0,78,0.15395382046699524,0.10487941924901398,0.0,0.9999000099990001,True
layer3.1.sn2,0,79,0.13712440431118011,0.10839332066898998,3.690889423479497e-157,0.9999000099990001,True
layer3.1.sn2,0,80,0.13591091334819794,0.08687426396645898,0.0,0.9999000099990001,True
layer3.1.sn2,0,81,0.143443763256073,0.09484703919373969,0.0,0.9999000099990001,True
layer3.1.sn2,0,82,0.1602780520915985,0.109778688184463,0.0,0.9999000099990001,True
layer3.1.sn2,0,83,0.12691381573677063,0.10094958030766746,1.5401605942781768e-152,0.9999000099990001,True
layer3.1.sn2,0,84,0.12853489816188812,0.10436352806776168,3.974152560834617e-150,0.9999000099990001,True
layer3.1.sn2,0,85,0.15945276618003845,0.10720414275987435,0.0,0.9999000099990001,True
layer3.1.sn2,0,86,0.13521496951580048,0.08700216084033122,0.0,0.9999000099990001,True
layer3.1.sn2,0,87,0.1286616325378418,0.07913416610568476,0.0,0.9999000099990001,True
layer3.1.sn2,0,88,0.16155165433883667,0.10907049332464029,0.0,0.9999000099990001,True
layer3.1.sn2,0,89,0.13212494552135468,0.10881888505697093,8.343752851360558e-158,0.9999000099990001,True
layer3.1.sn2,0,90,0.13469786942005157,0.10868395780630553,9.205586465691162e-156,0.9999000099990001,True
layer3.1.sn2,0,91,0.13047534227371216,0.11046432529629091,4.2851371440374595e-157,0.9999000099990001,True
layer3.1.sn2,0,92,0.14371369779109955,0.11034686967041565,2.0434454690945068e-165,0.9999000099990001,True
layer3.1.sn2,0,93,0.14120998978614807,0.09572190209542346,0.0,0.9999000099990001,True
layer3.1.sn2,0,94,0.15974420309066772,0.10775303320538579,0.0,0.9999000099990001,True
layer3.1.sn2,0,95,0.15854717791080475,0.10868928391447802,0.0,0.9999000099990001,True
layer3.1.sn2,0,96,0.12996095418930054,0.1049981902227759,1.1069003742762952e-149,0.9999000099990001,True
layer3.1.sn2,0,97,0.12741029262542725,0.10089686509898126,8.754363248664031e-150,0.9999000099990001,True
layer3.1.sn2,0,98,0.12913085520267487,0.1076809402719907,5.061296403729308e-152,0.9999000099990001,True
layer3.1.sn2,0,99,0.1618250012397766,0.11115576586465412,0.0,0.9999000099990001,True
layer3.1.sn2,0,100,0.1365952044725418,0.1121846693580965,6.850060249070926e-157,0.9999000099990001,True
layer3.1.sn2,0,101,0.1354561448097229,0.09941603574210672,7.542464754910498e-156,0.9999000099990001,True
layer3.1.sn2,0,102,0.13520480692386627,0.10590536393090792,8.677153119742888e-159,0.9999000099990001,True
layer3.1.sn2,0,103,0.13391557335853577,0.10428938014328133,8.945940287531644e-156,0.9999000099990001,True
layer3.1.sn2,0,104,0.15546225011348724,0.1062928515613316,0.0,0.9999000099990001,True
layer3.1.sn2,0,105,0.1565844863653183,0.10484069314746088,0.0,0.9999000099990001,True
layer3.1.sn2,0,106,0.15871405601501465,0.10696256603089603,0.0,0.9999000099990001,True
layer3.1.sn2,0,107,0.1331469565629959,0.10771269644797049,1.6603846749020817e-155,0.9999000099990001,True
layer3.1.sn2,0,108,0.13930678367614746,0.09393028452657476,0.0,0.9999000099990001,True
layer3.1.sn2,0,109,0.13425150513648987,0.10739275019359036,2.116721666588618e-156,0.9999000099990001,True
layer3.1.sn2,0,110,0.1320260614156723,0.10588485911247189,5.484374595745124e-152,0.9999000099990001,True
layer3.1.sn2,0,111,0.1326407790184021,0.10675161962253397,1.9962576282794222e-157,0.9999000099990001,True
layer3.1.sn2,0,112,0.15532606840133667,0.10508714568350737,0.0,0.9999000099990001,True
layer3.1.sn2,0,113,0.15980923175811768,0.10874169274557866,0.0,0.9999000099990001,True
layer3.1.sn2,0,114,0.14113064110279083,0.10749150274950342,2.184813883305312e-164,0.9999000099990001,True
layer3.1.sn2,0,115,0.14558479189872742,0.09616260635929252,0.0,0.9999000099990001,True
layer3.1.sn2,0,116,0.1456742137670517,0.1075365578384764,5.504615969225749e-167,0.9999000099990001,True
layer3.1.sn2,0,117,0.1395270973443985,0.1040918667224288,9.842017100437692e-156,0.9999000099990001,True
layer3.1.sn2,0,118,0.13089996576309204,0.10759962282221436,1.0331435120380509e-151,0.9999000099990001,True
layer3.1.sn2,0,119,0.13693326711654663,0.10994238134727606,5.884154239895137e-160,0.9999000099990001,True
layer3.1.sn2,0,120,0.15915997326374054,0.10892919757678962,0.0,0.9999000099990001,True
layer3.1.sn2,0,121,0.12504635751247406,0.09998457006361419,2.2188615785867732e-148,0.9999000099990001,True
layer3.1.sn2,0,122,0.14417342841625214,0.09508139076511984,0.0,0.9999000099990001,True
layer3.1.sn2,0,123,0.15830640494823456,0.10827124156439141,0.0,0.9999000099990001,True
layer3.1.sn2,0,124,0.16032209992408752,0.10885655799169981,0.0,0.9999000099990001,True
layer3.1.sn2,0,125,0.13680052757263184,0.10894016129592952,1.5808728585975385e-158,0.9999000099990001,True
layer3.1.sn2,0,126,0.14371195435523987,0.11401039898748326,1.8443880631903482e-168,0.9999000099990001,True
layer3.1.sn2,0,127,0.13919401168823242,0.10919983458727785,6.145800783920817e-163,0.9999000099990001,True
layer3.1.sn2,0,128,0.12941062450408936,0.10574913418311438,5.942767158483428e-155,0.9999000099990001,True
layer3.1.sn2,0,129,0.1407173126935959,0.11050347460512149,1.239683379158943e-166,0.9999000099990001,True
layer3.1.sn2,0,130,0.15572595596313477,0.10525619218816781,0.0,0.9999000099990001,True
layer3.1.sn2,0,131,0.13037163019180298,0.104811542136432,2.0560672159765715e-157,0.9999000099990001,True
layer3.1.sn2,0,132,0.1419268250465393,0.09546760221400226,0.0,0.9999000099990001,True
layer3.1.sn2,0,133,0.11996397376060486,0.10238918202316236,3.63602072475118e-142,0.9999000099990001,True
layer3.1.sn2,0,134,0.1613738238811493,0.1096314828028726,0.0,0.9999000099990001,True
layer3.1.sn2,0,135,0.14437362551689148,0.09627095980644738,0.0,0.9999000099990001,True
layer3.1.sn2,0,136,0.15969514846801758,0.10524841544308713,0.0,0.9999000099990001,True
layer3.1.sn2,0,137,0.139964759349823,0.09157200256202176,0.0,0.9999000099990001,True
layer3.1.sn2,0,138,0.13851115107536316,0.10822573052298959,4.3124270543024214e-163,0.9999000099990001,True
layer3.1.sn2,0,139,0.13670282065868378,0.10848805050367563,3.9850344279275277e-159,0.9999000099990001,True
layer3.1.sn2,0,140,0.14375834167003632,0.11138202644623565,9.159693803721194e-163,0.9999000099990001,True
layer3.1.sn2,0,141,0.1513729840517044,0.10283163134594418,0.0,0.9999000099990001,True
layer3.1.sn2,0,142,0.16103553771972656,0.10938413377047516,0.0,0.9999000099990001,True
layer3.1.sn2,0,143,0.13382863998413086,0.10586467682215192,1.3166079596473787e-152,0.9999000099990001,True
layer3.1.sn2,0,144,0.13781456649303436,0.11458443211166625,3.0900510693109515e-162,0.9999000099990001,True
layer3.1.sn2,0,145,0.1606348752975464,0.11054705167841625,0.0,0.9999000099990001,True
layer3.1.sn2,0,146,0.14970612525939941,0.10138850183938451,0.0,0.9999000099990001,True
layer3.1.sn2,0,147,0.13796620070934296,0.11305731093976425,1.5934112980681187e-162,0.9999000099990001,True
layer3.1.sn2,0,148,0.1419776827096939,0.11268485288779133,6.809566887381817e-165,0.9999000099990001,True
layer3.1.sn2,0,149,0.1346888691186905,0.10502480308420084,3.5309138564198605e-155,0.9999000099990001,True
layer3.1.sn2,0,150,0.16138629615306854,0.1073695859977162,0.0,0.9999000099990001,True
layer3.1.sn2,0,151,,0.1040425299874003,,0.9900990099009901,False
layer3.1.sn2,0,152,0.1532999724149704,0.1044845698229149,0.0,0.9999000099990001,True
layer3.1.sn2,0,153,0.14424897730350494,0.11209233133415124,7.493747854479094e-165,0.9999000099990001,True
layer3.1.sn2,0,154,0.12975315749645233,0.10312837168374148,1.310725732718618e-147,0.9999000099990001,True
layer3.1.sn2,0,155,0.15475969016551971,0.10408960335193393,0.0,0.9999000099990001,True
layer3.1.sn2,0,156,0.15856648981571198,0.10551366375424501,0.0,0.9999000099990001,True
layer3.1.sn2,0,157,0.13422857224941254,0.10610920119038303,3.5980395611976105e-159,0.9999000099990001,True
layer3.1.sn2,0,158,0.1301114857196808,0.10364810803530759,7.670196967856737e-157,0.9999000099990001,True
layer3.1.sn2,0,159,0.14706751704216003,0.1099083979350176,6.746479187992202e-167,0.9999000099990001,True
layer3.1.sn2,0,160,0.16020798683166504,0.10654599207609816,0.0,0.9999000099990001,True
layer3.1.sn2,0,161,0.13880479335784912,0.10341345787182242,2.2817591216930753e-158,0.9999000099990001,True
layer3.1.sn2,0,162,0.14994405210018158,0.09969377687183588,0.0,0.9999000099990001,True
layer3.1.sn2,0,163,0.1346062421798706,0.11140646265840357,7.964969436667755e-155,0.9999000099990001,True
layer3.1.sn2,0,164,0.14128808677196503,0.11356945862117819,9.841788957802548e-166,0.9999000099990001,True
layer3.1.sn2,0,165,0.14312458038330078,0.0953311749164882,0.0,0.9999000099990001,True
layer3.1.sn2,0,166,0.1310320645570755,0.10514011465037044,5.1591080592083295e-151,0.9999000099990001,True
layer3.1.sn2,0,167,0.14605411887168884,0.0970260806437211,0.0,0.9999000099990001,True
layer3.1.sn2,0,168,0.15237784385681152,0.10279178186093114,0.0,0.9999000099990001,True
layer3.1.sn2,0,169,0.1315803825855255,0.10705072740145422,1.5377840144585106e-154,0.9999000099990001,True
layer3.1.sn2,0,170,0.12890216708183289,0.10788967624525998,3.6996919515128246e-147,0.9999000099990001,True
layer3.1.sn2,0,171,0.14062754809856415,0.10577062748897689,7.095986231726243e-162,0.9999000099990001,True
layer3.1.sn2,0,172,0.17222437262535095,0.11592432102767627,0.0,0.9999000099990001,True
layer3.1.sn2,0,173,0.14452816545963287,0.0962404040224241,0.0,0.9999000099990001,True
layer3.1.sn2,0,174,0.13225513696670532,0.11258582135095176,3.6594967012844885e-154,0.9999000099990001,True
layer3.1.sn2,0,175,0.14943517744541168,0.10000491397225053,0.0,0.9999000099990001,True
layer3.1.sn2,0,176,0.15846258401870728,0.10898625135659351,0.0,0.9999000099990001,True
layer3.1.sn2,0,177,0.1563190519809723,0.104967627045701,0.0,0.9999000099990001,True
layer3.1.sn2,0,178,0.13969595730304718,0.09026131239720969,0.0,0.9999000099990001,True
layer3.1.sn2,0,179,0.15922975540161133,0.10735399358491275,0.0,0.9999000099990001,True
layer3.1.sn2,0,180,0.1351732313632965,0.10487356986179497,4.919037133102727e-159,0.9999000099990001,True
layer3.1.sn2,0,181,0.15492333471775055,0.10346290457980126,0.0,0.9999000099990001,True
layer3.1.sn2,0,182,0.13676677644252777,0.10951530885377361,2.2981931109160474e-156,0.9999000099990001,True
layer3.1.sn2,0,183,0.12833555042743683,0.10580217834901962,6.707637214213331e-154,0.9999000099990001,True
layer3.1.sn2,0,184,0.13256928324699402,0.1068847343668681,4.3475624684709944e-161,0.9999000099990001,True
layer3.1.sn2,0,185,0.1344519555568695,0.10770946821580923,1.0135604290926934e-159,0.9999000099990001,True
layer3.1.sn2,0,186,0.15658187866210938,0.10527469042335763,0.0,0.9999000099990001,True
layer3.1.sn2,0,187,0.13741528987884521,0.106619142255929,1.0427543609872907e-160,0.9999000099990001,True
layer3.1.sn2,0,188,0.15699240565299988,0.1034237281179567,0.0,0.9999000099990001,True
layer3.1.sn2,0,189,0.1694451868534088,0.11423689117642652,0.0,0.9999000099990001,True
layer3.1.sn2,0,190,0.1342778354883194,0.10677502506762536,1.7244546544519173e-158,0.9999000099990001,True
layer3.1.sn2,0,191,0.1544574648141861,0.10580546915400608,0.0,0.9999000099990001,True
layer3.1.sn2,0,192,0.13940946757793427,0.10506927060259173,1.9182730654924463e-158,0.9999000099990001,True
layer3.1.sn2,0,193,0.15020713210105896,0.10172082478277296,0.0,0.9999000099990001,True
layer3.1.sn2,0,194,0.14991825819015503,0.10111848039534474,0.0,0.9999000099990001,True
layer3.1.sn2,0,195,0.1278553605079651,0.09989292322506481,4.233578228088893e-150,0.9999000099990001,True
layer3.1.sn2,0,196,0.13714784383773804,0.11015963841465512,1.245329843627865e-158,0.9999000099990001,True
layer3.1.sn2,0,197,0.1530444473028183,0.10346321604405394,0.0,0.9999000099990001,True
layer3.1.sn2,0,198,0.13596925139427185,0.10724562331286672,7.247540871288553e-161,0.9999000099990001,True
layer3.1.sn2,0,199,0.13368234038352966,0.10655388376967538,1.32204280198833e-159,0.9999000099990001,True
layer3.1.sn2,0,200,0.13969987630844116,0.1065140116529931,5.275792527177947e-162,0.9999000099990001,True
layer3.1.sn2,0,201,0.13022328913211823,0.10132216150115972,4.5569723666224014e-150,0.9999000099990001,True
layer3.1.sn2,0,202,0.1411246806383133,0.11143271408393987,3.0274079639143995e-165,0.9999000099990001,True
layer3.1.sn2,0,203,0.1293298751115799,0.09890876840877391,5.604856234289137e-154,0.9999000099990001,True
layer3.1.sn2,0,204,0.1552717387676239,0.10441515127356901,0.0,0.9999000099990001,True
layer3.1.sn2,0,205,0.1534741371870041,0.10340735868236738,0.0,0.9999000099990001,True
layer3.1.sn2,0,206,0.15874727070331573,0.10730617803439298,0.0,0.9999000099990001,True
layer3.1.sn2,0,207,0.13519543409347534,0.10884453641625053,1.8608498914158078e-157,0.9999000099990001,True
layer3.1.sn2,0,208,0.12523113191127777,0.10106609289877999,9.624111947080686e-148,0.9999000099990001,True
layer3.1.sn2,0,209,0.1348247081041336,0.10655294566142726,1.0609761569711421e-154,0.9999000099990001,True
layer3.1.sn2,0,210,0.13682696223258972,0.1094429929951552,8.868403208697515e-164,0.9999000099990001,True
layer3.1.sn2,0,211,0.1301426738500595,0.10589218471936196,1.744487745012845e-151,0.9999000099990001,True
layer3.1.sn2,0,212,0.1433057337999344,0.09514626334105732,0.0,0.9999000099990001,True
layer3.1.sn2,0,213,0.15588751435279846,0.10450418430888533,0.0,0.9999000099990001,True
layer3.1.sn2,0,214,0.14847086369991302,0.09773298328437433,0.0,0.9999000099990001,True
layer3.1.sn2,0,215,0.15250784158706665,0.10305277027980532,0.0,0.9999000099990001,True
layer3.1.sn2,0,216,0.13816556334495544,0.10626833107265293,7.237679116192845e-158,0.9999000099990001,True
layer3.1.sn2,0,217,0.13055157661437988,0.10167554903785152,5.252634053855562e-155,0.9999000099990001,True
layer3.1.sn2,0,218,0.15677650272846222,0.10285902805591932,0.0,0.9999000099990001,True
layer3.1.sn2,0,219,0.1398383229970932,0.108982155814206,3.9610731201419043e-162,0.9999000099990001,True
layer3.1.sn2,0,220,0.13867031037807465,0.10495065700952315,7.185809422596827e-165,0.9999000099990001,True
layer3.1.sn2,0,221,0.14427952468395233,0.10790052813012732,4.6239015248554864e-163,0.9999000099990001,True
layer3.1.sn2,0,222,0.14861834049224854,0.09989194661953713,0.0,0.9999000099990001,True
layer3.1.sn2,0,223,0.16069379448890686,0.10953325309002887,0.0,0.9999000099990001,True
layer3.1.sn2,0,224,0.1508251279592514,0.10124184913259968,0.0,0.9999000099990001,True
layer3.1.sn2,0,225,0.15328088402748108,0.10256821383209318,0.0,0.9999000099990001,True
layer3.1.sn2,0,226,0.13058026134967804,0.08085634672365101,0.0,0.9999000099990001,True
layer3.1.sn2,0,227,0.13309311866760254,0.10024599907605294,1.5254550028588462e-150,0.9999000099990001,True
layer3.1.sn2,0,228,0.15636859834194183,0.10535523418758075,0.0,0.9999000099990001,True
layer3.1.sn2,0,229,0.13345618546009064,0.10745875014461458,1.6321534138814297e-157,0.9999000099990001,True
layer3.1.sn2,0,230,0.13277865946292877,0.11003055790883035,1.3514217180998688e-158,0.9999000099990001,True
layer3.1.sn2,0,231,0.1301511973142624,0.10167037702018356,9.382278725237743e-152,0.9999000099990001,True
layer3.1.sn2,0,232,0.1322452574968338,0.10272800341429841,1.6033202698625932e-155,0.9999000099990001,True
layer3.1.sn2,0,233,0.1654328852891922,0.1105100843404332,0.0,0.9999000099990001,True
layer3.1.sn2,0,234,0.12934307754039764,0.10463061952545742,2.8981041613070795e-154,0.9999000099990001,True
layer3.1.sn2,0,235,0.14345091581344604,0.09566320464503561,0.0,0.9999000099990001,True
layer3.1.sn2,0,236,0.14234629273414612,0.09312937478332531,0.0,0.9999000099990001,True
layer3.1.sn2,0,237,0.1260848045349121,0.10092378835141814,8.495951515376581e-147,0.9999000099990001,True
layer3.1.sn2,0,238,0.13646653294563293,0.11057325134501599,1.4558406389905556e-160,0.9999000099990001,True
layer3.1.sn2,0,239,0.12756262719631195,0.08066251166806811,0.0,0.9999000099990001,True
layer3.1.sn2,0,240,,0.10528667814861722,,0.9900990099009901,False
layer3.1.sn2,0,241,0.13547801971435547,0.08964747279235034,0.0,0.9999000099990001,True
layer3.1.sn2,0,242,0.15918783843517303,0.10643953717791728,0.0,0.9999000099990001,True
layer3.1.sn2,0,243,0.1382627636194229,0.10122679899478346,1.2175731810631052e-159,0.9999000099990001,True
layer3.1.sn2,0,244,0.15484829246997833,0.1036066898541908,0.0,0.9999000099990001,True
layer3.1.sn2,0,245,0.14887167513370514,0.10046931356738699,0.0,0.9999000099990001,True
layer3.1.sn2,0,246,0.16602593660354614,0.11161606184986617,0.0,0.9999000099990001,True
layer3.1.sn2,0,247,0.13771000504493713,0.10819910289821567,2.2259711401758568e-160,0.9999000099990001,True
layer3.1.sn2,0,248,0.15300138294696808,0.10279093739352986,0.0,0.9999000099990001,True
layer3.1.sn2,0,249,0.16442839801311493,0.11202034049129328,0.0,0.9999000099990001,True
layer3.1.sn2,0,250,0.1295473873615265,0.10473094395716687,4.62983086608993e-148,0.9999000099990001,True
layer3.1.sn2,0,251,0.1479458510875702,0.09912790042358462,0.0,0.9999000099990001,True
layer3.1.sn2,0,252,0.1287717968225479,0.1060766300067016,1.5628494524269547e-153,0.9999000099990001,True
layer3.1.sn2,0,253,0.13443152606487274,0.10532709879581714,2.076374592741208e-155,0.9999000099990001,True
layer3.1.sn2,0,254,0.13621236383914948,0.09005584283201416,0.0,0.9999000099990001,True
layer3.1.sn2,0,255,0.14947636425495148,0.10006421985736826,0.0,0.9999000099990001,True
layer4.1.sn2,0,0,0.0483764223754406,0.033531980927285855,3.502259607858152e-113,0.9999000099990001,True
layer4.1.sn2,0,1,0.16484467685222626,0.11426162330382919,0.0,0.9999000099990001,True
layer4.1.sn2,0,2,0.15255305171012878,0.10574171900428561,0.0,0.9999000099990001,True
layer4.1.sn2,0,3,0.16329674422740936,0.11318868255818758,0.0,0.9999000099990001,True
layer4.1.sn2,0,4,0.13359513878822327,0.09260109828425926,2.7186970690482226e-308,0.9999000099990001,True
layer4.1.sn2,0,5,0.1410800665616989,0.09778925115627439,0.0,0.9999000099990001,True
layer4.1.sn2,0,6,0.10876615345478058,0.07539095397761399,1.051128242142997e-276,0.9999000099990001,True
layer4.1.sn2,0,7,0.13805043697357178,0.0956892759508817,4.021503327574787e-292,0.9999000099990001,True
layer4.1.sn2,0,8,0.15708087384700775,0.10888016974715758,6.478691707758121e-291,0.9999000099990001,True
layer4.1.sn2,0,9,0.1431322693824768,0.09921172885695015,0.0,0.9999000099990001,True
layer4.1.sn2,0,10,0.06948222219944,0.04816140396283253,7.466213851707581e-173,0.9999000099990001,True
layer4.1.sn2,0,11,0.14108555018901825,0.09779305063728001,2.092675720670355e-309,0.9999000099990001,True
layer4.1.sn2,0,12,0.15998578071594238,0.1108936939992527,9.25042547946678e-307,0.9999000099990001,True
layer4.1.sn2,0,13,0.13944192230701447,0.09665377580305376,5.872128730809091e-299,0.9999000099990001,True
layer4.1.sn2,0,14,0.1608421355485916,0.11148727698194422,0.0,0.9999000099990001,True
layer4.1.sn2,0,15,0.12985484302043915,0.09000851366167939,5.052429099425855e-298,0.9999000099990001,True
layer4.1.sn2,0,16,0.13320215046405792,0.09232869017020391,3.3383417543902365e-306,0.9999000099990001,True
layer4.1.sn2,0,17,0.0789065957069397,0.054693886177366605,1.8867529202420348e-193,0.9999000099990001,True
layer4.1.sn2,0,18,0.1345950812101364,0.09329419626017153,0.0,0.9999000099990001,True
layer4.1.sn2,0,19,0.1485961526632309,0.10299900586258734,6.548017306532001e-308,0.9999000099990001,True
layer4.1.sn2,0,20,0.14565160870552063,0.10095800449573333,0.0,0.9999000099990001,True
layer4.1.sn2,0,21,0.09166538715362549,0.06353760438515506,1.9887463557739983e-214,0.9999000099990001,True
layer4.1.sn2,0,22,0.1591944694519043,0.11034519828271983,0.0,0.9999000099990001,True
layer4.1.sn2,0,23,0.16105040907859802,0.1116316394990361,0.0,0.9999000099990001,True
layer4.1.sn2,0,24,0.07154949754476547,0.04959433403804283,1.3552782493589114e-185,0.9999000099990001,True
layer4.1.sn2,0,25,0.15384441614151,0.10663682421781351,0.0,0.9999000099990001,True
layer4.1.sn2,0,26,0.14874422550201416,0.10310164529180949,0.0,0.9999000099990001,True
layer4.1.sn2,0,27,0.0797206237912178,0.055258125999718716,1.857073506398241e-197,0.9999000099990001,True
layer4.1.sn2,0,28,0.12991198897361755,0.09004812459197734,8.36685656672458e-301,0.9999000099990001,True
layer4.1.sn2,0,29,0.1527215987443924,0.10585854263555286,0.0,0.9999000099990001,True
layer4.1.sn2,0,30,0.1542380154132843,0.10690964498055298,0.0,0.9999000099990001,True
layer4.1.sn2,0,31,0.11011890321969986,0.07632860756331719,2.7580429792015283e-268,0.9999000099990001,True
layer4.1.sn2,0,32,0.1622602641582489,0.11247024289176051,0.0,0.9999000099990001,True
layer4.1.sn2,0,33,0.1482001096010208,0.10272449181095716,0.0,0.9999000099990001,True
layer4.1.sn2,0,34,0.14352667331695557,0.0994851086309425,1.200483318217056e-289,0.9999000099990001,True
layer4.1.sn2,0,35,0.08388140797615051,0.058142159569311985,2.1025744579316242e-188,0.9999000099990001,True
layer4.1.sn2,0,36,0.16352376341819763,0.11334603996697193,0.0,0.9999000099990001,True
layer4.1.sn2,0,37,0.14319977164268494,0.09925852189302337,0.0,0.9999000099990001,True
layer4.1.sn2,0,38,0.12058710306882858,0.08358461308539215,2.913574978138136e-290,0.9999000099990001,True
layer4.1.sn2,0,39,0.1483493447303772,0.10282792779165445,0.0,0.9999000099990001,True
layer4.1.sn2,0,40,0.14267940819263458,0.09889783410759141,0.0,0.9999000099990001,True
layer4.1.sn2,0,41,0.15815216302871704,0.10962272539411812,0.0,0.9999000099990001,True
layer4.1.sn2,0,42,0.14451225101947784,0.10016825813730271,0.0,0.9999000099990001,True
layer4.1.sn2,0,43,0.11022704094648361,0.07640356102895327,1.7456198868479987e-248,0.9999000099990001,True
layer4.1.sn2,0,44,0.16424088180065155,0.11384309920920849,6.68026336949394e-310,0.9999000099990001,True
layer4.1.sn2,0,45,0.1364196091890335,0.09455886273513762,0.0,0.9999000099990001,True
layer4.1.sn2,0,46,0.13780228793621063,0.09551726492760237,7.638893800609284e-307,0.9999000099990001,True
layer4.1.sn2,0,47,0.15194308757781982,0.10531891920995286,0.0,0.9999000099990001,True
layer4.1.sn2,0,48,0.12488901615142822,0.08656646850037447,8.95744522637045e-294,0.9999000099990001,True
layer4.1.sn2,0,49,0.1467011421918869,0.1016854861672237,0.0,0.9999000099990001,True
layer4.1.sn2,0,50,0.1316671371459961,0.09126470423594552,0.0,0.9999000099990001,True
layer4.1.sn2,0,51,0.14782223105430603,0.10246256420546984,0.0,0.9999000099990001,True
layer4.1.sn2,0,52,0.15701492130756378,0.10883445145061302,8.373077326793876e-305,0.9999000099990001,True
layer4.1.sn2,0,53,0.14840929210186005,0.10286948517223363,4.7925323156047e-311,0.9999000099990001,True
layer4.1.sn2,0,54,0.09951695799827576,0.06897990024977774,1.877538264772087e-252,0.9999000099990001,True
layer4.1.sn2,0,55,0.1272820234298706,0.08822517196216105,6.880417493084145e-276,0.9999000099990001,True
layer4.1.sn2,0,56,0.15243574976921082,0.10566040671559594,0.0,0.9999000099990001,True
layer4.1.sn2,0,57,0.13497090339660645,0.09355469715385537,0.0,0.9999000099990001,True
layer4.1.sn2,0,58,0.15667128562927246,0.10859626023351521,3.457693240872538e-301,0.9999000099990001,True
layer4.1.sn2,0,59,0.07860832661390305,0.05448713963138678,1.814996903777551e-191,0.9999000099990001,True
layer4.1.sn2,0,60,0.1716834306716919,0.11900188118980934,0.0,0.9999000099990001,True
layer4.1.sn2,0,61,0.09798629581928253,0.06791892512683553,3.840754081220262e-238,0.9999000099990001,True
layer4.1.sn2,0,62,0.13737347722053528,0.09522003452863154,1.3343244792576717e-308,0.9999000099990001,True
layer4.1.sn2,0,63,0.11500608175992966,0.07971614063233701,8.503923475730044e-279,0.9999000099990001,True
layer4.1.sn2,0,64,0.14055417478084564,0.09742473132477722,0.0,0.9999000099990001,True
layer4.1.sn2,0,65,0.15164780616760254,0.10511425323717916,0.0,0.9999000099990001,True
layer4.1.sn2,0,66,0.053015489131212234,0.03674753665206523,6.370473216910447e-136,0.9999000099990001,True
layer4.1.sn2,0,67,0.1480562686920166,0.10262478619927062,0.0,0.9999000099990001,True
layer4.1.sn2,0,68,0.15233571827411652,0.10559107581674246,0.0,0.9999000099990001,True
layer4.1.sn2,0,69,0.15558545291423798,0.10784361364595568,0.0,0.9999000099990001,True
layer4.1.sn2,0,70,0.13483256101608276,0.09345880797189643,6.283983582700706e-305,0.9999000099990001,True
layer4.1.sn2,0,71,0.15288801491260529,0.10597389454324127,4.6295995345661885e-306,0.9999000099990001,True
layer4.1.sn2,0,72,0.12374889850616455,0.085776200740978,1.730548814896314e-297,0.9999000099990001,True
layer4.1.sn2,0,73,0.1502624750137329,0.10415400644364528,0.0,0.9999000099990001,True
layer4.1.sn2,0,74,0.13741523027420044,0.09524898166855693,0.0,0.9999000099990001,True
layer4.1.sn2,0,75,0.1541958451271057,0.10688041918602138,0.0,0.9999000099990001,True
layer4.1.sn2,0,76,0.12163569033145905,0.08431143374588983,1.1204141741681239e-283,0.9999000099990001,True
layer4.1.sn2,0,77,0.15783481299877167,0.10940275472409346,0.0,0.9999000099990001,True
layer4.1.sn2,0,78,0.09557971358299255,0.06625081037461918,4.051920242818365e-228,0.9999000099990001,True
layer4.1.sn2,0,79,0.12285629659891129,0.08515749361486467,5.762450375967157e-282,0.9999000099990001,True
layer4.1.sn2,0,80,0.14065565168857574,0.09749506590728577,2.5427883077964462e-294,0.9999000099990001,True
layer4.1.sn2,0,81,0.15654392540454865,0.10850798175162035,0.0,0.9999000099990001,True
layer4.1.sn2,0,82,0.13855819404125214,0.09604121767446358,0.0,0.9999000099990001,True
layer4.1.sn2,0,83,0.1309066265821457,0.09073755544314556,5.404897499858673e-308,0.9999000099990001,True
layer4.1.sn2,0,84,0.14131996035575867,0.09795552953857158,1.846856831509817e-309,0.9999000099990001,True
layer4.1.sn2,0,85,0.1432168185710907,0.09927033722759943,9.2393580147318e-309,0.9999000099990001,True
layer4.1.sn2,0,86,0.1621541529893875,0.11239669547260592,0.0,0.9999000099990001,True
layer4.1.sn2,0,87,0.1548742800951004,0.10735066761866706,0.0,0.9999000099990001,True
layer4.1.sn2,0,88,0.13241641223430634,0.09178405846542693,0.0,0.9999000099990001,True
layer4.1.sn2,0,89,0.13782796263694763,0.0955350636698347,5.037120510036406e-301,0.9999000099990001,True
layer4.1.sn2,0,90,0.13496263325214386,0.09354896960775855,0.0,0.9999000099990001,True
layer4.1.sn2,0,91,0.15986143052577972,0.11080749667565115,0.0,0.9999000099990001,True
layer4.1.sn2,0,92,0.16216056048870087,0.11240113880841043,0.0,0.9999000099990001,True
layer4.1.sn2,0,93,0.13903121650218964,0.09636909288393264,1.9991234132215243e-286,0.9999000099990001,True
layer4.1.sn2,0,94,0.1586969643831253,0.11000035617412568,0.0,0.9999000099990001,True
layer4.1.sn2,0,95,0.16475781798362732,0.11420141953617748,0.0,0.9999000099990001,True
layer4.1.sn2,0,96,0.14458554983139038,0.10021907102656741,0.0,0.9999000099990001,True
layer4.1.sn2,0,97,0.1326139271259308,0.0919209656612052,6.909649617298551e-303,0.9999000099990001,True
layer4.1.sn2,0,98,0.1552066057920456,0.10758101923792548,5.234928629476408e-306,0.9999000099990001,True
layer4.1.sn2,0,99,0.1332671195268631,0.09237372911814942,8.777375250250434e-306,0.9999000099990001,True
layer4.1.sn2,0,100,0.1464921236038208,0.10154060395803621,0.0,0.9999000099990001,True
layer4.1.sn2,0,101,0.12706725299358368,0.08807630464613603,9.042315926095564e-292,0.9999000099990001,True
layer4.1.sn2,0,102,0.04273223504424095,0.029619729066103263,6.1966645630097555e-124,0.9999000099990001,True
layer4.1.sn2,0,103,0.1001303419470787,0.06940506632412685,3.458876543377172e-234,0.9999000099990001,True
layer4.1.sn2,0,104,0.15293937921524048,0.1060094952590786,2.3834928150410545e-295,0.9999000099990001,True
layer4.1.sn2,0,105,0.14864447712898254,0.10303250140138276,0.0,0.9999000099990001,True
layer4.1.sn2,0,106,0.06799568235874176,0.04713101328925932,3.9947277955279325e-183,0.9999000099990001,True
layer4.1.sn2,0,107,0.16259153187274933,0.11269986220139638,4.1076705630613016e-308,0.9999000099990001,True
layer4.1.sn2,0,108,0.1365983486175537,0.09468275759929962,5.2268985165878e-311,0.9999000099990001,True
layer4.1.sn2,0,109,0.11817575246095657,0.08191319025650273,7.566162980594721e-266,0.9999000099990001,True
layer4.1.sn2,0,110,0.1433248668909073,0.09934523010359557,0.0,0.9999000099990001,True
layer4.1.sn2,0,111,0.149526908993721,0.10364415457123055,0.0,0.9999000099990001,True
layer4.1.sn2,0,112,0.14468960464000702,0.10029118805555914,5.287470970147883e-307,0.9999000099990001,True
layer4.1.sn2,0,113,0.11577854305505753,0.08025157062118092,5.16528116495668e-297,0.9999000099990001,True
layer4.1.sn2,0,114,0.16431178152561188,0.11389225166767022,1.724773810950295e-309,0.9999000099990001,True
layer4.1.sn2,0,115,0.10440006852149963,0.07236461058548999,1.08245595147094e-245,0.9999000099990001,True
layer4.1.sn2,0,116,0.11969906091690063,0.08296906477056884,8.17705847653323e-287,0.9999000099990001,True
layer4.1.sn2,0,117,0.12048008292913437,0.08351042787723696,9.891614036960814e-281,0.9999000099990001,True
layer4.1.sn2,0,118,0.03671003878116608,0.02544546081318415,3.442224178666493e-90,0.9999000099990001,True
layer4.1.sn2,0,119,0.13954246044158936,0.09672346255414359,0.0,0.9999000099990001,True
layer4.1.sn2,0,120,0.053878024220466614,0.03734540006367704,2.512276592927129e-128,0.9999000099990001,True
layer4.1.sn2,0,121,0.09845218807458878,0.06824185776131544,3.9551339488673e-240,0.9999000099990001,True
layer4.1.sn2,0,122,0.08147242665290833,0.05647238145048381,4.520532757589657e-207,0.9999000099990001,True
layer4.1.sn2,0,123,0.14801806211471558,0.10259830535334541,4.5409492486816e-311,0.9999000099990001,True
layer4.1.sn2,0,124,0.14468295872211456,0.10028658105690405,0.0,0.9999000099990001,True
layer4.1.sn2,0,125,0.14938901364803314,0.10354857173205215,4.0601765447300575e-306,0.9999000099990001,True
layer4.1.sn2,0,126,0.06947977095842361,0.04815970912355272,4.699099020414199e-168,0.9999000099990001,True
layer4.1.sn2,0,127,0.04484448581933975,0.03108382974930546,4.4109964027134614e-107,0.9999000099990001,True
layer4.1.sn2,0,128,0.13961318135261536,0.09677248774747921,0.0,0.9999000099990001,True
layer4.1.sn2,0,129,0.06507980823516846,0.045109883407816936,3.383674449829534e-163,0.9999000099990001,True
layer4.1.sn2,0,130,0.1616932898759842,0.11207724835951945,6.161717525589513e-305,0.9999000099990001,True
layer4.1.sn2,0,131,0.1564054787158966,0.10841201980141554,0.0,0.9999000099990001,True
layer4.1.sn2,0,132,0.15161758661270142,0.10509330019473896,0.0,0.9999000099990001,True
layer4.1.sn2,0,133,0.09158220887184143,0.06347994767279348,1.2203541280182903e-234,0.9999000099990001,True
layer4.1.sn2,0,134,0.1557069718837738,0.1079278523945577,0.0,0.9999000099990001,True
layer4.1.sn2,0,135,0.1287982314825058,0.08927613442467087,9.289790643249274e-293,0.9999000099990001,True
layer4.1.sn2,0,136,0.15741434693336487,0.10911130915672815,1.6238049232975847e-303,0.9999000099990001,True
layer4.1.sn2,0,137,0.14024002850055695,0.09720698544580095,0.0,0.9999000099990001,True
layer4.1.sn2,0,138,0.1291671246290207,0.08953182878859821,7.1859358810231e-301,0.9999000099990001,True
layer4.1.sn2,0,139,0.15970885753631592,0.11070174366284542,1.5516498724633664e-299,0.9999000099990001,True
layer4.1.sn2,0,140,0.16122424602508545,0.1117521277346911,6.193159777871332e-308,0.9999000099990001,True
layer4.1.sn2,0,141,0.16249288618564606,0.11263148428511552,0.0,0.9999000099990001,True
layer4.1.sn2,0,142,0.10549326241016388,0.07312235501024507,3.1684168410176775e-246,0.9999000099990001,True
layer4.1.sn2,0,143,0.15441305935382843,0.10703098181607618,4.117329904294878e-302,0.9999000099990001,True
layer4.1.sn2,0,144,0.1426379233598709,0.09886907793121387,0.0,0.9999000099990001,True
layer4.1.sn2,0,145,0.12775789201259613,0.08855502430797249,7.699752934629539e-308,0.9999000099990001,True
layer4.1.sn2,0,146,0.15823350846767426,0.10967911463591631,0.0,0.9999000099990001,True
layer4.1.sn2,0,147,0.14970991015434265,0.10377100538378342,0.0,0.9999000099990001,True
layer4.1.sn2,0,148,0.13424399495124817,0.09305085125990713,0.0,0.9999000099990001,True
layer4.1.sn2,0,149,0.08362304419279099,0.05796307507122166,1.2545292565805751e-197,0.9999000099990001,True
layer4.1.sn2,0,150,0.12612284719944,0.08742169389772074,5.450494883614532e-293,0.9999000099990001,True
layer4.1.sn2,0,151,,0.07032540862427583,,0.9900990099009901,False
layer4.1.sn2,0,152,0.1152200698852539,0.07986446463273789,1.1888297890461288e-262,0.9999000099990001,True
layer4.1.sn2,0,153,0.1219734251499176,0.0845455370164898,1.5020379191804228e-286,0.9999000099990001,True
layer4.1.sn2,0,154,0.1424414962530136,0.09873291946735863,0.0,0.9999000099990001,True
layer4.1.sn2,0,155,0.1539992243051529,0.10674412582898427,0.0,0.9999000099990001,True
layer4.1.sn2,0,156,0.15328404307365417,0.10624839800031999,0.0,0.9999000099990001,True
layer4.1.sn2,0,157,0.1467801034450531,0.10174021293440394,0.0,0.9999000099990001,True
layer4.1.sn2,0,158,0.12872014939785004,0.08922200658818652,1.762718150422533e-301,0.9999000099990001,True
layer4.1.sn2,0,159,0.08057005703449249,0.05584690794561898,1.9798197837889616e-208,0.9999000099990001,True
layer4.1.sn2,0,160,0.1614661067724228,0.11191977274023726,0.0,0.9999000099990001,True
layer4.1.sn2,0,161,0.0661458894610405,0.045848838976425145,8.577089214174229e-170,0.9999000099990001,True
layer4.1.sn2,0,162,0.15638114511966705,0.10839515300325878,0.0,0.9999000099990001,True
layer4.1.sn2,0,163,0.15875878930091858,0.11004320275149357,0.0,0.9999000099990001,True
layer4.1.sn2,0,164,0.15880559384822845,0.1100756456764865,8.164696061376659e-287,0.9999000099990001,True
layer4.1.sn2,0,165,0.1587137132883072,0.11001196042446493,0.0,0.9999000099990001,True
layer4.1.sn2,0,166,0.15531642735004425,0.10765714225703404,0.0,0.9999000099990001,True
layer4.1.sn2,0,167,0.13135193288326263,0.09104622395677207,2.700109112248575e-293,0.9999000099990001,True
layer4.1.sn2,0,168,0.15042109787464142,0.10426395704890655,0.0,0.9999000099990001,True
layer4.1.sn2,0,169,0.15452371537685394,0.10710767808515773,0.0,0.9999000099990001,True
layer4.1.sn2,0,170,0.13156941533088684,0.09119696436651407,0.0,0.9999000099990001,True
layer4.1.sn2,0,171,0.13569261133670807,0.09405495295079472,0.0,0.9999000099990001,True
layer4.1.sn2,0,172,0.12266957759857178,0.08502807013858275,5.011672268442914e-289,0.9999000099990001,True
layer4.1.sn2,0,173,0.15586289763450623,0.1080359279565701,0.0,0.9999000099990001,True
layer4.1.sn2,0,174,0.14668089151382446,0.10167144709922712,0.0,0.9999000099990001,True
layer4.1.sn2,0,175,0.14081911742687225,0.09760837410280698,8.429419990480015e-293,0.9999000099990001,True
layer4.1.sn2,0,176,0.0895402729511261,0.06206458830769963,3.940386549295802e-217,0.9999000099990001,True
layer4.1.sn2,0,177,0.15785765647888184,0.10941858575044605,4.90093760471709e-304,0.9999000099990001,True
layer4.1.sn2,0,178,0.043950602412223816,0.030464235457444235,1.857809053956034e-106,0.9999000099990001,True
layer4.1.sn2,0,179,0.14498426020145416,0.10049543487313795,9.847991279501135e-291,0.9999000099990001,True
layer4.1.sn2,0,180,0.14028812944889069,0.09724032198703915,0.0,0.9999000099990001,True
layer4.1.sn2,0,181,0.12613213062286377,0.08742813173028031,3.957666420675919e-289,0.9999000099990001,True
layer4.1.sn2,0,182,0.12595538794994354,0.08730562015739549,1.43426784613133e-277,0.9999000099990001,True
layer4.1.sn2,0,183,0.1327309012413025,0.09200204616940333,4.438889644094126e-306,0.9999000099990001,True
layer4.1.sn2,0,184,0.0544024258852005,0.0377088874784404,1.3560418469789793e-159,0.9999000099990001,True
layer4.1.sn2,0,185,0.1481741964817047,0.10270652544069364,1.729467620955634e-309,0.9999000099990001,True
layer4.1.sn2,0,186,0.14018268883228302,0.09716723853271565,0.0,0.9999000099990001,True
layer4.1.sn2,0,187,0.15847226977348328,0.10984460570395589,0.0,0.9999000099990001,True
layer4.1.sn2,0,188,0.144319549202919,0.10003469294286338,0.0,0.9999000099990001,True
layer4.1.sn2,0,189,0.14233557879924774,0.0986595077692764,0.0,0.9999000099990001,True
layer4.1.sn2,0,190,0.12213358283042908,0.08465655061121952,7.423433242046316e-294,0.9999000099990001,True
layer4.1.sn2,0,191,0.15279817581176758,0.10591162013901931,0.0,0.9999000099990001,True
layer4.1.sn2,0,192,0.14591936767101288,0.1011435969161244,0.0,0.9999000099990001,True
layer4.1.sn2,0,193,0.16053014993667603,0.11127101709872157,0.0,0.9999000099990001,True
layer4.1.sn2,0,194,0.14302444458007812,0.09913698617063979,0.0,0.9999000099990001,True
layer4.1.sn2,0,195,0.13671045005321503,0.09476046220887116,0.0,0.9999000099990001,True
layer4.1.sn2,0,196,0.14749811589717865,0.10223790159757229,0.0,0.9999000099990001,True
layer4.1.sn2,0,197,0.10744673013687134,0.07447639847865989,5.455799506156002e-253,0.9999000099990001,True
layer4.1.sn2,0,198,0.11028507351875305,0.0764437880039968,9.456151141641605e-281,0.9999000099990001,True
layer4.1.sn2,0,199,0.15429839491844177,0.10695149767974876,0.0,0.9999000099990001,True
layer4.1.sn2,0,200,0.1450166553258896,0.1005178811268477,0.0,0.9999000099990001,True
layer4.1.sn2,0,201,0.0975363478064537,0.06760704548723195,1.5743509400131195e-257,0.9999000099990001,True
layer4.1.sn2,0,202,0.08679891377687454,0.06016442452774583,2.954018114927941e-207,0.9999000099990001,True
layer4.1.sn2,0,203,0.10527699440717697,0.07297245373013297,2.281285968002536e-245,0.9999000099990001,True
layer4.1.sn2,0,204,0.09424576163291931,0.06532618166096503,2.673466962002921e-221,0.9999000099990001,True
layer4.1.sn2,0,205,0.09538932889699936,0.06611884621675627,2.2490176546699994e-233,0.9999000099990001,True
layer4.1.sn2,0,206,0.15439870953559875,0.10702102523824644,0.0,0.9999000099990001,True
layer4.1.sn2,0,207,0.0715053379535675,0.049563721475018904,1.0024361439906987e-180,0.9999000099990001,True
layer4.1.sn2,0,208,0.08958838135004044,0.06209793539900101,3.928330815421053e-216,0.9999000099990001,True
layer4.1.sn2,0,209,0.13734875619411469,0.09520290597341953,0.0,0.9999000099990001,True
layer4.1.sn2,0,210,0.1037522703409195,0.07191559123628757,3.598492246926847e-248,0.9999000099990001,True
layer4.1.sn2,0,211,0.1449424773454666,0.10046647364464814,0.0,0.9999000099990001,True
layer4.1.sn2,0,212,0.1454942226409912,0.1008489131524378,0.0,0.9999000099990001,True
layer4.1.sn2,0,213,0.14084412157535553,0.09762570431250245,0.0,0.9999000099990001,True
layer4.1.sn2,0,214,0.028732625767588615,0.019915938952930028,4.525454612815143e-67,0.9999000099990001,True
layer4.1.sn2,0,215,0.16029825806617737,0.11111029043345672,0.0,0.9999000099990001,True
layer4.1.sn2,0,216,0.15670304000377655,0.1086182690909125,6.3932108899817585e-307,0.9999000099990001,True
layer4.1.sn2,0,217,0.1638292521238327,0.113557782942348,7.867359558741237e-301,0.9999000099990001,True
layer4.1.sn2,0,218,0.11494054645299911,0.07967071594309716,4.161103448748706e-277,0.9999000099990001,True
layer4.1.sn2,0,219,0.1485792100429535,0.10298726047016463,4.9653456680297e-311,0.9999000099990001,True
layer4.1.sn2,0,220,0.14009442925453186,0.09710606062563915,2.937101488629261e-300,0.9999000099990001,True
layer4.1.sn2,0,221,0.14887940883636475,0.10319534530591243,7.82507045365445e-310,0.9999000099990001,True
layer4.1.sn2,0,222,0.1578354388475418,0.10940318614980496,0.0,0.9999000099990001,True
layer4.1.sn2,0,223,0.16027803719043732,0.11109627389349072,0.0,0.9999000099990001,True
layer4.1.sn2,0,224,0.13147501647472382,0.09113153687168794,0.0,0.9999000099990001,True
layer4.1.sn2,0,225,0.14229008555412292,0.09862796886757541,0.0,0.9999000099990001,True
layer4.1.sn2,0,226,0.13998404145240784,0.0970295416980555,0.0,0.9999000099990001,True
layer4.1.sn2,0,227,0.14108598232269287,0.09779334847674147,0.0,0.9999000099990001,True
layer4.1.sn2,0,228,0.04828597232699394,0.03346928532723216,1.7533300633918413e-127,0.9999000099990001,True
layer4.1.sn2,0,229,0.12173709273338318,0.08438172514369946,4.0786205373300815e-285,0.9999000099990001,True
layer4.1.sn2,0,230,0.15433646738529205,0.10697788253898714,0.0,0.9999000099990001,True
layer4.1.sn2,0,231,0.14211693406105042,0.09850794901226821,2.325011427598777e-303,0.9999000099990001,True
layer4.1.sn2,0,232,0.1300850361585617,0.09016807322785164,2.677526762672279e-304,0.9999000099990001,True
layer4.1.sn2,0,233,0.16032665967941284,0.11112997152799478,3.6673228595793385e-307,0.9999000099990001,True
layer4.1.sn2,0,234,0.11715466529130936,0.0812054236298153,3.904301000541885e-279,0.9999000099990001,True
layer4.1.sn2,0,235,0.15208669006824493,0.10541846267736363,1.6595663017638125e-298,0.9999000099990001,True
layer4.1.sn2,0,236,0.1570969969034195,0.10889134157176875,0.0,0.9999000099990001,True
layer4.1.sn2,0,237,0.1471034735441208,0.10196435359997433,2.3203870099702257e-304,0.9999000099990001,True
layer4.1.sn2,0,238,0.1352580338716507,0.09375372461780611,0.0,0.9999000099990001,True
layer4.1.sn2,0,239,0.16457946598529816,0.11407779550201991,0.0,0.9999000099990001,True
layer4.1.sn2,0,240,,0.10374470229525819,,0.9900990099009901,False
layer4.1.sn2,0,241,0.1583029180765152,0.10972722300033125,0.0,0.9999000099990001,True
layer4.1.sn2,0,242,0.15399333834648132,0.10674005289239083,6.1950019369725994e-298,0.9999000099990001,True
layer4.1.sn2,0,243,0.15243403613567352,0.10565922390414093,3.879952077349175e-305,0.9999000099990001,True
layer4.1.sn2,0,244,0.0837407261133194,0.05804464901704248,4.323002329056647e-201,0.9999000099990001,True
layer4.1.sn2,0,245,0.16112172603607178,0.11168106946699932,0.0,0.9999000099990001,True
layer4.1.sn2,0,246,0.13603195548057556,0.09429017083699451,0.0,0.9999000099990001,True
layer4.1.sn2,0,247,0.07468736171722412,0.051769331733449796,3.8718264640643855e-172,0.9999000099990001,True
layer4.1.sn2,0,248,0.13076429069042206,0.09063889945846605,2.3542066572063733e-284,0.9999000099990001,True
layer4.1.sn2,0,249,0.07379713654518127,0.051152275554973876,6.71204549238946e-192,0.9999000099990001,True
layer4.1.sn2,0,250,0.15383616089820862,0.10663109648681898,0.0,0.9999000099990001,True
layer4.1.sn2,0,251,0.10188400000333786,0.07062060722724825,3.943113182013357e-251,0.9999000099990001,True
layer4.1.sn2,0,252,0.15115955471992493,0.1047758159918624,0.0,0.9999000099990001,True
layer4.1.sn2,0,253,0.15496569871902466,0.10741403209574396,0.0,0.9999000099990001,True
layer4.1.sn2,0,254,0.1432185173034668,0.09927151587636823,0.0,0.9999000099990001,True
layer4.1.sn2,0,255,0.14009951055049896,0.09710957569406131,0.0,0.9999000099990001,True
layer4.1.sn2,0,256,0.09641715884208679,0.06683128068294095,1.3676969872903011e-241,0.9999000099990001,True
layer4.1.sn2,0,257,0.11536916345357895,0.07996780829547576,2.9893758290542193e-288,0.9999000099990001,True
layer4.1.sn2,0,258,0.14241164922714233,0.09871223337529836,5.796156334998802e-306,0.9999000099990001,True
layer4.1.sn2,0,259,0.154667466878891,0.10720731904161367,2.9004909503317e-311,0.9999000099990001,True
layer4.1.sn2,0,260,0.13843120634555817,0.09595319816958224,4.115143965906476e-292,0.9999000099990001,True
layer4.1.sn2,0,261,0.15246008336544037,0.1056772760532374,9.615422047967553e-290,0.9999000099990001,True
layer4.1.sn2,0,262,0.13942942023277283,0.09664510997964051,0.0,0.9999000099990001,True
layer4.1.sn2,0,263,0.09803428500890732,0.06795219050942497,7.65029559543793e-261,0.9999000099990001,True
layer4.1.sn2,0,264,0.09087993949651718,0.06299317581271084,3.098584881230602e-203,0.9999000099990001,True
layer4.1.sn2,0,265,0.13034793734550476,0.09035030205475553,3.40511399185e-311,0.9999000099990001,True
layer4.1.sn2,0,266,0.12769655883312225,0.08851251433758482,1.5093151848939398e-291,0.9999000099990001,True
layer4.1.sn2,0,267,0.1491725742816925,0.10339855163869008,0.0,0.9999000099990001,True
layer4.1.sn2,0,268,0.14585454761981964,0.10109867252933735,0.0,0.9999000099990001,True
layer4.1.sn2,0,269,0.15770208835601807,0.10931076186196945,0.0,0.9999000099990001,True
layer4.1.sn2,0,270,0.15405334532260895,0.10678163852708385,1.347995017186364e-306,0.9999000099990001,True
layer4.1.sn2,0,271,0.06728725880384445,0.04663997304475834,2.8969876069017434e-168,0.9999000099990001,True
layer4.1.sn2,0,272,0.13987955451011658,0.0969571191208264,2.5590917810502837e-308,0.9999000099990001,True
layer4.1.sn2,0,273,0.14930397272109985,0.10348963177954831,0.0,0.9999000099990001,True
layer4.1.sn2,0,274,0.15329240262508392,0.1062541993944694,0.0,0.9999000099990001,True
layer4.1.sn2,0,275,0.13103359937667847,0.09082556590385506,4.05445629634851e-300,0.9999000099990001,True
layer4.1.sn2,0,276,0.1605110764503479,0.11125780004580871,1.1563613750054142e-300,0.9999000099990001,True
layer4.1.sn2,0,277,0.16022400557994843,0.11105881708682372,4.787204523844109e-303,0.9999000099990001,True
layer4.1.sn2,0,278,0.16054712235927582,0.11128278631848178,0.0,0.9999000099990001,True
layer4.1.sn2,0,279,0.1520443707704544,0.10538912971062442,0.0,0.9999000099990001,True
layer4.1.sn2,0,280,0.14807690680027008,0.10263908564138752,0.0,0.9999000099990001,True
layer4.1.sn2,0,281,0.12120875716209412,0.08401550654733454,2.5741665191439114e-300,0.9999000099990001,True
layer4.1.sn2,0,282,0.1013406440615654,0.07024398405948765,1.4410127728840014e-240,0.9999000099990001,True
layer4.1.sn2,0,283,0.16157719492912292,0.11199677759275035,0.0,0.9999000099990001,True
layer4.1.sn2,0,284,0.14564217627048492,0.10095146152414122,0.0,0.9999000099990001,True
layer4.1.sn2,0,285,0.13674484193325043,0.09478430611287317,4.906667600736396e-296,0.9999000099990001,True
layer4.1.sn2,0,286,0.15656451880931854,0.10852225352918238,9.728913401728453e-304,0.9999000099990001,True
layer4.1.sn2,0,287,0.15235845744609833,0.10560683997493188,0.0,0.9999000099990001,True
layer4.1.sn2,0,288,0.1469392627477646,0.1018505374611973,0.0,0.9999000099990001,True
layer4.1.sn2,0,289,0.13193891942501068,0.09145308639531155,2.2847484941998404e-294,0.9999000099990001,True
layer4.1.sn2,0,290,0.11347552388906479,0.07865524024201863,1.2314480530537999e-253,0.9999000099990001,True
layer4.1.sn2,0,291,0.15220193564891815,0.10549834109222136,1.806036699104e-311,0.9999000099990001,True
layer4.1.sn2,0,292,0.11973448097705841,0.08299361736947822,2.3323893811501977e-291,0.9999000099990001,True
layer4.1.sn2,0,293,0.13305677473545074,0.09222793016675192,0.0,0.9999000099990001,True
layer4.1.sn2,0,294,0.1515648365020752,0.10505674119052094,1.004462583461717e-309,0.9999000099990001,True
layer4.1.sn2,0,295,0.1569395363330841,0.10878219914602659,0.0,0.9999000099990001,True
layer4.1.sn2,0,296,0.07511761039495468,0.05206756093996555,5.835210823443245e-200,0.9999000099990001,True
layer4.1.sn2,0,297,0.15768393874168396,0.10929817252629352,0.0,0.9999000099990001,True
layer4.1.sn2,0,298,0.1602146327495575,0.11105231685347619,0.0,0.9999000099990001,True
layer4.1.sn2,0,299,0.1425606906414032,0.09881553882979455,0.0,0.9999000099990001,True
layer4.1.sn2,0,300,0.15979543328285217,0.11076175785386266,4.372587545967569e-289,0.9999000099990001,True
layer4.1.sn2,0,301,0.14834511280059814,0.10282499994686625,0.0,0.9999000099990001,True
layer4.1.sn2,0,302,0.022999664768576622,0.015942152870435294,1.6725102834734386e-50,0.9999000099990001,True
layer4.1.sn2,0,303,0.1548493653535843,0.10733340550673376,0.0,0.9999000099990001,True
layer4.1.sn2,0,304,0.12743107974529266,0.0883284889223259,7.329763934993891e-303,0.9999000099990001,True
layer4.1.sn2,0,305,0.1419609636068344,0.09839983855793996,0.0,0.9999000099990001,True
layer4.1.sn2,0,306,0.12306679785251617,0.08530340646977956,5.162175928350758e-293,0.9999000099990001,True
layer4.1.sn2,0,307,0.1668483167886734,0.11565044515940093,0.0,0.9999000099990001,True
layer4.1.sn2,0,308,0.1217258870601654,0.08437395693482562,0.0,0.9999000099990001,True
layer4.1.sn2,0,309,0.14116254448890686,0.09784642101590044,2.673094198556788e-307,0.9999000099990001,True
layer4.1.sn2,0,310,0.138432577252388,0.09595415405825455,0.0,0.9999000099990001,True
layer4.1.sn2,0,311,0.1261691153049469,0.08745376742459922,9.196181519340312e-275,0.9999000099990001,True
layer4.1.sn2,0,312,0.12949563562870026,0.0897595374854524,4.101669923849701e-295,0.9999000099990001,True
layer4.1.sn2,0,313,0.15805087983608246,0.10955251727805249,8.732548178926352e-307,0.9999000099990001,True
layer4.1.sn2,0,314,0.1253969669342041,0.08691855193889714,1.5796125902005655e-289,0.9999000099990001,True
layer4.1.sn2,0,315,0.11423064023256302,0.07917864819078953,3.5258139047776425e-299,0.9999000099990001,True
layer4.1.sn2,0,316,0.1369502991437912,0.09492671659863272,5.949423847295925e-296,0.9999000099990001,True
layer4.1.sn2,0,317,0.12089043855667114,0.08379486798706856,7.402660999700362e-276,0.9999000099990001,True
layer4.1.sn2,0,318,,0.10854939362708056,,0.9900990099009901,False
layer4.1.sn2,0,319,0.144645094871521,0.10026033902351357,0.0,0.9999000099990001,True
layer4.1.sn2,0,320,0.12338821589946747,0.08552619247992378,1.7511901588670725e-282,0.9999000099990001,True
layer4.1.sn2,0,321,0.16586118936538696,0.11496621113449602,1.8235266919847316e-307,0.9999000099990001,True
layer4.1.sn2,0,322,0.04211980104446411,0.02919522070838228,5.057466930916048e-100,0.9999000099990001,True
layer4.1.sn2,0,323,0.1485491394996643,0.10296642153692198,0.0,0.9999000099990001,True
layer4.1.sn2,0,324,0.12359937280416489,0.08567255605152617,7.826810024826316e-289,0.9999000099990001,True
layer4.1.sn2,0,325,0.14644008874893188,0.10150453060683458,0.0,0.9999000099990001,True
layer4.1.sn2,0,326,0.1596975326538086,0.11069388978004263,0.0,0.9999000099990001,True
layer4.1.sn2,0,327,0.1612335592508316,0.11175858241079407,4.948982507885555e-302,0.9999000099990001,True
layer4.1.sn2,0,328,0.10150263458490372,0.07035626493767047,4.120924726616418e-242,0.9999000099990001,True
layer4.1.sn2,0,329,0.14709201455116272,0.10195641714188927,0.0,0.9999000099990001,True
layer4.1.sn2,0,330,0.1522236466407776,0.1055133876697173,0.0,0.9999000099990001,True
layer4.1.sn2,0,331,0.13654357194900513,0.09464478956286176,1.1335023918348289e-291,0.9999000099990001,True
layer4.1.sn2,0,332,0.15113717317581177,0.10476030184341048,0.0,0.9999000099990001,True
layer4.1.sn2,0,333,0.16063225269317627,0.11134179725194329,0.0,0.9999000099990001,True
layer4.1.sn2,0,334,0.1582220494747162,0.10967116319749012,0.0,0.9999000099990001,True
layer4.1.sn2,0,335,0.15390373766422272,0.10667794337657065,0.0,0.9999000099990001,True
layer4.1.sn2,0,336,0.04067277908325195,0.028192222109003004,3.0352992591809446e-101,0.9999000099990001,True
layer4.1.sn2,0,337,0.11184477061033249,0.07752488875670856,8.372047144073134e-270,0.9999000099990001,True
layer4.1.sn2,0,338,0.16289754211902618,0.11291197537723624,0.0,0.9999000099990001,True
layer4.1.sn2,0,339,0.1388382613658905,0.09623534805746152,0.0,0.9999000099990001,True
layer4.1.sn2,0,340,0.048556987196207047,0.03365713876605207,7.411640117230057e-119,0.9999000099990001,True
layer4.1.sn2,0,341,0.13879260420799255,0.09620370016537665,3.61596872500559e-309,0.9999000099990001,True
layer4.1.sn2,0,342,0.15375986695289612,0.10657821579002336,0.0,0.9999000099990001,True
layer4.1.sn2,0,343,0.0826626867055893,0.05729740626506235,1.7121732164410867e-193,0.9999000099990001,True
layer4.1.sn2,0,344,0.15158413350582123,0.10507011514625467,9.15988936848904e-310,0.9999000099990001,True
layer4.1.sn2,0,345,0.1498589664697647,0.1038743230626944,0.0,0.9999000099990001,True
layer4.1.sn2,0,346,0.1416769176721573,0.09820295233200113,2.242731506521224e-301,0.9999000099990001,True
layer4.1.sn2,0,347,0.10513497143983841,0.07287400830317459,2.5680247354931e-271,0.9999000099990001,True
layer4.1.sn2,0,348,0.14372888207435608,0.09962526793716348,0.0,0.9999000099990001,True
layer4.1.sn2,0,349,0.14044050872325897,0.09734594159701718,0.0,0.9999000099990001,True
layer4.1.sn2,0,350,0.15648840367794037,0.10846949326126232,0.0,0.9999000099990001,True
layer4.1.sn2,0,351,0.15162891149520874,0.10510115062102618,6.134842338080983e-297,0.9999000099990001,True
layer4.1.sn2,0,352,0.09219460934400558,0.06390443594388738,3.703613057888975e-226,0.9999000099990001,True
layer4.1.sn2,0,353,0.14761750400066376,0.10232065673571719,0.0,0.9999000099990001,True
layer4.1.sn2,0,354,0.14615218341350555,0.10130497363905058,0.0,0.9999000099990001,True
layer4.1.sn2,0,355,0.1440485119819641,0.09984681605120596,4.667966911260648e-305,0.9999000099990001,True
layer4.1.sn2,0,356,0.1142716035246849,0.07920703925902318,3.99719633514303e-282,0.9999000099990001,True
layer4.1.sn2,0,357,0.1474359780550003,0.10219483262757852,9.730736780499138e-301,0.9999000099990001,True
layer4.1.sn2,0,358,0.16258543729782104,0.11269563725751966,1.9915581283083e-311,0.9999000099990001,True
layer4.1.sn2,0,359,0.12912917137145996,0.08950551647016275,5.7705762779766e-303,0.9999000099990001,True
layer4.1.sn2,0,360,0.1508207768201828,0.10454099672672723,9.22676700894e-312,0.9999000099990001,True
layer4.1.sn2,0,361,0.15954339504241943,0.11058705221365801,0.0,0.9999000099990001,True
layer4.1.sn2,0,362,0.15150947868824005,0.10501836526829411,0.0,0.9999000099990001,True
layer4.1.sn2,0,363,0.15014047920703888,0.1040694530892825,0.0,0.9999000099990001,True
layer4.1.sn2,0,364,0.14410415291786194,0.09988538674917116,0.0,0.9999000099990001,True
layer4.1.sn2,0,365,0.06462094187736511,0.044791821904462514,1.451966297266143e-159,0.9999000099990001,True
layer4.1.sn2,0,366,0.15188798308372498,0.10528072230963575,0.0,0.9999000099990001,True
layer4.1.sn2,0,367,0.1556408852338791,0.10788204099368208,4.743329546106692e-294,0.9999000099990001,True
layer4.1.sn2,0,368,0.14103594422340393,0.09775866276272457,3.2801607332777385e-298,0.9999000099990001,True
layer4.1.sn2,0,369,0.11299329251050949,0.07832098455969674,1.5860574836277023e-281,0.9999000099990001,True
layer4.1.sn2,0,370,0.11082608997821808,0.07681879259347302,3.0731517363759196e-294,0.9999000099990001,True
layer4.1.sn2,0,371,0.14204682409763336,0.09845935156914133,0.0,0.9999000099990001,True
layer4.1.sn2,0,372,0.16028398275375366,0.11110039148025,0.0,0.9999000099990001,True
layer4.1.sn2,0,373,0.15137864649295807,0.10492768379396744,0.0,0.9999000099990001,True
layer4.1.sn2,0,374,0.13841626048088074,0.09594284154994588,2.7280981165294487e-303,0.9999000099990001,True
layer4.1.sn2,0,375,0.14114809036254883,0.09783640139688787,0.0,0.9999000099990001,True
layer4.1.sn2,0,376,0.1256188452243805,0.08707235239864418,4.312169294846053e-289,0.9999000099990001,True
layer4.1.sn2,0,377,0.14415524899959564,0.09992079999541188,0.0,0.9999000099990001,True
layer4.1.sn2,0,378,0.16394472122192383,0.11363781652708838,0.0,0.9999000099990001,True
layer4.1.sn2,0,379,0.16537322103977203,0.114627982944067,0.0,0.9999000099990001,True
layer4.1.sn2,0,380,0.1461840271949768,0.10132704625359294,1.3373156275633126e-305,0.9999000099990001,True
layer4.1.sn2,0,381,0.1417088508605957,0.09822509209935154,4.21603933340364e-301,0.9999000099990001,True
layer4.1.sn2,0,382,0.09967797249555588,0.06909150571401591,4.448110570616147e-238,0.9999000099990001,True
layer4.1.sn2,0,383,0.07845425605773926,0.0543803448266638,1.0685767777380342e-186,0.9999000099990001,True
layer4.1.sn2,0,384,0.1352112591266632,0.09372130135485894,0.0,0.9999000099990001,True
layer4.1.sn2,0,385,0.1336585432291031,0.0926450460732354,6.920435194596066e-307,0.9999000099990001,True
layer4.1.sn2,0,386,0.14984296262264252,0.10386322817162422,0.0,0.9999000099990001,True
layer4.1.sn2,0,387,0.13329234719276428,0.09239121779294433,1.739311082367207e-305,0.9999000099990001,True
layer4.1.sn2,0,388,0.1530001163482666,0.10605160015050025,2.1641601957043064e-301,0.9999000099990001,True
layer4.1.sn2,0,389,0.10031774640083313,0.06953496304588161,2.38860297350091e-233,0.9999000099990001,True
layer4.1.sn2,0,390,0.08648765087127686,0.05994867157749952,6.338091357196931e-224,0.9999000099990001,True
layer4.1.sn2,0,391,0.13266049325466156,0.09195324898342318,1.5241724722810255e-303,0.9999000099990001,True
layer4.1.sn2,0,392,0.13039080798625946,0.09038002016181268,0.0,0.9999000099990001,True
layer4.1.sn2,0,393,0.1529880315065384,0.10604322002797795,0.0,0.9999000099990001,True
layer4.1.sn2,0,394,0.16011221706867218,0.11098133014844042,0.0,0.9999000099990001,True
layer4.1.sn2,0,395,0.1215839609503746,0.08427557935453993,5.6670607896622626e-285,0.9999000099990001,True
layer4.1.sn2,0,396,0.11770138889551163,0.08158438714347847,3.2791838081661467e-280,0.9999000099990001,True
layer4.1.sn2,0,397,0.11559150367975235,0.08012192565151088,1.6018216309542428e-272,0.9999000099990001,True
layer4.1.sn2,0,398,0.13936331868171692,0.09659929255093899,0.0,0.9999000099990001,True
layer4.1.sn2,0,399,0.155521959066391,0.10779960636344627,0.0,0.9999000099990001,True
layer4.1.sn2,0,400,,0.10283981711323689,,0.9900990099009901,False
layer4.1.sn2,0,401,0.14668111503124237,0.10167159885750107,1.0604292719263275e-304,0.9999000099990001,True
layer4.1.sn2,0,402,0.1468200981616974,0.10176793435991757,0.0,0.9999000099990001,True
layer4.1.sn2,0,403,0.13864357769489288,0.09610040254880306,0.0,0.9999000099990001,True
layer4.1.sn2,0,404,0.157150000333786,0.10892807457723663,7.3773020656396e-310,0.9999000099990001,True
layer4.1.sn2,0,405,0.16793090105056763,0.11640083283850042,0.0,0.9999000099990001,True
layer4.1.sn2,0,406,0.09869172424077988,0.06840789029581038,1.5609947927808758e-235,0.9999000099990001,True
layer4.1.sn2,0,407,0.16448470950126648,0.11401211328905556,2.3991519487890214e-297,0.9999000099990001,True
layer4.1.sn2,0,408,0.14795643091201782,0.10255558487671149,0.0,0.9999000099990001,True
layer4.1.sn2,0,409,0.14893940091133118,0.10323692852618077,0.0,0.9999000099990001,True
layer4.1.sn2,0,410,0.13161873817443848,0.09123115273180193,1.2022983515723625e-301,0.9999000099990001,True
layer4.1.sn2,0,411,0.12478592991828918,0.08649501518709998,1.0012345221521708e-293,0.9999000099990001,True
layer4.1.sn2,0,412,0.1354633867740631,0.09389606872353451,0.0,0.9999000099990001,True
layer4.1.sn2,0,413,0.14505450427532196,0.10054412348492212,0.0,0.9999000099990001,True
layer4.1.sn2,0,414,0.14774081110954285,0.10240613118404158,0.0,0.9999000099990001,True
layer4.1.sn2,0,415,0.1613580286502838,0.11184486406144488,1.5831347887298222e-307,0.9999000099990001,True
layer4.1.sn2,0,416,0.1555161029100418,0.10779555062539654,0.0,0.9999000099990001,True
layer4.1.sn2,0,417,0.14246408641338348,0.09874857869241885,0.0,0.9999000099990001,True
layer4.1.sn2,0,418,0.11051978915929794,0.07660648207026824,6.971891680577097e-283,0.9999000099990001,True
layer4.1.sn2,0,419,0.1540009081363678,0.10674529220512644,0.0,0.9999000099990001,True
layer4.1.sn2,0,420,0.1628526896238327,0.11288088118234482,0.0,0.9999000099990001,True
layer4.1.sn2,0,421,0.14644968509674072,0.1015111881829299,0.0,0.9999000099990001,True
layer4.1.sn2,0,422,0.15738673508167267,0.10909216913408516,0.0,0.9999000099990001,True
layer4.1.sn2,0,423,0.14657630026340485,0.10159895184066864,0.0,0.9999000099990001,True
layer4.1.sn2,0,424,0.11830297857522964,0.08200137455917574,7.71146881245705e-278,0.9999000099990001,True
layer4.1.sn2,0,425,0.161332368850708,0.1118270719921513,0.0,0.9999000099990001,True
layer4.1.sn2,0,426,0.12913484871387482,0.08950946093705742,5.318893308318358e-286,0.9999000099990001,True
layer4.1.sn2,0,427,0.1485806703567505,0.10298827387980203,0.0,0.9999000099990001,True
layer4.1.sn2,0,428,0.14514175057411194,0.10060459925393458,0.0,0.9999000099990001,True
layer4.1.sn2,0,429,0.15901853144168854,0.11022324534756481,0.0,0.9999000099990001,True
layer4.1.sn2,0,430,0.15277308225631714,0.10589423008719544,0.0,0.9999000099990001,True
layer4.1.sn2,0,431,0.1335456520318985,0.09256679561341019,0.0,0.9999000099990001,True
layer4.1.sn2,0,432,0.15447857975959778,0.10707639543012165,0.0,0.9999000099990001,True
layer4.1.sn2,0,433,0.11828093230724335,0.0819860947160032,1.3140336265215951e-292,0.9999000099990001,True
layer4.1.sn2,0,434,0.11057452857494354,0.07664442497227424,5.8956941500549146e-279,0.9999000099990001,True
layer4.1.sn2,0,435,0.1651482880115509,0.1144720732781764,0.0,0.9999000099990001,True
layer4.1.sn2,0,436,0.07706120610237122,0.05341475579071912,4.468037398257588e-198,0.9999000099990001,True
layer4.1.sn2,0,437,0.1483578085899353,0.10283379166596529,0.0,0.9999000099990001,True
layer4.1.sn2,0,438,0.14493019878864288,0.10045796198604284,0.0,0.9999000099990001,True
layer4.1.sn2,0,439,0.14877785742282867,0.10312495426168247,0.0,0.9999000099990001,True
layer4.1.sn2,0,440,0.14278949797153473,0.09897414217247638,0.0,0.9999000099990001,True
layer4.1.sn2,0,441,0.15286560356616974,0.10595836444047543,7.164742927466028e-306,0.9999000099990001,True
layer4.1.sn2,0,442,0.1624710112810135,0.11261632798419932,3.0304871005776827e-306,0.9999000099990001,True
layer4.1.sn2,0,443,0.14724737405776978,0.1020641070763082,0.0,0.9999000099990001,True
layer4.1.sn2,0,444,0.133832648396492,0.09276572642358856,5.9827382541500255e-298,0.9999000099990001,True
layer4.1.sn2,0,445,,0.08794323806125663,,0.9900990099009901,False
layer4.1.sn2,0,446,0.15636871755123138,0.10838653625733632,4.90381184708938e-309,0.9999000099990001,True
layer4.1.sn2,0,447,0.12391041219234467,0.08588815442471051,3.2824573679116424e-284,0.9999000099990001,True
layer4.1.sn2,0,448,0.16360144317150116,0.11339988312024321,7.488819925621415e-299,0.9999000099990001,True
layer4.1.sn2,0,449,0.1428946554660797,0.09904702368717333,0.0,0.9999000099990001,True
layer4.1.sn2,0,450,0.15229597687721252,0.10556352937064045,0.0,0.9999000099990001,True
layer4.1.sn2,0,451,0.15359917283058167,0.10646683287556777,0.0,0.9999000099990001,True
layer4.1.sn2,0,452,0.15872164070606232,0.11001745884483968,0.0,0.9999000099990001,True
layer4.1.sn2,0,453,0.10004459321498871,0.06934562837430755,9.39783181193315e-235,0.9999000099990001,True
layer4.1.sn2,0,454,0.11360197514295578,0.0787428897795322,6.5758505673142214e-285,0.9999000099990001,True
layer4.1.sn2,0,455,0.08341017365455627,0.05781552648939797,5.215589403990878e-203,0.9999000099990001,True
layer4.1.sn2,0,456,0.13940443098545074,0.09662779085953452,2.3155259267118e-310,0.9999000099990001,True
layer4.1.sn2,0,457,0.16470542550086975,0.11416510234267971,1.614102616234006e-309,0.9999000099990001,True
layer4.1.sn2,0,458,0.16340099275112152,0.11326094035043376,7.227220464450786e-309,0.9999000099990001,True
layer4.1.sn2,0,459,0.15882709622383118,0.1100905545851733,9.0367910451257e-310,0.9999000099990001,True
layer4.1.sn2,0,460,0.14249835908412933,0.0987723335497515,0.0,0.9999000099990001,True
layer4.1.sn2,0,461,0.15190114080905914,0.10528984829120061,3.511908846192073e-308,0.9999000099990001,True
layer4.1.sn2,0,462,0.160016268491745,0.11091482874639609,9.309824329942454e-309,0.9999000099990001,True
layer4.1.sn2,0,463,0.13250558078289032,0.0918458694723561,0.0,0.9999000099990001,True
layer4.1.sn2,0,464,0.1625070720911026,0.11264131472933296,0.0,0.9999000099990001,True
layer4.1.sn2,0,465,0.16582010686397552,0.11493774017698852,0.0,0.9999000099990001,True
layer4.1.sn2,0,466,0.15644463896751404,0.10843916313903318,4.129995781232198e-301,0.9999000099990001,True
layer4.1.sn2,0,467,0.14926671981811523,0.10346380245327622,0.0,0.9999000099990001,True
layer4.1.sn2,0,468,0.15721756219863892,0.10897490500786422,0.0,0.9999000099990001,True
layer4.1.sn2,0,469,0.11142626404762268,0.07723480164496548,4.465838287849254e-263,0.9999000099990001,True
layer4.1.sn2,0,470,0.1575460433959961,0.10920259615149194,0.0,0.9999000099990001,True
layer4.1.sn2,0,471,0.155172199010849,0.10755716886109813,1.876302141425e-310,0.9999000099990001,True
layer4.1.sn2,0,472,0.13400161266326904,0.0928828379320011,0.0,0.9999000099990001,True
layer4.1.sn2,0,473,0.13469982147216797,0.0933668005482259,0.0,0.9999000099990001,True
layer4.1.sn2,0,474,0.13805583119392395,0.09569301402817355,1.6788943612473e-311,0.9999000099990001,True
layer4.1.sn2,0,475,0.13692604005336761,0.09490990319493857,1.0422197990534286e-302,0.9999000099990001,True
layer4.1.sn2,0,476,0.15462902188301086,0.10718067241718185,0.0,0.9999000099990001,True
layer4.1.sn2,0,477,0.13002470135688782,0.09012625631305358,3.92095920231707e-310,0.9999000099990001,True
layer4.1.sn2,0,478,0.15533669292926788,0.10767119357819552,0.0,0.9999000099990001,True
layer4.1.sn2,0,479,0.13779863715171814,0.09551473183931188,0.0,0.9999000099990001,True
layer4.1.sn2,0,480,0.14533674716949463,0.1007397558834113,0.0,0.9999000099990001,True
layer4.1.sn2,0,481,0.13101692497730255,0.09081401348057261,4.9558918651941465e-292,0.9999000099990001,True
layer4.1.sn2,0,482,0.11036724597215652,0.07650074525922526,7.09571524430792e-266,0.9999000099990001,True
layer4.1.sn2,0,483,0.08676579594612122,0.06014146833715272,6.204894115517345e-211,0.9999000099990001,True
layer4.1.sn2,0,484,0.06386320292949677,0.044266601386333586,4.0926596616126224e-162,0.9999000099990001,True
layer4.1.sn2,0,485,0.1376945823431015,0.09544261011480035,0.0,0.9999000099990001,True
layer4.1.sn2,0,486,0.15263868868350983,0.10580107886633569,0.0,0.9999000099990001,True
layer4.1.sn2,0,487,0.13050904870033264,0.09046197620129887,8.047612822102424e-292,0.9999000099990001,True
layer4.1.sn2,0,488,0.15466979146003723,0.10720892994474877,5.982359428167247e-287,0.9999000099990001,True
layer4.1.sn2,0,489,0.14347216486930847,0.09944732467459522,0.0,0.9999000099990001,True
layer4.1.sn2,0,490,0.1477692872285843,0.10242585985252524,0.0,0.9999000099990001,True
layer4.1.sn2,0,491,0.12740179896354675,0.08830819482848327,5.283770680646692e-297,0.9999000099990001,True
layer4.1.sn2,0,492,0.14338035881519318,0.09938368638586254,0.0,0.9999000099990001,True
layer4.1.sn2,0,493,0.15747052431106567,0.10915024595337985,0.0,0.9999000099990001,True
layer4.1.sn2,0,494,0.1335751861333847,0.09258725870448957,1.1529972297689482e-305,0.9999000099990001,True
layer4.1.sn2,0,495,0.11252759397029877,0.07799818278328499,1.262805616553878e-253,0.9999000099990001,True
layer4.1.sn2,0,496,0.13811135292053223,0.09573149684061477,9.260546237044639e-303,0.9999000099990001,True
layer4.1.sn2,0,497,0.14930158853530884,0.10348798029361711,0.0,0.9999000099990001,True
layer4.1.sn2,0,498,0.13769765198230743,0.09544473627000165,0.0,0.9999000099990001,True
layer4.1.sn2,0,499,0.1404295414686203,0.09733834456770935,1.9536935542785293e-299,0.9999000099990001,True
layer4.1.sn2,0,500,0.16265778243541718,0.1127457804148764,0.0,0.9999000099990001,True
layer4.1.sn2,0,501,0.1511187106370926,0.1047475039534548,0.0,0.9999000099990001,True
layer4.1.sn2,0,502,0.11742423474788666,0.08139227939443026,2.2526854717890443e-279,0.9999000099990001,True
layer4.1.sn2,0,503,0.13608825206756592,0.09432919016873292,0.0,0.9999000099990001,True
layer4.1.sn2,0,504,0.15686823427677155,0.10873276993371439,0.0,0.9999000099990001,True
layer4.1.sn2,0,505,0.13801604509353638,0.0956654357487961,0.0,0.9999000099990001,True
layer4.1.sn2,0,506,0.0888475775718689,0.06158444543741189,2.700831654053196e-228,0.9999000099990001,True
layer4.1.sn2,0,507,0.07148664444684982,0.04955076428938068,1.862476495012742e-172,0.9999000099990001,True
layer4.1.sn2,0,508,0.12237821519374847,0.08482611244364102,1.5800129893890505e-288,0.9999000099990001,True
layer4.1.sn2,0,509,0.15318742394447327,0.10618143174657968,6.61545138441365e-310,0.9999000099990001,True
layer4.1.sn2,0,510,0.07299771904945374,0.05059816478832573,1.7578131137508933e-184,0.9999000099990001,True
layer4.1.sn2,0,511,0.1565307378768921,0.10849884460862304,8.191723308571237e-307,0.9999000099990001,True
sn1,10,0,,0.004584865351928654,,0.9900990099009901,False
sn1,10,1,,0.0,,0.009900990099009901,False
sn1,10,2,0.23206019401550293,0.19261766312194012,9.579188333440982e-230,0.9999000099990001,True
sn1,10,3,,0.0,,0.009900990099009901,False
sn1,10,4,0.17506982386112213,0.11449458306981983,6.719124146948928e-191,0.9999000099990001,True
sn1,10,5,0.03416108340024948,0.018679472771492144,1.1758921033838412e-76,0.9999000099990001,True
sn1,10,6,0.18087461590766907,0.15326497460953362,1.786209975447471e-195,0.9999000099990001,True
sn1,10,7,0.19638289511203766,0.14866428456876696,7.246271495436754e-202,0.9999000099990001,True
sn1,10,8,0.010626055300235748,0.003023600829964633,3.855953296263809e-27,0.9999000099990001,True
sn1,10,9,,0.0006911809740738471,,0.9603960396039604,False
sn1,10,10,0.012592781335115433,0.006662205161906084,9.803023769108311e-17,0.9999000099990001,True
sn1,10,11,0.02272411249577999,0.010896239775101067,3.4093127370444275e-49,0.9999000099990001,True
sn1,10,12,0.12021158635616302,0.08387993003460457,5.699830412596187e-140,0.9999000099990001,True
sn1,10,13,0.0829370841383934,0.08661964775351147,3.7049805847312036e-102,0.9999000099990001,True
sn1,10,14,,0.0,,0.009900990099009901,False
sn1,10,15,,0.0006908805734227708,,0.009900990099009901,False
sn1,10,16,,0.0,,0.009900990099009901,False
sn1,10,17,0.2839494049549103,0.2079253505041594,2.832154835505506e-274,0.9999000099990001,True
sn1,10,18,,0.0,,0.009900990099009901,False
sn1,10,19,0.007926725782454014,0.003709685000011359,6.371167206227883e-08,0.9999000099990001,True
sn1,10,20,0.09018739312887192,0.05238155381220828,1.5173779790658855e-225,0.9999000099990001,True
sn1,10,21,0.14544980227947235,0.11272249120273331,2.039452545035509e-163,0.9999000099990001,True
sn1,10,22,0.020401574671268463,0.01316008161419272,2.3612093583388124e-20,0.9999000099990001,True
sn1,10,23,0.05501880124211311,0.038644181244543385,1.57106232416843e-95,0.9999000099990001,True
sn1,10,24,0.1373491883277893,0.0989078890784341,3.679071142799047e-154,0.9999000099990001,True
sn1,10,25,0.13721106946468353,0.11146570460250302,1.7524124465903903e-152,0.9999000099990001,True
sn1,10,26,0.030417826026678085,0.01709287948455638,1.1600196605214561e-46,0.9999000099990001,True
sn1,10,27,0.009542875923216343,0.0026353648833371325,1.1544754241790779e-16,0.9999000099990001,True
sn1,10,28,0.009230434894561768,0.003298420693440856,5.99964314199262e-16,0.9999000099990001,True
sn1,10,29,0.09632186591625214,0.05277457196156646,5.024917838521639e-279,0.9999000099990001,True
sn1,10,30,,0.0,,0.009900990099009901,False
sn1,10,31,,0.0,,0.009900990099009901,False
sn1,10,32,0.19066321849822998,0.11880993670228389,5.979445113182836e-206,0.9999000099990001,True
sn1,10,33,0.020494798198342323,0.007088798738951942,4.117952238101179e-43,0.9999000099990001,True
sn1,10,34,,0.00023030352580856396,,0.44554455445544555,False
sn1,10,35,,0.00023030352580856396,,0.009900990099009901,False
sn1,10,36,0.29023629426956177,0.231635067019036,3.0993494290291564e-274,0.9999000099990001,True
sn1,10,37,0.19525431096553802,0.13892613998852504,3.063040373934086e-208,0.9999000099990001,True
sn1,10,38,0.23272626101970673,0.17213936156128926,3.242451677740656e-238,0.9999000099990001,True
sn1,10,39,,0.0,,0.009900990099009901,False
sn1,10,40,,0.0,,0.009900990099009901,False
sn1,10,41,0.3658294975757599,0.28527851602633414,0.0,0.9999000099990001,True
sn1,10,42,,0.0013498704322900536,,0.9702970297029703,False
sn1,10,43,0.018113287165760994,0.010854519848607289,8.254111239696537e-15,0.9999000099990001,True
sn1,10,44,0.1197853609919548,0.07436784875337674,1.375178961829706e-230,0.9999000099990001,True
sn1,10,45,,0.0,,0.009900990099009901,False
sn1,10,46,0.3107699155807495,0.2458246801475817,6.921900273742858e-285,0.9999000099990001,True
sn1,10,47,,0.0,,0.009900990099009901,False
sn1,10,48,,0.0,,0.009900990099009901,False
sn1,10,49,0.0029269768856465816,0.0009981955422684332,0.0003102998315194268,0.9993000699930007,False
sn1,10,50,0.03271584212779999,0.014711013116425694,8.896962057727554e-85,0.9999000099990001,True
sn1,10,51,0.21989738941192627,0.15815424641221587,8.545675845436972e-215,0.9999000099990001,True
sn1,10,52,0.005475123878568411,0.0034558469339470935,1.797268728435795e-08,0.9999000099990001,True
sn1,10,53,0.1245187371969223,0.09598146380022926,1.9268977109434936e-145,0.9999000099990001,True
sn1,10,54,0.17870528995990753,0.1389982541588956,3.581707732136151e-201,0.9999000099990001,True
sn1,10,55,,0.0,,0.009900990099009901,False
sn1,10,56,,0.0,,0.009900990099009901,False
sn1,10,57,0.041094668209552765,0.02064096104647826,5.805803201267749e-101,0.9999000099990001,True
sn1,10,58,0.14760984480381012,0.1208444134603407,9.026622259766123e-168,0.9999000099990001,True
sn1,10,59,0.04152360185980797,0.019544134060319237,1.1199388342116606e-92,0.9999000099990001,True
sn1,10,60,0.2571677267551422,0.19713270855738443,1.889752603406016e-243,0.9999000099990001,True
sn1,10,61,0.13853763043880463,0.08779848588807924,9.758840446319906e-157,0.9999000099990001,True
sn1,10,62,0.19209125638008118,0.15034301615456197,5.696784379452134e-203,0.9999000099990001,True
sn1,10,63,,0.0,,0.009900990099009901,False
layer1.1.sn2,10,0,0.23282726109027863,0.16947362884691042,2.430308005251363e-231,0.9999000099990001,True
layer1.1.sn2,10,1,0.5221538543701172,0.39299688161638274,0.0,0.9999000099990001,True
layer1.1.sn2,10,2,0.4960865080356598,0.37532041118840653,0.0,0.9999000099990001,True
layer1.1.sn2,10,3,0.16570325195789337,0.12041762103601411,1.7417365763070334e-181,0.9999000099990001,True
layer1.1.sn2,10,4,0.05634631961584091,0.05271374931010778,2.6018887345112062e-73,0.9999000099990001,True
layer1.1.sn2,10,5,0.5020986199378967,0.37518153284013844,0.0,0.9999000099990001,True
layer1.1.sn2,10,6,0.18399715423583984,0.13983318045516668,6.502668458729814e-202,0.9999000099990001,True
layer1.1.sn2,10,7,0.518136739730835,0.37713658342995604,0.0,0.9999000099990001,True
layer1.1.sn2,10,8,0.4846653342247009,0.33816538531185875,0.0,0.9999000099990001,True
layer1.1.sn2,10,9,0.35144636034965515,0.24664487882147984,1.1359393168048835e-305,0.9999000099990001,True
layer1.1.sn2,10,10,0.20781493186950684,0.1558173966286518,1.9422054179191208e-207,0.9999000099990001,True
layer1.1.sn2,10,11,0.47154030203819275,0.32997916412903927,0.0,0.9999000099990001,True
layer1.1.sn2,10,12,0.18814519047737122,0.11672886039965684,1.755917871928091e-197,0.9999000099990001,True
layer1.1.sn2,10,13,0.4050080180168152,0.2940641706734406,0.0,0.9999000099990001,True
layer1.1.sn2,10,14,0.3129195272922516,0.22307245651280555,3.996813654637991e-286,0.9999000099990001,True
layer1.1.sn2,10,15,0.25072208046913147,0.19315521101514804,1.0609469267365472e-246,0.9999000099990001,True
layer1.1.sn2,10,16,0.16740988194942474,0.12938087863043018,4.845321862522558e-181,0.9999000099990001,True
layer1.1.sn2,10,17,0.48423096537590027,0.34655962130669005,0.0,0.9999000099990001,True
layer1.1.sn2,10,18,0.20017866790294647,0.14655639571259202,4.595811342138621e-213,0.9999000099990001,True
layer1.1.sn2,10,19,0.16088733077049255,0.10248169194239463,0.0,0.9999000099990001,True
layer1.1.sn2,10,20,0.45686545968055725,0.3219914509775748,0.0,0.9999000099990001,True
layer1.1.sn2,10,21,0.1679707169532776,0.1222290875376268,2.978767032245141e-181,0.9999000099990001,True
layer1.1.sn2,10,22,0.514014720916748,0.3702882878380583,0.0,0.9999000099990001,True
layer1.1.sn2,10,23,0.33531835675239563,0.24004924592871293,2.418162773241863e-295,0.9999000099990001,True
layer1.1.sn2,10,24,0.502406120300293,0.3692655544620991,0.0,0.9999000099990001,True
layer1.1.sn2,10,25,0.513507068157196,0.36522671848444527,0.0,0.9999000099990001,True
layer1.1.sn2,10,26,0.1828758269548416,0.1258141999105574,4.328677482362584e-192,0.9999000099990001,True
layer1.1.sn2,10,27,0.42737993597984314,0.30722614735274434,0.0,0.9999000099990001,True
layer1.1.sn2,10,28,0.45791497826576233,0.30639737686437035,0.0,0.9999000099990001,True
layer1.1.sn2,10,29,0.31119611859321594,0.21667942048558464,5.481859640028203e-277,0.9999000099990001,True
layer1.1.sn2,10,30,0.20783674716949463,0.1593068264442961,4.1502553872588617e-218,0.9999000099990001,True
layer1.1.sn2,10,31,0.22066570818424225,0.13184070164059528,0.0,0.9999000099990001,True
layer1.1.sn2,10,32,0.49996450543403625,0.3785779942532991,0.0,0.9999000099990001,True
layer1.1.sn2,10,33,0.32729998230934143,0.2471556292709444,8.362702858496041e-292,0.9999000099990001,True
layer1.1.sn2,10,34,0.1974022388458252,0.1450506311299676,3.3265591019005106e-203,0.9999000099990001,True
layer1.1.sn2,10,35,0.28192904591560364,0.21507043268909784,1.8429205339894177e-267,0.9999000099990001,True
layer1.1.sn2,10,36,0.49555397033691406,0.3652941155558041,0.0,0.9999000099990001,True
layer1.1.sn2,10,37,0.516451358795166,0.3797220849940589,0.0,0.9999000099990001,True
layer1.1.sn2,10,38,0.503450334072113,0.37798271028449726,0.0,0.9999000099990001,True
layer1.1.sn2,10,39,0.5069262981414795,0.37580102366992835,0.0,0.9999000099990001,True
layer1.1.sn2,10,40,0.21829116344451904,0.14356156279722668,1.3317026539449697e-221,0.9999000099990001,True
layer1.1.sn2,10,41,0.5181798338890076,0.36893138142808063,0.0,0.9999000099990001,True
layer1.1.sn2,10,42,0.34490931034088135,0.2117560967638208,0.0,0.9999000099990001,True
layer1.1.sn2,10,43,0.24117521941661835,0.16744066027427557,1.6890946384792894e-236,0.9999000099990001,True
layer1.1.sn2,10,44,0.35437604784965515,0.22991941733729865,0.0,0.9999000099990001,True
layer1.1.sn2,10,45,0.2658720314502716,0.2003075755245042,3.969349469813283e-254,0.9999000099990001,True
layer1.1.sn2,10,46,0.2345598191022873,0.1718267161274557,2.2731257551495125e-235,0.9999000099990001,True
layer1.1.sn2,10,47,0.30636584758758545,0.2288571299310745,4.93832645579981e-278,0.9999000099990001,True
layer1.1.sn2,10,48,0.21466860175132751,0.15284366774857988,1.7017206939223275e-223,0.9999000099990001,True
layer1.1.sn2,10,49,0.4293504059314728,0.2854054776876426,0.0,0.9999000099990001,True
layer1.1.sn2,10,50,0.30853256583213806,0.21936921909641055,2.2870761929811213e-279,0.9999000099990001,True
layer1.1.sn2,10,51,0.4593105614185333,0.3309702682120649,0.0,0.9999000099990001,True
layer1.1.sn2,10,52,0.06481736898422241,0.05698107516283597,2.399371844977807e-81,0.9999000099990001,True
layer1.1.sn2,10,53,0.4619617760181427,0.33902811373052,0.0,0.9999000099990001,True
layer1.1.sn2,10,54,0.17652775347232819,0.12318046136766847,3.798692630510171e-184,0.9999000099990001,True
layer1.1.sn2,10,55,0.523970901966095,0.3754069278039752,0.0,0.9999000099990001,True
layer1.1.sn2,10,56,0.1606922596693039,0.12416582137183274,1.1991772967969106e-180,0.9999000099990001,True
layer1.1.sn2,10,57,0.4570925831794739,0.33873650389813303,0.0,0.9999000099990001,True
layer1.1.sn2,10,58,0.4888157248497009,0.3551363990589789,0.0,0.9999000099990001,True
layer1.1.sn2,10,59,0.2500154376029968,0.1919521775358039,7.316286162249331e-246,0.9999000099990001,True
layer1.1.sn2,10,60,0.4513826072216034,0.3244119390071122,0.0,0.9999000099990001,True
layer1.1.sn2,10,61,0.4727301597595215,0.33810080251851915,0.0,0.9999000099990001,True
layer1.1.sn2,10,62,0.5426945686340332,0.38102118291028786,0.0,0.9999000099990001,True
layer1.1.sn2,10,63,0.2827974259853363,0.2000274003873421,1.7822223691106585e-263,0.9999000099990001,True
layer2.1.sn2,10,0,0.36806896328926086,0.2646068489521037,5.50117544861912e-309,0.9999000099990001,True
layer2.1.sn2,10,1,0.5244600772857666,0.3847247088170799,0.0,0.9999000099990001,True
layer2.1.sn2,10,2,0.49614742398262024,0.37112120836713314,0.0,0.9999000099990001,True
layer2.1.sn2,10,3,0.25765693187713623,0.16881951836017117,0.0,0.9999000099990001,True
layer2.1.sn2,10,4,0.25706490874290466,0.17445557323181185,0.0,0.9999000099990001,True
layer2.1.sn2,10,5,0.2789921760559082,0.20505310542215235,1.0117641030163433e-263,0.9999000099990001,True
layer2.1.sn2,10,6,0.4798673093318939,0.34729372586843354,0.0,0.9999000099990001,True
layer2.1.sn2,10,7,0.19340035319328308,0.1403911530156976,6.453042214597446e-201,0.9999000099990001,True
layer2.1.sn2,10,8,0.5814664363861084,0.3984398927674514,0.0,0.9999000099990001,True
layer2.1.sn2,10,9,0.11600539088249207,0.09099366544370407,8.964021558790725e-137,0.9999000099990001,True
layer2.1.sn2,10,10,0.33991459012031555,0.25431596363574804,1.9273443056464106e-305,0.9999000099990001,True
layer2.1.sn2,10,11,0.516964852809906,0.38096996296221086,0.0,0.9999000099990001,True
layer2.1.sn2,10,12,0.4886411428451538,0.3277912854689298,0.0,0.9999000099990001,True
layer2.1.sn2,10,13,0.2020401805639267,0.1568490822287888,2.6069840766831334e-210,0.9999000099990001,True
layer2.1.sn2,10,14,0.279480904340744,0.19533497657815097,4.688709848947996e-266,0.9999000099990001,True
layer2.1.sn2,10,15,0.11691513657569885,0.10167618129178946,4.4422389173031366e-132,0.9999000099990001,True
layer2.1.sn2,10,16,0.28102385997772217,0.21094713822667735,6.1348358262952595e-267,0.9999000099990001,True
layer2.1.sn2,10,17,0.4827435314655304,0.34085473646265785,0.0,0.9999000099990001,True
layer2.1.sn2,10,18,0.19092746078968048,0.14622838770062407,3.045867270451877e-197,0.9999000099990001,True
layer2.1.sn2,10,19,0.5270841717720032,0.38606138404152157,0.0,0.9999000099990001,True
layer2.1.sn2,10,20,0.3620992600917816,0.2605283432405321,2.4403183085463415e-307,0.9999000099990001,True
layer2.1.sn2,10,21,0.20989841222763062,0.14063884787616757,1.5886921707121883e-217,0.9999000099990001,True
layer2.1.sn2,10,22,0.28215986490249634,0.1967835912379886,5.816677938082432e-265,0.9999000099990001,True
layer2.1.sn2,10,23,0.488285630941391,0.35357110023103405,0.0,0.9999000099990001,True
layer2.1.sn2,10,24,0.33203065395355225,0.25569030451725816,1.6283819949026684e-291,0.9999000099990001,True
layer2.1.sn2,10,25,0.4663356840610504,0.3402970817833397,0.0,0.9999000099990001,True
layer2.1.sn2,10,26,0.47461506724357605,0.3300439323351099,0.0,0.9999000099990001,True
layer2.1.sn2,10,27,0.41757866740226746,0.30322447945397,0.0,0.9999000099990001,True
layer2.1.sn2,10,28,0.5214844942092896,0.38317851572824324,0.0,0.9999000099990001,True
layer2.1.sn2,10,29,0.28097161650657654,0.22118400286438786,2.8701529235481903e-267,0.9999000099990001,True
layer2.1.sn2,10,30,0.4502071440219879,0.3128502011564743,0.0,0.9999000099990001,True
layer2.1.sn2,10,31,0.2583330273628235,0.1701560974048656,4.8706933772498645e-253,0.9999000099990001,True
layer2.1.sn2,10,32,0.07487224042415619,0.0631994186765074,1.0185673843890048e-93,0.9999000099990001,True
layer2.1.sn2,10,33,0.39122721552848816,0.2619068323599756,0.0,0.9999000099990001,True
layer2.1.sn2,10,34,0.22486820816993713,0.16402028527771642,5.1130315309073915e-222,0.9999000099990001,True
layer2.1.sn2,10,35,0.5283206701278687,0.39202441770869184,0.0,0.9999000099990001,True
layer2.1.sn2,10,36,0.3788013458251953,0.24395061288540226,0.0,0.9999000099990001,True
layer2.1.sn2,10,37,0.33209657669067383,0.22976936105457813,2.251462010498433e-290,0.9999000099990001,True
layer2.1.sn2,10,38,0.38614198565483093,0.2740658674141436,0.0,0.9999000099990001,True
layer2.1.sn2,10,39,0.37651580572128296,0.27870079345617654,0.0,0.9999000099990001,True
layer2.1.sn2,10,40,0.42689403891563416,0.3178054022441937,0.0,0.9999000099990001,True
layer2.1.sn2,10,41,0.28529345989227295,0.20801296380803422,4.059391532048792e-263,0.9999000099990001,True
layer2.1.sn2,10,42,0.572326123714447,0.43052212603141504,0.0,0.9999000099990001,True
layer2.1.sn2,10,43,0.19526319205760956,0.1456864320511374,1.88961174997752e-203,0.9999000099990001,True
layer2.1.sn2,10,44,0.48392972350120544,0.3420820297555527,0.0,0.9999000099990001,True
layer2.1.sn2,10,45,0.5599277019500732,0.38449052987120724,0.0,0.9999000099990001,True
layer2.1.sn2,10,46,0.4414893388748169,0.3213198360281605,0.0,0.9999000099990001,True
layer2.1.sn2,10,47,0.39343369007110596,0.2885006512328461,0.0,0.9999000099990001,True
layer2.1.sn2,10,48,0.49810275435447693,0.3686737469763902,0.0,0.9999000099990001,True
layer2.1.sn2,10,49,0.39397719502449036,0.27207060580806564,0.0,0.9999000099990001,True
layer2.1.sn2,10,50,0.24635718762874603,0.1805928635394009,5.206133880062856e-241,0.9999000099990001,True
layer2.1.sn2,10,51,0.4983595609664917,0.37215662539677635,0.0,0.9999000099990001,True
layer2.1.sn2,10,52,0.4144380986690521,0.33038601564209386,0.0,0.9999000099990001,True
layer2.1.sn2,10,53,0.2469141036272049,0.18134285178070614,1.233737350682367e-238,0.9999000099990001,True
layer2.1.sn2,10,54,0.44676685333251953,0.3232506410828651,0.0,0.9999000099990001,True
layer2.1.sn2,10,55,0.5235524773597717,0.39973492068764027,0.0,0.9999000099990001,True
layer2.1.sn2,10,56,0.312103271484375,0.21891773600832265,3.633085642957762e-279,0.9999000099990001,True
layer2.1.sn2,10,57,0.3774399161338806,0.28120216286823474,0.0,0.9999000099990001,True
layer2.1.sn2,10,58,0.2587689459323883,0.164566353446684,0.0,0.9999000099990001,True
layer2.1.sn2,10,59,0.35550618171691895,0.2697071265941181,9.709957577675867e-307,0.9999000099990001,True
layer2.1.sn2,10,60,0.437493234872818,0.3434845520476525,0.0,0.9999000099990001,True
layer2.1.sn2,10,61,0.2950459122657776,0.19161556774259805,9.754168782625036e-277,0.9999000099990001,True
layer2.1.sn2,10,62,0.5123981833457947,0.36755870887738296,0.0,0.9999000099990001,True
layer2.1.sn2,10,63,0.5878164768218994,0.4015823058720738,0.0,0.9999000099990001,True
layer2.1.sn2,10,64,0.34392979741096497,0.26856291601796,3.060394613078251e-305,0.9999000099990001,True
layer2.1.sn2,10,65,0.257736474275589,0.20809049214044595,6.002295757967628e-247,0.9999000099990001,True
layer2.1.sn2,10,66,0.35302937030792236,0.2641258315831607,2.8070835672025326e-304,0.9999000099990001,True
layer2.1.sn2,10,67,0.29394295811653137,0.21367567155592615,2.7251607803506555e-269,0.9999000099990001,True
layer2.1.sn2,10,68,0.1750907450914383,0.11629585877212932,8.058352243587329e-190,0.9999000099990001,True
layer2.1.sn2,10,69,0.4837370812892914,0.36539320152818533,0.0,0.9999000099990001,True
layer2.1.sn2,10,70,0.29407110810279846,0.2165562075166273,9.38355732709373e-274,0.9999000099990001,True
layer2.1.sn2,10,71,0.167761892080307,0.13246396174931813,5.825228897975658e-191,0.9999000099990001,True
layer2.1.sn2,10,72,0.5000744462013245,0.3683577538549947,0.0,0.9999000099990001,True
layer2.1.sn2,10,73,0.5491607785224915,0.40685611715722036,0.0,0.9999000099990001,True
layer2.1.sn2,10,74,0.25282034277915955,0.1819095416878161,5.288171842931097e-247,0.9999000099990001,True
layer2.1.sn2,10,75,0.15314440429210663,0.11372953145568622,2.2373621359118436e-163,0.9999000099990001,True
layer2.1.sn2,10,76,0.24963712692260742,0.20356511039070332,4.452288233941774e-240,0.9999000099990001,True
layer2.1.sn2,10,77,0.2387264221906662,0.1530652498527753,2.6013134554431685e-233,0.9999000099990001,True
layer2.1.sn2,10,78,0.5082330703735352,0.3893058116353235,0.0,0.9999000099990001,True
layer2.1.sn2,10,79,0.5037611126899719,0.35650756959887653,0.0,0.9999000099990001,True
layer2.1.sn2,10,80,0.5003256797790527,0.3815222707454731,0.0,0.9999000099990001,True
layer2.1.sn2,10,81,0.39545854926109314,0.2909260979369942,0.0,0.9999000099990001,True
layer2.1.sn2,10,82,0.3559020459651947,0.24596610347478978,2.763102201825101e-306,0.9999000099990001,True
layer2.1.sn2,10,83,0.44918307662010193,0.32200381022804614,0.0,0.9999000099990001,True
layer2.1.sn2,10,84,0.378311425447464,0.27325823415464473,0.0,0.9999000099990001,True
layer2.1.sn2,10,85,0.4812263250350952,0.36794056111520057,0.0,0.9999000099990001,True
layer2.1.sn2,10,86,0.4692545533180237,0.3503417609619601,0.0,0.9999000099990001,True
layer2.1.sn2,10,87,0.46181216835975647,0.3493741622776718,0.0,0.9999000099990001,True
layer2.1.sn2,10,88,0.36252710223197937,0.24316155976568923,0.0,0.9999000099990001,True
layer2.1.sn2,10,89,0.4446426033973694,0.3016082530845498,0.0,0.9999000099990001,True
layer2.1.sn2,10,90,0.19284489750862122,0.14417384482990014,3.852755876307036e-198,0.9999000099990001,True
layer2.1.sn2,10,91,0.164685919880867,0.12563587296292877,3.431386348760397e-177,0.9999000099990001,True
layer2.1.sn2,10,92,0.4155037999153137,0.2735332238944248,0.0,0.9999000099990001,True
layer2.1.sn2,10,93,0.4969404637813568,0.37729230086932974,0.0,0.9999000099990001,True
layer2.1.sn2,10,94,0.44470757246017456,0.29871062753678057,0.0,0.9999000099990001,True
layer2.1.sn2,10,95,0.44746455550193787,0.31702700038821235,0.0,0.9999000099990001,True
layer2.1.sn2,10,96,0.39021262526512146,0.32552789955598377,0.0,0.9999000099990001,True
layer2.1.sn2,10,97,0.1289597451686859,0.11089500322861696,5.535612905435431e-148,0.9999000099990001,True
layer2.1.sn2,10,98,0.5337338447570801,0.3996145985571445,0.0,0.9999000099990001,True
layer2.1.sn2,10,99,0.2210570126771927,0.158653087082308,2.437212860080195e-221,0.9999000099990001,True
layer2.1.sn2,10,100,0.16266843676567078,0.12107777160799546,7.691733842261543e-182,0.9999000099990001,True
layer2.1.sn2,10,101,0.28316688537597656,0.1806943337873798,0.0,0.9999000099990001,True
layer2.1.sn2,10,102,0.19618208706378937,0.15886606758977864,1.7990361637161343e-202,0.9999000099990001,True
layer2.1.sn2,10,103,0.5429960489273071,0.4093373890573983,0.0,0.9999000099990001,True
layer2.1.sn2,10,104,0.4309167265892029,0.3085792897762475,0.0,0.9999000099990001,True
layer2.1.sn2,10,105,0.24207445979118347,0.1647058353944029,1.6592048960239719e-236,0.9999000099990001,True
layer2.1.sn2,10,106,0.4374232292175293,0.32159716493929574,0.0,0.9999000099990001,True
layer2.1.sn2,10,107,0.45692604780197144,0.35164612286768515,0.0,0.9999000099990001,True
layer2.1.sn2,10,108,0.5723516941070557,0.3908206690630621,0.0,0.9999000099990001,True
layer2.1.sn2,10,109,0.383508563041687,0.26175780485381833,0.0,0.9999000099990001,True
layer2.1.sn2,10,110,0.500969409942627,0.37617741108276903,0.0,0.9999000099990001,True
layer2.1.sn2,10,111,0.26001104712486267,0.19200224171596217,5.969311957884728e-245,0.9999000099990001,True
layer2.1.sn2,10,112,0.423633337020874,0.2972145564075127,0.0,0.9999000099990001,True
layer2.1.sn2,10,113,0.3073599338531494,0.20193193770055354,0.0,0.9999000099990001,True
layer2.1.sn2,10,114,0.2522691488265991,0.17901298195281304,7.61567975785028e-250,0.9999000099990001,True
layer2.1.sn2,10,115,0.3445351719856262,0.2553041611390279,1.8056994423355032e-302,0.9999000099990001,True
layer2.1.sn2,10,116,0.1840805858373642,0.15399109701871416,1.770799856542297e-194,0.9999000099990001,True
layer2.1.sn2,10,117,0.3330259919166565,0.27231435670811727,5.559164824250107e-292,0.9999000099990001,True
layer2.1.sn2,10,118,0.2169780433177948,0.1615818572149578,7.30836490689466e-223,0.9999000099990001,True
layer2.1.sn2,10,119,0.11050407588481903,0.08516853378743205,3.6315550195104474e-129,0.9999000099990001,True
layer2.1.sn2,10,120,0.1570950448513031,0.11431284349514116,2.4311587350900407e-179,0.9999000099990001,True
layer2.1.sn2,10,121,0.06709019094705582,0.054759583478585845,7.127191873436251e-85,0.9999000099990001,True
layer2.1.sn2,10,122,0.16167855262756348,0.12777668636805564,2.3849740839779294e-180,0.9999000099990001,True
layer2.1.sn2,10,123,0.04948385804891586,0.04450249091148765,2.474569016202191e-66,0.9999000099990001,True
layer2.1.sn2,10,124,0.20967447757720947,0.15597186805534696,2.3862402435974886e-215,0.9999000099990001,True
layer2.1.sn2,10,125,0.4127277731895447,0.30260364392365424,0.0,0.9999000099990001,True
layer2.1.sn2,10,126,0.5734826326370239,0.4238810373022055,0.0,0.9999000099990001,True
layer2.1.sn2,10,127,0.2826984226703644,0.2152468523983565,3.7562323387175875e-267,0.9999000099990001,True
layer3.1.sn2,10,0,0.4948614835739136,0.3787872926931436,0.0,0.9999000099990001,True
layer3.1.sn2,10,1,0.2857949435710907,0.2008184368360961,0.0,0.9999000099990001,True
layer3.1.sn2,10,2,0.21888650953769684,0.21586124620581426,1.679459036353452e-220,0.9999000099990001,True
layer3.1.sn2,10,3,0.15107227861881256,0.12190441441137814,4.96300833091607e-165,0.9999000099990001,True
layer3.1.sn2,10,4,0.4278077483177185,0.29465864731054753,0.0,0.9999000099990001,True
layer3.1.sn2,10,5,0.381462037563324,0.2956286776233183,0.0,0.9999000099990001,True
layer3.1.sn2,10,6,0.4333385229110718,0.2990824527020481,0.0,0.9999000099990001,True
layer3.1.sn2,10,7,0.5558210611343384,0.38253413718703644,0.0,0.9999000099990001,True
layer3.1.sn2,10,8,0.4002949893474579,0.2734990883608608,0.0,0.9999000099990001,True
layer3.1.sn2,10,9,0.18164043128490448,0.12656095051350685,0.0,0.9999000099990001,True
layer3.1.sn2,10,10,0.3549785315990448,0.28471759642455335,1.625179016734118e-297,0.9999000099990001,True
layer3.1.sn2,10,11,0.5340437293052673,0.3693320159125813,0.0,0.9999000099990001,True
layer3.1.sn2,10,12,0.26404330134391785,0.22654740698122403,1.234417548379178e-258,0.9999000099990001,True
layer3.1.sn2,10,13,0.48167699575424194,0.3325715728144092,0.0,0.9999000099990001,True
layer3.1.sn2,10,14,0.5949728488922119,0.40992427083617444,0.0,0.9999000099990001,True
layer3.1.sn2,10,15,0.5751412510871887,0.39482579888002234,0.0,0.9999000099990001,True
layer3.1.sn2,10,16,0.539289116859436,0.3693839788712014,0.0,0.9999000099990001,True
layer3.1.sn2,10,17,0.29456305503845215,0.2032544995507221,0.0,0.9999000099990001,True
layer3.1.sn2,10,18,0.41268980503082275,0.3240952160982497,0.0,0.9999000099990001,True
layer3.1.sn2,10,19,0.3412182629108429,0.2668740835957634,2.774971337599556e-300,0.9999000099990001,True
layer3.1.sn2,10,20,0.1485031098127365,0.11308814734899796,6.766671876555554e-170,0.9999000099990001,True
layer3.1.sn2,10,21,0.3955616056919098,0.3067164275579231,0.0,0.9999000099990001,True
layer3.1.sn2,10,22,0.3571809232234955,0.2781076427446411,4.332963833144906e-304,0.9999000099990001,True
layer3.1.sn2,10,23,0.4064694046974182,0.3233674099532967,0.0,0.9999000099990001,True
layer3.1.sn2,10,24,0.3407348692417145,0.23555616845538274,0.0,0.9999000099990001,True
layer3.1.sn2,10,25,0.5038700103759766,0.4065352620631104,0.0,0.9999000099990001,True
layer3.1.sn2,10,26,0.48861178755760193,0.37905194455241675,0.0,0.9999000099990001,True
layer3.1.sn2,10,27,0.293612539768219,0.24638660284829816,2.176340669533069e-269,0.9999000099990001,True
layer3.1.sn2,10,28,0.4363804757595062,0.29516709285437204,0.0,0.9999000099990001,True
layer3.1.sn2,10,29,0.34667664766311646,0.24088677011815685,0.0,0.9999000099990001,True
layer3.1.sn2,10,30,0.5279209613800049,0.36387119557969705,0.0,0.9999000099990001,True
layer3.1.sn2,10,31,0.5235786437988281,0.3591454480572105,0.0,0.9999000099990001,True
layer3.1.sn2,10,32,0.5436499714851379,0.37523167639759447,0.0,0.9999000099990001,True
layer3.1.sn2,10,33,0.47838249802589417,0.3295857118868415,0.0,0.9999000099990001,True
layer3.1.sn2,10,34,0.20810841023921967,0.17603315801374742,1.3006148873337157e-212,0.9999000099990001,True
layer3.1.sn2,10,35,0.22273442149162292,0.18904029369562841,2.0938792741430535e-224,0.9999000099990001,True
layer3.1.sn2,10,36,0.5389481782913208,0.3716038306789181,0.0,0.9999000099990001,True
layer3.1.sn2,10,37,0.47400209307670593,0.3239269444786175,0.0,0.9999000099990001,True
layer3.1.sn2,10,38,0.6213132739067078,0.42690920001495924,0.0,0.9999000099990001,True
layer3.1.sn2,10,39,0.38290393352508545,0.2649049699430751,0.0,0.9999000099990001,True
layer3.1.sn2,10,40,0.37334921956062317,0.2555954718508348,0.0,0.9999000099990001,True
layer3.1.sn2,10,41,0.40129297971725464,0.2837498867785433,0.0,0.9999000099990001,True
layer3.1.sn2,10,42,0.19602322578430176,0.14372063757790743,1.5968206185906378e-205,0.9999000099990001,True
layer3.1.sn2,10,43,0.5648393034934998,0.3887881154740886,0.0,0.9999000099990001,True
layer3.1.sn2,10,44,0.17943018674850464,0.1518208508724596,7.1908696396290765e-196,0.9999000099990001,True
layer3.1.sn2,10,45,0.5020591616630554,0.3837480068478772,0.0,0.9999000099990001,True
layer3.1.sn2,10,46,0.4748823344707489,0.3670517359326657,0.0,0.9999000099990001,True
layer3.1.sn2,10,47,0.5444645285606384,0.37534575641962015,0.0,0.9999000099990001,True
layer3.1.sn2,10,48,0.42053085565567017,0.315459085621904,0.0,0.9999000099990001,True
layer3.1.sn2,10,49,0.5221917629241943,0.3594663242108551,0.0,0.9999000099990001,True
layer3.1.sn2,10,50,0.32146114110946655,0.22158894634130305,0.0,0.9999000099990001,True
layer3.1.sn2,10,51,0.5164106488227844,0.39073332732172056,0.0,0.9999000099990001,True
layer3.1.sn2,10,52,0.5715777277946472,0.39371852865912327,0.0,0.9999000099990001,True
layer3.1.sn2,10,53,0.507755696773529,0.3926183492394508,0.0,0.9999000099990001,True
layer3.1.sn2,10,54,0.539229154586792,0.3728856381690383,0.0,0.9999000099990001,True
layer3.1.sn2,10,55,0.3120410144329071,0.24291357584647738,6.478608636398261e-279,0.9999000099990001,True
layer3.1.sn2,10,56,0.45204612612724304,0.36073285760182394,0.0,0.9999000099990001,True
layer3.1.sn2,10,57,0.29856380820274353,0.20157380479322928,0.0,0.9999000099990001,True
layer3.1.sn2,10,58,0.4769571125507355,0.3844593361870815,0.0,0.9999000099990001,True
layer3.1.sn2,10,59,0.2663055956363678,0.2207901781130847,2.353357293409068e-258,0.9999000099990001,True
layer3.1.sn2,10,60,0.27813756465911865,0.2088592306132617,5.3680084902034826e-257,0.9999000099990001,True
layer3.1.sn2,10,61,0.48068493604660034,0.33221446755019235,0.0,0.9999000099990001,True
layer3.1.sn2,10,62,0.5326188206672668,0.36770200983102885,0.0,0.9999000099990001,True
layer3.1.sn2,10,63,0.4383500814437866,0.3491881274103682,0.0,0.9999000099990001,True
layer3.1.sn2,10,64,0.45684120059013367,0.37624494358869237,0.0,0.9999000099990001,True
layer3.1.sn2,10,65,0.17950096726417542,0.15605046137181344,6.805619413838627e-195,0.9999000099990001,True
layer3.1.sn2,10,66,0.3273073136806488,0.22832469769764463,0.0,0.9999000099990001,True
layer3.1.sn2,10,67,0.5628414154052734,0.38726815067628423,0.0,0.9999000099990001,True
layer3.1.sn2,10,68,0.560977041721344,0.3836785272028459,0.0,0.9999000099990001,True
layer3.1.sn2,10,69,0.5721295475959778,0.39266191993585353,0.0,0.9999000099990001,True
layer3.1.sn2,10,70,0.1581781953573227,0.13874869134177154,4.8505331373942975e-175,0.9999000099990001,True
layer3.1.sn2,10,71,0.24434006214141846,0.19607834630764448,1.9230448048981315e-237,0.9999000099990001,True
layer3.1.sn2,10,72,0.453578919172287,0.31005653142047673,0.0,0.9999000099990001,True
layer3.1.sn2,10,73,0.4454687237739563,0.30857051895099663,0.0,0.9999000099990001,True
layer3.1.sn2,10,74,0.5598710775375366,0.38708576500178615,0.0,0.9999000099990001,True
layer3.1.sn2,10,75,0.42743003368377686,0.33130451312546677,0.0,0.9999000099990001,True
layer3.1.sn2,10,76,0.3575758635997772,0.27532566475814674,1.2560220424108657e-307,0.9999000099990001,True
layer3.1.sn2,10,77,0.5842304229736328,0.3993123756306154,0.0,0.9999000099990001,True
layer3.1.sn2,10,78,0.4497874677181244,0.35054152309681874,0.0,0.9999000099990001,True
layer3.1.sn2,10,79,0.31704914569854736,0.27088915654213197,9.402204037127909e-288,0.9999000099990001,True
layer3.1.sn2,10,80,0.1839398890733719,0.1288479835620242,0.0,0.9999000099990001,True
layer3.1.sn2,10,81,0.19317255914211273,0.1462322704488489,2.5506850468118878e-194,0.9999000099990001,True
layer3.1.sn2,10,82,0.6115556955337524,0.423161515789637,0.0,0.9999000099990001,True
layer3.1.sn2,10,83,0.16378065943717957,0.1323659233596595,2.276144924484901e-181,0.9999000099990001,True
layer3.1.sn2,10,84,0.5625304579734802,0.38603346977389896,0.0,0.9999000099990001,True
layer3.1.sn2,10,85,0.2446390837430954,0.19216947671710294,4.8560209284832345e-236,0.9999000099990001,True
layer3.1.sn2,10,86,0.5661374926567078,0.3892623849951955,0.0,0.9999000099990001,True
layer3.1.sn2,10,87,0.5686798095703125,0.39007586540326744,0.0,0.9999000099990001,True
layer3.1.sn2,10,88,0.2782605290412903,0.19395902140044502,0.0,0.9999000099990001,True
layer3.1.sn2,10,89,0.2251969873905182,0.17437806924220367,7.078646287822189e-226,0.9999000099990001,True
layer3.1.sn2,10,90,0.19444411993026733,0.1441142009587511,1.8960714669842483e-206,0.9999000099990001,True
layer3.1.sn2,10,91,0.3271375000476837,0.26152111528249,4.055766526370784e-285,0.9999000099990001,True
layer3.1.sn2,10,92,0.26548588275909424,0.2143257025450431,1.2552650883590905e-254,0.9999000099990001,True
layer3.1.sn2,10,93,0.26589635014533997,0.17596878992342627,0.0,0.9999000099990001,True
layer3.1.sn2,10,94,0.5958184599876404,0.41049133300115803,0.0,0.9999000099990001,True
layer3.1.sn2,10,95,0.36741358041763306,0.30229797767184696,0.0,0.9999000099990001,True
layer3.1.sn2,10,96,0.09717117249965668,0.08723469171179393,2.527751886185003e-116,0.9999000099990001,True
layer3.1.sn2,10,97,0.2664175033569336,0.20276589692668767,1.6090598404032314e-254,0.9999000099990001,True
layer3.1.sn2,10,98,0.2867731750011444,0.19795829674551668,0.0,0.9999000099990001,True
layer3.1.sn2,10,99,0.2308957725763321,0.20218858685626168,6.768184811940865e-233,0.9999000099990001,True
layer3.1.sn2,10,100,0.39537373185157776,0.2999822927221529,0.0,0.9999000099990001,True
layer3.1.sn2,10,101,0.4839298129081726,0.3281602557676957,0.0,0.9999000099990001,True
layer3.1.sn2,10,102,0.43535730242729187,0.33752592026355044,0.0,0.9999000099990001,True
layer3.1.sn2,10,103,0.49913838505744934,0.379735057082919,0.0,0.9999000099990001,True
layer3.1.sn2,10,104,0.2897125482559204,0.2164569296763793,7.522393951337495e-269,0.9999000099990001,True
layer3.1.sn2,10,105,0.3427124619483948,0.2786120109513348,5.71048260284498e-296,0.9999000099990001,True
layer3.1.sn2,10,106,0.23660492897033691,0.15888340943019086,0.0,0.9999000099990001,True
layer3.1.sn2,10,107,0.5011358857154846,0.39235412837727557,0.0,0.9999000099990001,True
layer3.1.sn2,10,108,0.5571497082710266,0.3830361876481443,0.0,0.9999000099990001,True
layer3.1.sn2,10,109,0.4358924925327301,0.30090932787271374,0.0,0.9999000099990001,True
layer3.1.sn2,10,110,0.5206357836723328,0.35848310166651975,0.0,0.9999000099990001,True
layer3.1.sn2,10,111,0.39289313554763794,0.30921580547718625,0.0,0.9999000099990001,True
layer3.1.sn2,10,112,0.16552768647670746,0.10825924580951227,0.0,0.9999000099990001,True
layer3.1.sn2,10,113,0.35984712839126587,0.32852103906012886,2.0579526888451187e-308,0.9999000099990001,True
layer3.1.sn2,10,114,0.21929265558719635,0.17077625984083522,6.5767648193520084e-223,0.9999000099990001,True
layer3.1.sn2,10,115,0.1967916637659073,0.14775337260851587,6.804797232199639e-210,0.9999000099990001,True
layer3.1.sn2,10,116,0.16322430968284607,0.12646954466922528,3.0272414624858546e-177,0.9999000099990001,True
layer3.1.sn2,10,117,0.49538037180900574,0.39824800475559163,0.0,0.9999000099990001,True
layer3.1.sn2,10,118,0.38430383801460266,0.29306008883847934,0.0,0.9999000099990001,True
layer3.1.sn2,10,119,0.26361212134361267,0.1826774787751565,0.0,0.9999000099990001,True
layer3.1.sn2,10,120,0.29510435461997986,0.23415489540691842,4.34645485947946e-276,0.9999000099990001,True
layer3.1.sn2,10,121,0.5815899968147278,0.39878218300430013,0.0,0.9999000099990001,True
layer3.1.sn2,10,122,0.36142972111701965,0.2846326594543081,2.02940137466545e-310,0.9999000099990001,True
layer3.1.sn2,10,123,0.23756027221679688,0.18213192392542518,5.03893233977334e-241,0.9999000099990001,True
layer3.1.sn2,10,124,0.3964870572090149,0.2720721433642807,0.0,0.9999000099990001,True
layer3.1.sn2,10,125,0.2971612811088562,0.2282808773111214,1.0319025068464214e-284,0.9999000099990001,True
layer3.1.sn2,10,126,0.3825571835041046,0.2643914475038911,0.0,0.9999000099990001,True
layer3.1.sn2,10,127,0.5216874480247498,0.3593802235356879,0.0,0.9999000099990001,True
layer3.1.sn2,10,128,0.46995511651039124,0.3784987643246346,0.0,0.9999000099990001,True
layer3.1.sn2,10,129,0.5794739723205566,0.3986500649910719,0.0,0.9999000099990001,True
layer3.1.sn2,10,130,0.44965213537216187,0.3661486926703712,0.0,0.9999000099990001,True
layer3.1.sn2,10,131,0.1887139081954956,0.14701433778395823,4.5537984248634644e-192,0.9999000099990001,True
layer3.1.sn2,10,132,0.47912052273750305,0.3636462646529708,0.0,0.9999000099990001,True
layer3.1.sn2,10,133,0.23305422067642212,0.1667994567182846,2.153301644415194e-227,0.9999000099990001,True
layer3.1.sn2,10,134,0.5403205156326294,0.3764932677721057,0.0,0.9999000099990001,True
layer3.1.sn2,10,135,0.5881334543228149,0.4027117956113899,0.0,0.9999000099990001,True
layer3.1.sn2,10,136,0.12526263296604156,0.09517827787213948,9.419003637983441e-144,0.9999000099990001,True
layer3.1.sn2,10,137,0.2948946952819824,0.20475163271693408,0.0,0.9999000099990001,True
layer3.1.sn2,10,138,0.2365676909685135,0.18395928734998993,4.237645412400988e-238,0.9999000099990001,True
layer3.1.sn2,10,139,0.4980209767818451,0.37194496815104416,0.0,0.9999000099990001,True
layer3.1.sn2,10,140,0.4333014190196991,0.3383181245767437,0.0,0.9999000099990001,True
layer3.1.sn2,10,141,0.2826957106590271,0.18921257263064226,0.0,0.9999000099990001,True
layer3.1.sn2,10,142,0.34869760274887085,0.3006287567315563,4.452927292551111e-299,0.9999000099990001,True
layer3.1.sn2,10,143,0.3334674835205078,0.2726615322789202,8.831260772630678e-289,0.9999000099990001,True
layer3.1.sn2,10,144,0.14729194343090057,0.12418950355433306,2.0030994023459828e-169,0.9999000099990001,True
layer3.1.sn2,10,145,0.27199089527130127,0.20909676678165473,1.017333938151468e-257,0.9999000099990001,True
layer3.1.sn2,10,146,0.21354858577251434,0.14221859667363973,0.0,0.9999000099990001,True
layer3.1.sn2,10,147,0.40126293897628784,0.3606878915941971,0.0,0.9999000099990001,True
layer3.1.sn2,10,148,0.4980071783065796,0.3414956928296905,0.0,0.9999000099990001,True
layer3.1.sn2,10,149,0.34645822644233704,0.26972009361271465,8.149514908016863e-298,0.9999000099990001,True
layer3.1.sn2,10,150,0.24862739443778992,0.19234879231569657,2.0349627967645716e-246,0.9999000099990001,True
layer3.1.sn2,10,151,,0.26300159337087886,,0.9900990099009901,False
layer3.1.sn2,10,152,0.24213705956935883,0.19492087445064904,8.803924484137917e-245,0.9999000099990001,True
layer3.1.sn2,10,153,0.39492979645729065,0.33483670118973424,0.0,0.9999000099990001,True
layer3.1.sn2,10,154,0.46416211128234863,0.3534240797877253,0.0,0.9999000099990001,True
layer3.1.sn2,10,155,0.25246140360832214,0.17374581089833926,0.0,0.9999000099990001,True
layer3.1.sn2,10,156,0.28726255893707275,0.22079525308232695,1.117939901681985e-264,0.9999000099990001,True
layer3.1.sn2,10,157,0.4781849682331085,0.3295578868174074,0.0,0.9999000099990001,True
layer3.1.sn2,10,158,0.3033682405948639,0.2286080503836047,8.533088772603172e-274,0.9999000099990001,True
layer3.1.sn2,10,159,0.13141843676567078,0.11181555813088302,9.782222077695792e-147,0.9999000099990001,True
layer3.1.sn2,10,160,0.5387946367263794,0.37074584949442296,0.0,0.9999000099990001,True
layer3.1.sn2,10,161,0.5122084617614746,0.34943468110240056,0.0,0.9999000099990001,True
layer3.1.sn2,10,162,0.22746026515960693,0.1878275439334503,1.6596757079177e-236,0.9999000099990001,True
layer3.1.sn2,10,163,0.2902144491672516,0.22991241852053929,2.0434771530622946e-268,0.9999000099990001,True
layer3.1.sn2,10,164,0.19273783266544342,0.15291678582502785,3.3546124376576234e-202,0.9999000099990001,True
layer3.1.sn2,10,165,0.32509854435920715,0.269495186702262,4.470371505380627e-285,0.9999000099990001,True
layer3.1.sn2,10,166,0.15238787233829498,0.11498020484753088,5.7230969184477136e-167,0.9999000099990001,True
layer3.1.sn2,10,167,0.4963532090187073,0.37365688053794144,0.0,0.9999000099990001,True
layer3.1.sn2,10,168,0.4742792546749115,0.37157765702000595,0.0,0.9999000099990001,True
layer3.1.sn2,10,169,0.3839814066886902,0.3041407081254752,0.0,0.9999000099990001,True
layer3.1.sn2,10,170,0.3343835473060608,0.22837155872395454,0.0,0.9999000099990001,True
layer3.1.sn2,10,171,0.44109171628952026,0.35779610583416566,0.0,0.9999000099990001,True
layer3.1.sn2,10,172,0.42926108837127686,0.3480736279250323,0.0,0.9999000099990001,True
layer3.1.sn2,10,173,0.4432476758956909,0.30452863872579045,0.0,0.9999000099990001,True
layer3.1.sn2,10,174,0.45544350147247314,0.3888747243444478,0.0,0.9999000099990001,True
layer3.1.sn2,10,175,0.489888459444046,0.38013467916553156,0.0,0.9999000099990001,True
layer3.1.sn2,10,176,0.49097707867622375,0.3852608288131596,0.0,0.9999000099990001,True
layer3.1.sn2,10,177,0.19007910788059235,0.12958234069928903,0.0,0.9999000099990001,True
layer3.1.sn2,10,178,0.24389168620109558,0.19078764368115733,6.183279809450145e-244,0.9999000099990001,True
layer3.1.sn2,10,179,0.34773796796798706,0.2774192570162086,1.1120251268788737e-300,0.9999000099990001,True
layer3.1.sn2,10,180,0.24884575605392456,0.19674892129907773,1.8301079559726002e-239,0.9999000099990001,True
layer3.1.sn2,10,181,0.11944638192653656,0.10672704567344374,2.2630853211399769e-144,0.9999000099990001,True
layer3.1.sn2,10,182,0.15082421898841858,0.12006478276416407,2.2278067776528693e-163,0.9999000099990001,True
layer3.1.sn2,10,183,0.3651457726955414,0.25241325428072386,0.0,0.9999000099990001,True
layer3.1.sn2,10,184,0.4241287410259247,0.3420754992519337,0.0,0.9999000099990001,True
layer3.1.sn2,10,185,0.49689051508903503,0.3834529809524265,0.0,0.9999000099990001,True
layer3.1.sn2,10,186,0.25655198097229004,0.21107132384256264,7.768434263752454e-248,0.9999000099990001,True
layer3.1.sn2,10,187,0.20721198618412018,0.14276545200920382,0.0,0.9999000099990001,True
layer3.1.sn2,10,188,0.18133684992790222,0.1262377945300019,0.0,0.9999000099990001,True
layer3.1.sn2,10,189,0.2928242087364197,0.24572259318586567,1.8737867209327675e-263,0.9999000099990001,True
layer3.1.sn2,10,190,0.36331209540367126,0.2846723985812668,3.571939562353057e-307,0.9999000099990001,True
layer3.1.sn2,10,191,0.4433678984642029,0.3013892767490167,0.0,0.9999000099990001,True
layer3.1.sn2,10,192,0.24088193476200104,0.19539424101313785,2.0144683196207483e-237,0.9999000099990001,True
layer3.1.sn2,10,193,0.4787342846393585,0.31622003160547296,0.0,0.9999000099990001,True
layer3.1.sn2,10,194,0.2771260142326355,0.19008156792461883,0.0,0.9999000099990001,True
layer3.1.sn2,10,195,0.27658650279045105,0.2316432330228399,3.180624845759135e-256,0.9999000099990001,True
layer3.1.sn2,10,196,0.38359469175338745,0.29766447345332014,0.0,0.9999000099990001,True
layer3.1.sn2,10,197,0.3873528242111206,0.30077373939329083,0.0,0.9999000099990001,True
layer3.1.sn2,10,198,0.19874058663845062,0.1690211714979774,1.3957252173044441e-208,0.9999000099990001,True
layer3.1.sn2,10,199,0.46520715951919556,0.36194647366652444,0.0,0.9999000099990001,True
layer3.1.sn2,10,200,0.48594823479652405,0.3833932803404042,0.0,0.9999000099990001,True
layer3.1.sn2,10,201,0.2798486649990082,0.22387146495633903,2.6575130574173895e-260,0.9999000099990001,True
layer3.1.sn2,10,202,0.5551915764808655,0.3861149137478018,0.0,0.9999000099990001,True
layer3.1.sn2,10,203,0.32359564304351807,0.24655864391862783,4.680002758040804e-285,0.9999000099990001,True
layer3.1.sn2,10,204,0.5194857120513916,0.35521893586516906,0.0,0.9999000099990001,True
layer3.1.sn2,10,205,0.26022255420684814,0.21575163700322528,2.4397937043841855e-247,0.9999000099990001,True
layer3.1.sn2,10,206,0.11084046214818954,0.07719975896997987,4.534917287815549e-222,0.9999000099990001,True
layer3.1.sn2,10,207,0.4730505645275116,0.3782021592684447,0.0,0.9999000099990001,True
layer3.1.sn2,10,208,0.061817657202482224,0.056367096929474156,3.6090828045088456e-79,0.9999000099990001,True
layer3.1.sn2,10,209,0.5160720348358154,0.41829222372274844,0.0,0.9999000099990001,True
layer3.1.sn2,10,210,0.3299257159233093,0.22931381818367103,0.0,0.9999000099990001,True
layer3.1.sn2,10,211,0.2843523919582367,0.19543498121343877,0.0,0.9999000099990001,True
layer3.1.sn2,10,212,0.4231545031070709,0.3485826666189987,0.0,0.9999000099990001,True
layer3.1.sn2,10,213,0.10338339954614639,0.07088570011358968,3.682547411124389e-213,0.9999000099990001,True
layer3.1.sn2,10,214,0.39211779832839966,0.2692560706931149,0.0,0.9999000099990001,True
layer3.1.sn2,10,215,0.4005718529224396,0.31903154939084555,0.0,0.9999000099990001,True
layer3.1.sn2,10,216,0.39007365703582764,0.27042803554239037,0.0,0.9999000099990001,True
layer3.1.sn2,10,217,0.27440929412841797,0.2432309616840193,5.297936858734459e-264,0.9999000099990001,True
layer3.1.sn2,10,218,0.18131110072135925,0.1398180529652142,6.477586195953607e-190,0.9999000099990001,True
layer3.1.sn2,10,219,0.5672805905342102,0.38800163530322873,0.0,0.9999000099990001,True
layer3.1.sn2,10,220,0.18898822367191315,0.14855666194970812,4.478932517920678e-200,0.9999000099990001,True
layer3.1.sn2,10,221,0.3260030746459961,0.2267101136322946,0.0,0.9999000099990001,True
layer3.1.sn2,10,222,0.4595243036746979,0.3642271608017773,0.0,0.9999000099990001,True
layer3.1.sn2,10,223,0.45332926511764526,0.34821445198903145,0.0,0.9999000099990001,True
layer3.1.sn2,10,224,0.31002330780029297,0.20742945949013372,0.0,0.9999000099990001,True
layer3.1.sn2,10,225,0.22500063478946686,0.17587979190131373,1.2942490493849906e-223,0.9999000099990001,True
layer3.1.sn2,10,226,0.3651866018772125,0.25036215529356287,0.0,0.9999000099990001,True
layer3.1.sn2,10,227,0.37693411111831665,0.32176262653882975,1.44607500979495e-310,0.9999000099990001,True
layer3.1.sn2,10,228,0.2978653907775879,0.2274381507753552,1.2681937153391524e-268,0.9999000099990001,True
layer3.1.sn2,10,229,0.47225573658943176,0.33152332092603987,0.0,0.9999000099990001,True
layer3.1.sn2,10,230,0.4773504436016083,0.37457895048818113,0.0,0.9999000099990001,True
layer3.1.sn2,10,231,0.3567849099636078,0.25470612484235905,2.366080288808793e-300,0.9999000099990001,True
layer3.1.sn2,10,232,0.4271969199180603,0.3139127078655505,0.0,0.9999000099990001,True
layer3.1.sn2,10,233,0.11896169930696487,0.07914443474215341,1.2183232247892892e-232,0.9999000099990001,True
layer3.1.sn2,10,234,0.48150479793548584,0.3915721172009,0.0,0.9999000099990001,True
layer3.1.sn2,10,235,0.4835561215877533,0.33221410393416917,0.0,0.9999000099990001,True
layer3.1.sn2,10,236,0.49937817454338074,0.3818215256680383,0.0,0.9999000099990001,True
layer3.1.sn2,10,237,0.41131529211997986,0.3051635028935232,0.0,0.9999000099990001,True
layer3.1.sn2,10,238,0.35262128710746765,0.2441951026052347,0.0,0.9999000099990001,True
layer3.1.sn2,10,239,0.38292011618614197,0.26339796801080045,0.0,0.9999000099990001,True
layer3.1.sn2,10,240,,0.3522673944357634,,0.9900990099009901,False
layer3.1.sn2,10,241,0.4277007579803467,0.3381553501117526,0.0,0.9999000099990001,True
layer3.1.sn2,10,242,0.2534152567386627,0.19449546728627842,5.394920874890696e-243,0.9999000099990001,True
layer3.1.sn2,10,243,0.11807914078235626,0.10224964401335807,1.937001968837906e-136,0.9999000099990001,True
layer3.1.sn2,10,244,0.48714572191238403,0.33046999849890824,0.0,0.9999000099990001,True
layer3.1.sn2,10,245,0.39008381962776184,0.31542354812828244,0.0,0.9999000099990001,True
layer3.1.sn2,10,246,0.5939039587974548,0.4103429566064425,0.0,0.9999000099990001,True
layer3.1.sn2,10,247,0.3365820646286011,0.25176098262831803,1.5630399072633854e-296,0.9999000099990001,True
layer3.1.sn2,10,248,0.42344963550567627,0.29496022039699527,0.0,0.9999000099990001,True
layer3.1.sn2,10,249,0.39397045969963074,0.27015326097894454,0.0,0.9999000099990001,True
layer3.1.sn2,10,250,0.5308011770248413,0.4099050009001517,0.0,0.9999000099990001,True
layer3.1.sn2,10,251,0.5015700459480286,0.3766057750859059,0.0,0.9999000099990001,True
layer3.1.sn2,10,252,0.1286468356847763,0.11089001224124842,1.907132955027931e-148,0.9999000099990001,True
layer3.1.sn2,10,253,0.4972263276576996,0.3452551754869674,0.0,0.9999000099990001,True
layer3.1.sn2,10,254,0.469353586435318,0.37140641263565066,0.0,0.9999000099990001,True
layer3.1.sn2,10,255,0.5482021570205688,0.4305485376422047,0.0,0.9999000099990001,True
layer4.1.sn2,10,0,0.06863570958375931,0.0475746465064441,1.0899624066815131e-118,0.9999000099990001,True
layer4.1.sn2,10,1,0.3729209303855896,0.258489086675719,0.0,0.9999000099990001,True
layer4.1.sn2,10,2,0.11998829990625381,0.08316955234629454,2.155506753735448e-199,0.9999000099990001,True
layer4.1.sn2,10,3,0.14510105550289154,0.10057639242006863,0.0,0.9999000099990001,True
layer4.1.sn2,10,4,0.3106198012828827,0.2153052427597698,0.0,0.9999000099990001,True
layer4.1.sn2,10,5,0.043794795870780945,0.030356239483467017,9.330518268963757e-99,0.9999000099990001,True
layer4.1.sn2,10,6,0.2083979994058609,0.1444504905387885,0.0,0.9999000099990001,True
layer4.1.sn2,10,7,0.09097005426883698,0.06305563444842331,3.706506618690666e-233,0.9999000099990001,True
layer4.1.sn2,10,8,0.1648743450641632,0.11428218633802391,0.0,0.9999000099990001,True
layer4.1.sn2,10,9,0.17268173396587372,0.11969385378186173,0.0,0.9999000099990001,True
layer4.1.sn2,10,10,0.04590839147567749,0.03182127259519034,2.1569104205321895e-88,0.9999000099990001,True
layer4.1.sn2,10,11,0.059848956763744354,0.04148413614036066,5.28792016772228e-90,0.9999000099990001,True
layer4.1.sn2,10,12,0.05184510722756386,0.03593628979568292,3.37512669694425e-75,0.9999000099990001,True
layer4.1.sn2,10,13,0.1687467098236084,0.11696630148982101,0.0,0.9999000099990001,True
layer4.1.sn2,10,14,0.04579795151948929,0.031744721547576286,2.368084801409134e-85,0.9999000099990001,True
layer4.1.sn2,10,15,0.0994693860411644,0.06894692400982891,7.128037041133115e-195,0.9999000099990001,True
layer4.1.sn2,10,16,0.12810863554477692,0.08879814075382739,1.968468175649628e-222,0.9999000099990001,True
layer4.1.sn2,10,17,0.046591006219387054,0.03229442354667589,2.553165005288824e-67,0.9999000099990001,True
layer4.1.sn2,10,18,0.024600468575954437,0.01705174500754355,1.203950537795432e-36,0.9999000099990001,True
layer4.1.sn2,10,19,0.08417215198278427,0.05834369175937791,8.751546695517302e-203,0.9999000099990001,True
layer4.1.sn2,10,20,0.18947556614875793,0.1313344552167545,0.0,0.9999000099990001,True
layer4.1.sn2,10,21,0.3655194342136383,0.2533587670643185,0.0,0.9999000099990001,True
layer4.1.sn2,10,22,0.034781116992235184,0.02410843356822577,1.4150113770798068e-79,0.9999000099990001,True
layer4.1.sn2,10,23,0.030814938247203827,0.021359287421052985,4.41922516525746e-39,0.9999000099990001,True
layer4.1.sn2,10,24,0.14848878979682922,0.10292458406731747,2.3660175894292304e-263,0.9999000099990001,True
layer4.1.sn2,10,25,0.1783774346113205,0.123641816855374,0.0,0.9999000099990001,True
layer4.1.sn2,10,26,0.2687007486820221,0.18624915610626525,0.0,0.9999000099990001,True
layer4.1.sn2,10,27,0.024044178426265717,0.016666154975645723,1.0033722729169379e-44,0.9999000099990001,True
layer4.1.sn2,10,28,0.06074640527367592,0.042106199208561734,8.872856724963068e-116,0.9999000099990001,True
layer4.1.sn2,10,29,0.1708972454071045,0.11845693925065628,0.0,0.9999000099990001,True
layer4.1.sn2,10,30,0.29339274764060974,0.2033643562723481,0.0,0.9999000099990001,True
layer4.1.sn2,10,31,0.10674327611923218,0.07398879985869553,1.4838208894209623e-176,0.9999000099990001,True
layer4.1.sn2,10,32,0.4165235459804535,0.28871212766152043,0.0,0.9999000099990001,True
layer4.1.sn2,10,33,0.32491689920425415,0.22521524278358546,0.0,0.9999000099990001,True
layer4.1.sn2,10,34,0.23469914495944977,0.16268105362736557,0.0,0.9999000099990001,True
layer4.1.sn2,10,35,0.45738649368286133,0.31703616827513054,0.0,0.9999000099990001,True
layer4.1.sn2,10,36,0.10975443571805954,0.0760759764430532,8.193539191817338e-201,0.9999000099990001,True
layer4.1.sn2,10,37,0.2660529613494873,0.18441386910727264,0.0,0.9999000099990001,True
layer4.1.sn2,10,38,0.06474463641643524,0.04487756308442806,1.7870653744652353e-169,0.9999000099990001,True
layer4.1.sn2,10,39,0.011727191507816315,0.00812866964597218,6.052347594696847e-08,0.9999000099990001,True
layer4.1.sn2,10,40,0.08315124362707138,0.0576360483063865,1.2501601699334906e-161,0.9999000099990001,True
layer4.1.sn2,10,41,0.21838927268981934,0.15137590517334504,0.0,0.9999000099990001,True
layer4.1.sn2,10,42,0.37392762303352356,0.25918687588283573,0.0,0.9999000099990001,True
layer4.1.sn2,10,43,0.09644850343465805,0.06685300971016588,9.699023777051011e-173,0.9999000099990001,True
layer4.1.sn2,10,44,0.2685942053794861,0.1861753146389487,0.0,0.9999000099990001,True
layer4.1.sn2,10,45,0.23605361580848694,0.16361990045512287,0.0,0.9999000099990001,True
layer4.1.sn2,10,46,0.10516662150621414,0.0728959488193241,2.7993969474850648e-179,0.9999000099990001,True
layer4.1.sn2,10,47,0.08475400507450104,0.05874699914050734,6.3307728051886465e-140,0.9999000099990001,True
layer4.1.sn2,10,48,0.0798577219247818,0.05535315310712942,3.97766577584562e-151,0.9999000099990001,True
layer4.1.sn2,10,49,0.09289471060037613,0.06438970841176135,2.0661614304254392e-175,0.9999000099990001,True
layer4.1.sn2,10,50,0.085087351500988,0.05897805950588801,2.611891919622949e-193,0.9999000099990001,True
layer4.1.sn2,10,51,0.4502009451389313,0.3120555249950092,0.0,0.9999000099990001,True
layer4.1.sn2,10,52,0.2854473888874054,0.19785704249894787,0.0,0.9999000099990001,True
layer4.1.sn2,10,53,0.30105558037757874,0.20867581656421005,0.0,0.9999000099990001,True
layer4.1.sn2,10,54,0.12139622122049332,0.08414544789135117,6.911082755998491e-308,0.9999000099990001,True
layer4.1.sn2,10,55,0.12854602932929993,0.0891013149528876,4.1682290631940423e-280,0.9999000099990001,True
layer4.1.sn2,10,56,0.1054743155837059,0.07310922210076146,3.696280521895159e-184,0.9999000099990001,True
layer4.1.sn2,10,57,0.21986645460128784,0.1523998181670432,0.0,0.9999000099990001,True
layer4.1.sn2,10,58,0.07746803015470505,0.053696747583149886,9.262702561559655e-119,0.9999000099990001,True
layer4.1.sn2,10,59,0.30296623706817627,0.21000018615060273,0.0,0.9999000099990001,True
layer4.1.sn2,10,60,0.4883570075035095,0.3385032832543163,0.0,0.9999000099990001,True
layer4.1.sn2,10,61,0.01318457443267107,0.009138850866598616,4.731546237280552e-24,0.9999000099990001,True
layer4.1.sn2,10,62,0.1552383303642273,0.10760300761727315,3.605578132186455e-269,0.9999000099990001,True
layer4.1.sn2,10,63,0.43219223618507385,0.299572835997437,0.0,0.9999000099990001,True
layer4.1.sn2,10,64,0.42032238841056824,0.2913452737842629,0.0,0.9999000099990001,True
layer4.1.sn2,10,65,0.09930765628814697,0.06883482149006093,1.389642717897923e-178,0.9999000099990001,True
layer4.1.sn2,10,66,0.3241899311542511,0.22471133407999824,0.0,0.9999000099990001,True
layer4.1.sn2,10,67,0.29704469442367554,0.2058956972461388,0.0,0.9999000099990001,True
layer4.1.sn2,10,68,0.26509320735931396,0.1837486062755394,0.0,0.9999000099990001,True
layer4.1.sn2,10,69,0.33939582109451294,0.23525126380160272,0.0,0.9999000099990001,True
layer4.1.sn2,10,70,0.09129761159420013,0.06328268298110115,8.453685491588458e-152,0.9999000099990001,True
layer4.1.sn2,10,71,0.17126373946666718,0.11871097935380806,0.0,0.9999000099990001,True
layer4.1.sn2,10,72,0.16839481890201569,0.11672239476441176,0.0,0.9999000099990001,True
layer4.1.sn2,10,73,0.12299966812133789,0.08525687551397652,7.700017969677156e-194,0.9999000099990001,True
layer4.1.sn2,10,74,0.1637735813856125,0.11351919281089265,4.3917968095268005e-307,0.9999000099990001,True
layer4.1.sn2,10,75,0.31222787499427795,0.21641987170889443,0.0,0.9999000099990001,True
layer4.1.sn2,10,76,0.06777654588222504,0.046979123332709455,1.5314214386526246e-138,0.9999000099990001,True
layer4.1.sn2,10,77,0.0872071236371994,0.060447371480427156,6.0285404815199905e-230,0.9999000099990001,True
layer4.1.sn2,10,78,0.1587458997964859,0.11003426839850351,0.0,0.9999000099990001,True
layer4.1.sn2,10,79,0.07652342319488525,0.053041997246756546,2.23790009750981e-152,0.9999000099990001,True
layer4.1.sn2,10,80,0.0832354947924614,0.05769445096566541,1.550120202764985e-215,0.9999000099990001,True
layer4.1.sn2,10,81,0.05419819429516792,0.037567326762297314,3.811073809932497e-89,0.9999000099990001,True
layer4.1.sn2,10,82,0.038074709475040436,0.026391378381489375,3.704826078770192e-86,0.9999000099990001,True
layer4.1.sn2,10,83,0.03466508910059929,0.024028008669230157,1.5275233598943065e-40,0.9999000099990001,True
layer4.1.sn2,10,84,0.1591225564479828,0.11029535498224152,8.824472808184612e-294,0.9999000099990001,True
layer4.1.sn2,10,85,0.3281230926513672,0.22743760104642477,0.0,0.9999000099990001,True
layer4.1.sn2,10,86,0.2713863253593445,0.18811067638786283,0.0,0.9999000099990001,True
layer4.1.sn2,10,87,0.3789491057395935,0.2626674993285335,0.0,0.9999000099990001,True
layer4.1.sn2,10,88,0.3000047206878662,0.20794743661157195,0.0,0.9999000099990001,True
layer4.1.sn2,10,89,0.04565536975860596,0.03164589161475385,2.562479994117046e-96,0.9999000099990001,True
layer4.1.sn2,10,90,0.10243421047925949,0.07100198540765548,6.933591005048436e-191,0.9999000099990001,True
layer4.1.sn2,10,91,0.05594472214579582,0.03877792591298959,7.182625796303581e-70,0.9999000099990001,True
layer4.1.sn2,10,92,0.3667547404766083,0.2542150195633254,0.0,0.9999000099990001,True
layer4.1.sn2,10,93,0.3316399157047272,0.22987527072956868,0.0,0.9999000099990001,True
layer4.1.sn2,10,94,0.1822277009487152,0.1263106122675406,0.0,0.9999000099990001,True
layer4.1.sn2,10,95,0.2249724268913269,0.15593900020802295,0.0,0.9999000099990001,True
layer4.1.sn2,10,96,0.25527045130729675,0.1769399898256261,0.0,0.9999000099990001,True
layer4.1.sn2,10,97,0.36863523721694946,0.2555184798315541,0.0,0.9999000099990001,True
layer4.1.sn2,10,98,0.2379014790058136,0.16490073912569173,0.0,0.9999000099990001,True
layer4.1.sn2,10,99,0.20651699602603912,0.14314666943057963,0.0,0.9999000099990001,True
layer4.1.sn2,10,100,0.03485002741217613,0.024156198979834103,2.296432758340857e-67,0.9999000099990001,True
layer4.1.sn2,10,101,0.1262870877981186,0.08753553661804164,1.6651032929960978e-237,0.9999000099990001,True
layer4.1.sn2,10,102,0.10014448314905167,0.06941486801451169,2.4191627944144566e-163,0.9999000099990001,True
layer4.1.sn2,10,103,0.23986247181892395,0.1662599923579382,0.0,0.9999000099990001,True
layer4.1.sn2,10,104,0.06474088132381439,0.04487495847641121,6.172521456396992e-148,0.9999000099990001,True
layer4.1.sn2,10,105,0.3980443775653839,0.275903333075892,0.0,0.9999000099990001,True
layer4.1.sn2,10,106,0.1214853823184967,0.08420725078341426,3.360410652587503e-235,0.9999000099990001,True
layer4.1.sn2,10,107,0.2757556140422821,0.191139235177208,0.0,0.9999000099990001,True
layer4.1.sn2,10,108,0.40639910101890564,0.2816943873521988,0.0,0.9999000099990001,True
layer4.1.sn2,10,109,0.014675166457891464,0.01017205002766968,3.2694482711744045e-24,0.9999000099990001,True
layer4.1.sn2,10,110,0.1773863285779953,0.12295483723129844,0.0,0.9999000099990001,True
layer4.1.sn2,10,111,0.1034473106265068,0.07170421053984308,1.071133389056216e-196,0.9999000099990001,True
layer4.1.sn2,10,112,0.20570214092731476,0.14258185960829645,0.0,0.9999000099990001,True
layer4.1.sn2,10,113,0.18708282709121704,0.1296759363090621,0.0,0.9999000099990001,True
layer4.1.sn2,10,114,0.39163535833358765,0.2714609417612939,0.0,0.9999000099990001,True
layer4.1.sn2,10,115,0.05525902658700943,0.03830263774395104,4.001341603553577e-99,0.9999000099990001,True
layer4.1.sn2,10,116,0.07124688476324081,0.04938457986949519,8.094859808194487e-144,0.9999000099990001,True
layer4.1.sn2,10,117,0.1724843531847,0.11955704526215741,0.0,0.9999000099990001,True
layer4.1.sn2,10,118,0.10032996535301208,0.06954343098099805,2.616372918113548e-161,0.9999000099990001,True
layer4.1.sn2,10,119,0.0508023276925087,0.03521349064382954,1.515242345334615e-94,0.9999000099990001,True
layer4.1.sn2,10,120,0.2949897348880768,0.20447130236937472,0.0,0.9999000099990001,True
layer4.1.sn2,10,121,0.011177211999893188,0.007747452952024442,1.1516564306070221e-11,0.9999000099990001,True
layer4.1.sn2,10,122,0.13191668689250946,0.09143768291450853,6.009146491698518e-299,0.9999000099990001,True
layer4.1.sn2,10,123,0.09341820329427719,0.06475256225640255,1.1499607282658225e-146,0.9999000099990001,True
layer4.1.sn2,10,124,0.04693310335278511,0.03253154764065807,1.46705999950123e-85,0.9999000099990001,True
layer4.1.sn2,10,125,0.23727744817733765,0.16446819572820437,0.0,0.9999000099990001,True
layer4.1.sn2,10,126,0.10476227849721909,0.07261567654113299,4.053268200877341e-242,0.9999000099990001,True
layer4.1.sn2,10,127,0.23016300797462463,0.15953684107688923,0.0,0.9999000099990001,True
layer4.1.sn2,10,128,0.07541967183351517,0.052276934117978166,2.748980643723508e-127,0.9999000099990001,True
layer4.1.sn2,10,129,0.16077004373073578,0.11143729834255296,2.9466883362709044e-300,0.9999000099990001,True
layer4.1.sn2,10,130,0.011808502487838268,0.008185030279015303,1.3563500677219943e-25,0.9999000099990001,True
layer4.1.sn2,10,131,0.38454514741897583,0.26654638503986383,0.0,0.9999000099990001,True
layer4.1.sn2,10,132,0.013551734387874603,0.009393346648728111,6.721199010732259e-20,0.9999000099990001,True
layer4.1.sn2,10,133,0.13056200742721558,0.0904986856676123,1.27029820755492e-227,0.9999000099990001,True
layer4.1.sn2,10,134,0.10925902426242828,0.07573258718040594,2.378564678856256e-206,0.9999000099990001,True
layer4.1.sn2,10,135,0.0956106185913086,0.06627223309950636,2.691497389721168e-193,0.9999000099990001,True
layer4.1.sn2,10,136,0.44159260392189026,0.30608866099429083,0.0,0.9999000099990001,True
layer4.1.sn2,10,137,0.13770824670791626,0.0954520810873257,4.096189776446414e-272,0.9999000099990001,True
layer4.1.sn2,10,138,0.18671424686908722,0.12942045504500344,0.0,0.9999000099990001,True
layer4.1.sn2,10,139,0.13222943246364594,0.09165445887230755,0.0,0.9999000099990001,True
layer4.1.sn2,10,140,0.3573879599571228,0.24772245945153074,0.0,0.9999000099990001,True
layer4.1.sn2,10,141,0.2388290911912918,0.1655437121840793,0.0,0.9999000099990001,True
layer4.1.sn2,10,142,0.1742173731327057,0.12075828173982092,0.0,0.9999000099990001,True
layer4.1.sn2,10,143,0.13919931650161743,0.09648561727711627,6.733215034284325e-309,0.9999000099990001,True
layer4.1.sn2,10,144,0.12322689592838287,0.08541437676010372,3.6848573749722472e-214,0.9999000099990001,True
layer4.1.sn2,10,145,0.08389625698328018,0.0581524565061278,6.885518197364352e-193,0.9999000099990001,True
layer4.1.sn2,10,146,0.04425380378961563,0.03067440049725664,8.787701097066888e-112,0.9999000099990001,True
layer4.1.sn2,10,147,0.05721582844853401,0.03965898996353625,3.2640483352022996e-111,0.9999000099990001,True
layer4.1.sn2,10,148,0.15215148031711578,0.10546336542472498,0.0,0.9999000099990001,True
layer4.1.sn2,10,149,0.041563980281353,0.02880995529487499,4.1255323993212016e-53,0.9999000099990001,True
layer4.1.sn2,10,150,0.27865391969680786,0.1931481733414065,0.0,0.9999000099990001,True
layer4.1.sn2,10,151,,0.1047240440082973,,0.9900990099009901,False
layer4.1.sn2,10,152,0.1298356056213379,0.08999517972451812,0.0,0.9999000099990001,True
layer4.1.sn2,10,153,0.11831250786781311,0.08200798329884422,4.05259610223466e-310,0.9999000099990001,True
layer4.1.sn2,10,154,0.16698867082595825,0.11574772481394835,7.361642151917157e-296,0.9999000099990001,True
layer4.1.sn2,10,155,0.21967990696430206,0.15227051077751655,0.0,0.9999000099990001,True
layer4.1.sn2,10,156,0.1257951557636261,0.08719455684316484,3.977871450980086e-211,0.9999000099990001,True
layer4.1.sn2,10,157,0.12610025703907013,0.08740603784101106,5.2338276899964064e-244,0.9999000099990001,True
layer4.1.sn2,10,158,0.0627606064081192,0.04350233853234199,6.662046949227576e-147,0.9999000099990001,True
layer4.1.sn2,10,159,0.14336411654949188,0.09937243631338079,0.0,0.9999000099990001,True
layer4.1.sn2,10,160,0.4374362528324127,0.3032077068320057,0.0,0.9999000099990001,True
layer4.1.sn2,10,161,0.12806053459644318,0.088764794920623,5.456264113902845e-268,0.9999000099990001,True
layer4.1.sn2,10,162,0.27168533205986023,0.18831791240236817,0.0,0.9999000099990001,True
layer4.1.sn2,10,163,0.21614204347133636,0.14981824802243476,0.0,0.9999000099990001,True
layer4.1.sn2,10,164,0.3501071333885193,0.24267576416372827,0.0,0.9999000099990001,True
layer4.1.sn2,10,165,0.38080817461013794,0.26395610889702514,0.0,0.9999000099990001,True
layer4.1.sn2,10,166,0.09530865401029587,0.06606292487013402,2.0732024646497483e-161,0.9999000099990001,True
layer4.1.sn2,10,167,0.027284832671284676,0.018912404424031207,6.733991964254267e-35,0.9999000099990001,True
layer4.1.sn2,10,168,0.2730635702610016,0.18927324703105963,0.0,0.9999000099990001,True
layer4.1.sn2,10,169,0.06809023767709732,0.04719655746852863,3.577544129640456e-139,0.9999000099990001,True
layer4.1.sn2,10,170,0.019123349338769913,0.013255295857813362,6.603193955869408e-29,0.9999000099990001,True
layer4.1.sn2,10,171,0.15067552030086517,0.10444031310866643,5.181632776243606e-272,0.9999000099990001,True
layer4.1.sn2,10,172,0.3197806179523468,0.22165503355793173,0.0,0.9999000099990001,True
layer4.1.sn2,10,173,0.0813232809305191,0.05636900210542825,9.410711238253872e-151,0.9999000099990001,True
layer4.1.sn2,10,174,0.4632055461406708,0.32106962462924826,0.0,0.9999000099990001,True
layer4.1.sn2,10,175,0.13329362869262695,0.09239210555429044,2.213924121011315e-252,0.9999000099990001,True
layer4.1.sn2,10,176,0.28304025530815125,0.1961885544495724,0.0,0.9999000099990001,True
layer4.1.sn2,10,177,0.12328169494867325,0.08545235778064258,4.253507917184357e-231,0.9999000099990001,True
layer4.1.sn2,10,178,0.05350878834724426,0.03708946556770463,5.623534410521743e-133,0.9999000099990001,True
layer4.1.sn2,10,179,0.026822682470083237,0.018592066326807377,4.5067568992189966e-52,0.9999000099990001,True
layer4.1.sn2,10,180,0.23947027325630188,0.16598814868841222,0.0,0.9999000099990001,True
layer4.1.sn2,10,181,0.3014183044433594,0.208927258041405,0.0,0.9999000099990001,True
layer4.1.sn2,10,182,0.08235420286655426,0.05708358426572199,1.910098585766871e-170,0.9999000099990001,True
layer4.1.sn2,10,183,0.11321746557950974,0.07847636715332487,2.760040272664328e-235,0.9999000099990001,True
layer4.1.sn2,10,184,0.19851067662239075,0.13759711788056217,0.0,0.9999000099990001,True
layer4.1.sn2,10,185,0.04842716455459595,0.03356715361633561,3.3180152861044446e-81,0.9999000099990001,True
layer4.1.sn2,10,186,0.17379002273082733,0.12046206035344414,0.0,0.9999000099990001,True
layer4.1.sn2,10,187,0.26226845383644104,0.18179064955351054,0.0,0.9999000099990001,True
layer4.1.sn2,10,188,0.2258026897907257,0.15651449718031202,0.0,0.9999000099990001,True
layer4.1.sn2,10,189,0.1294352263212204,0.08971766081306826,2.4515700005720906e-217,0.9999000099990001,True
layer4.1.sn2,10,190,0.21961165964603424,0.15222319836563944,0.0,0.9999000099990001,True
layer4.1.sn2,10,191,0.21596193313598633,0.1496934084206259,0.0,0.9999000099990001,True
layer4.1.sn2,10,192,0.34694904088974,0.24048675183383134,0.0,0.9999000099990001,True
layer4.1.sn2,10,193,0.38565489649772644,0.26731560076759503,0.0,0.9999000099990001,True
layer4.1.sn2,10,194,0.13698601722717285,0.09495146784282149,4.309742140003811e-287,0.9999000099990001,True
layer4.1.sn2,10,195,0.01951948180794716,0.013529873234272342,6.641072432681105e-25,0.9999000099990001,True
layer4.1.sn2,10,196,0.388004332780838,0.26894411256012735,0.0,0.9999000099990001,True
layer4.1.sn2,10,197,0.09334230422973633,0.06469995583261787,9.702065254331979e-207,0.9999000099990001,True
layer4.1.sn2,10,198,0.15232238173484802,0.1055818343863029,1.221393252142002e-276,0.9999000099990001,True
layer4.1.sn2,10,199,0.20859119296073914,0.14458439584745847,0.0,0.9999000099990001,True
layer4.1.sn2,10,200,0.060404762625694275,0.04186939201098398,2.074060699078764e-118,0.9999000099990001,True
layer4.1.sn2,10,201,0.018010510131716728,0.01248393439456005,5.799779728451129e-31,0.9999000099990001,True
layer4.1.sn2,10,202,0.03664809465408325,0.025402524421911057,1.5697957480798222e-59,0.9999000099990001,True
layer4.1.sn2,10,203,0.041798897087574005,0.02897278664554831,4.211009058500079e-56,0.9999000099990001,True
layer4.1.sn2,10,204,0.08436693251132965,0.05847869948493568,7.441718011772046e-129,0.9999000099990001,True
layer4.1.sn2,10,205,0.09067121148109436,0.06284849572259166,7.1774615495486825e-180,0.9999000099990001,True
layer4.1.sn2,10,206,0.02204306796193123,0.015279089871817527,3.740314434621489e-27,0.9999000099990001,True
layer4.1.sn2,10,207,0.26286566257476807,0.18220458287395547,0.0,0.9999000099990001,True
layer4.1.sn2,10,208,0.07036987692117691,0.048776684046349425,1.0206881811482393e-147,0.9999000099990001,True
layer4.1.sn2,10,209,0.35193729400634766,0.24394434059923453,0.0,0.9999000099990001,True
layer4.1.sn2,10,210,0.3644976317882538,0.2526505113515932,0.0,0.9999000099990001,True
layer4.1.sn2,10,211,0.2705395519733429,0.18752373488182278,0.0,0.9999000099990001,True
layer4.1.sn2,10,212,0.023083427920937538,0.016000213156792505,2.567946934388454e-31,0.9999000099990001,True
layer4.1.sn2,10,213,0.055293913930654526,0.03832681953279188,4.564410053845155e-145,0.9999000099990001,True
layer4.1.sn2,10,214,0.37867429852485657,0.26247701269429013,0.0,0.9999000099990001,True
layer4.1.sn2,10,215,0.018839100375771523,0.013058268949825457,1.332129145683064e-26,0.9999000099990001,True
layer4.1.sn2,10,216,0.22119151055812836,0.15331827057998795,0.0,0.9999000099990001,True
layer4.1.sn2,10,217,0.3135620653629303,0.21734466166205366,0.0,0.9999000099990001,True
layer4.1.sn2,10,218,0.23118075728416443,0.16024228659996076,0.0,0.9999000099990001,True
layer4.1.sn2,10,219,0.09656459838151932,0.06693347794014493,6.286198931506463e-211,0.9999000099990001,True
layer4.1.sn2,10,220,0.09323927760124207,0.06462854400394563,2.5678130023095133e-162,0.9999000099990001,True
layer4.1.sn2,10,221,0.08740436285734177,0.060584085355945755,6.377210123046483e-163,0.9999000099990001,True
layer4.1.sn2,10,222,0.12360505759716034,0.08567649903576754,6.89480245617127e-227,0.9999000099990001,True
layer4.1.sn2,10,223,0.33617356419563293,0.23301776399992916,0.0,0.9999000099990001,True
layer4.1.sn2,10,224,0.2810196280479431,0.1947879585976534,0.0,0.9999000099990001,True
layer4.1.sn2,10,225,0.2864055037498474,0.19852117198468128,0.0,0.9999000099990001,True
layer4.1.sn2,10,226,0.12215186655521393,0.08466922332643691,3.2598634632496264e-226,0.9999000099990001,True
layer4.1.sn2,10,227,0.0265039149671793,0.018371114166626575,1.8315676784057198e-66,0.9999000099990001,True
layer4.1.sn2,10,228,0.21524794399738312,0.14919850703676985,0.0,0.9999000099990001,True
layer4.1.sn2,10,229,0.25947773456573486,0.17985626373857913,0.0,0.9999000099990001,True
layer4.1.sn2,10,230,0.07973790168762207,0.055270104138831905,6.069911183240015e-186,0.9999000099990001,True
layer4.1.sn2,10,231,0.25192588567733765,0.17462171921527503,0.0,0.9999000099990001,True
layer4.1.sn2,10,232,0.016305750235915184,0.011302285334623841,3.4559617248534533e-12,0.9999000099990001,True
layer4.1.sn2,10,233,0.12910212576389313,0.0894867719932187,1.4789616046696e-310,0.9999000099990001,True
layer4.1.sn2,10,234,0.14489229023456573,0.1004316776855258,2.5007631908193177e-271,0.9999000099990001,True
layer4.1.sn2,10,235,0.1601780205965042,0.11102694261548547,0.0,0.9999000099990001,True
layer4.1.sn2,10,236,0.08415505290031433,0.05833183905857492,1.7804785508316866e-153,0.9999000099990001,True
layer4.1.sn2,10,237,0.1243823915719986,0.08621530489466155,3.544810682602442e-284,0.9999000099990001,True
layer4.1.sn2,10,238,0.20426897704601288,0.14158846440634182,0.0,0.9999000099990001,True
layer4.1.sn2,10,239,0.2225709706544876,0.15427444226371284,0.0,0.9999000099990001,True
layer4.1.sn2,10,240,,0.062305815057932486,,0.9900990099009901,False
layer4.1.sn2,10,241,0.41081878542900085,0.2847578914170773,0.0,0.9999000099990001,True
layer4.1.sn2,10,242,0.2567352056503296,0.17795528791292323,0.0,0.9999000099990001,True
layer4.1.sn2,10,243,0.14860671758651733,0.10300633102839987,2.2191954840554992e-307,0.9999000099990001,True
layer4.1.sn2,10,244,0.05921100452542305,0.04104194011064912,2.782505368927411e-112,0.9999000099990001,True
layer4.1.sn2,10,245,0.037028517574071884,0.025666212300968758,5.8039515531370285e-81,0.9999000099990001,True
layer4.1.sn2,10,246,0.09234942495822906,0.06401174294668488,1.84101625293683e-184,0.9999000099990001,True
layer4.1.sn2,10,247,0.10315796732902527,0.07150365228778975,8.631828492530073e-217,0.9999000099990001,True
layer4.1.sn2,10,248,0.1273864060640335,0.08829753244549382,2.518309094788944e-234,0.9999000099990001,True
layer4.1.sn2,10,249,0.023703381419181824,0.016429932120739035,9.148804110092157e-41,0.9999000099990001,True
layer4.1.sn2,10,250,0.25666990876197815,0.1779100160335519,0.0,0.9999000099990001,True
layer4.1.sn2,10,251,0.18621748685836792,0.129076122825835,0.0,0.9999000099990001,True
layer4.1.sn2,10,252,0.2338118553161621,0.16206602718219368,0.0,0.9999000099990001,True
layer4.1.sn2,10,253,0.029241196811199188,0.020268452572414178,2.59308985133406e-45,0.9999000099990001,True
layer4.1.sn2,10,254,0.009267956018447876,0.006424057305929699,3.258067403912067e-08,0.9999000099990001,True
layer4.1.sn2,10,255,0.12291382998228073,0.08519737464423871,6.326896824675621e-234,0.9999000099990001,True
layer4.1.sn2,10,256,0.3204039931297302,0.2220871207835335,0.0,0.9999000099990001,True
layer4.1.sn2,10,257,0.2966296076774597,0.205607981482074,0.0,0.9999000099990001,True
layer4.1.sn2,10,258,0.08073051273822784,0.055958124889718915,4.829060156664848e-175,0.9999000099990001,True
layer4.1.sn2,10,259,0.06597599387168884,0.0457310758625867,3.0110563277870284e-169,0.9999000099990001,True
layer4.1.sn2,10,260,0.13255725800991058,0.09188168686405111,0.0,0.9999000099990001,True
layer4.1.sn2,10,261,0.043150514364242554,0.029909657493990813,3.5793290319191834e-111,0.9999000099990001,True
layer4.1.sn2,10,262,0.24569456279277802,0.1703024961629983,0.0,0.9999000099990001,True
layer4.1.sn2,10,263,0.0947251245379448,0.06565845231046492,4.153116763721155e-214,0.9999000099990001,True
layer4.1.sn2,10,264,0.3103969991207123,0.21515081230730823,0.0,0.9999000099990001,True
layer4.1.sn2,10,265,0.4674181640148163,0.3239895793110362,0.0,0.9999000099990001,True
layer4.1.sn2,10,266,0.27458083629608154,0.19032494157029362,0.0,0.9999000099990001,True
layer4.1.sn2,10,267,0.09035231918096542,0.06262745502298703,1.9421855240145184e-194,0.9999000099990001,True
layer4.1.sn2,10,268,0.05488654598593712,0.03804445535297529,1.287892314685447e-87,0.9999000099990001,True
layer4.1.sn2,10,269,0.47487980127334595,0.3291615900261577,0.0,0.9999000099990001,True
layer4.1.sn2,10,270,0.09895166009664536,0.06858806288132564,7.790194513297474e-195,0.9999000099990001,True
layer4.1.sn2,10,271,0.058926258236169815,0.040844569180393586,2.183170942997331e-82,0.9999000099990001,True
layer4.1.sn2,10,272,0.013814283534884453,0.00957533164188844,4.621558623999121e-18,0.9999000099990001,True
layer4.1.sn2,10,273,0.1930617094039917,0.13382017456096615,0.0,0.9999000099990001,True
layer4.1.sn2,10,274,0.14103643596172333,0.09775900871180317,1.628773825604561e-242,0.9999000099990001,True
layer4.1.sn2,10,275,0.2799389064311981,0.1940388597897864,0.0,0.9999000099990001,True
layer4.1.sn2,10,276,0.02083241567015648,0.014439930588803497,4.832361949768708e-19,0.9999000099990001,True
layer4.1.sn2,10,277,0.44467422366142273,0.3082246924853517,0.0,0.9999000099990001,True
layer4.1.sn2,10,278,0.059123843908309937,0.04098152692380545,6.647743262103111e-87,0.9999000099990001,True
layer4.1.sn2,10,279,0.17082925140857697,0.11840981446214315,0.0,0.9999000099990001,True
layer4.1.sn2,10,280,0.2442835420370102,0.16932444723186746,0.0,0.9999000099990001,True
layer4.1.sn2,10,281,0.12770229578018188,0.0885164824447946,7.431403490384853e-227,0.9999000099990001,True
layer4.1.sn2,10,282,0.09962079674005508,0.06905187602235555,3.334839784998893e-198,0.9999000099990001,True
layer4.1.sn2,10,283,0.2397395819425583,0.16617481430564227,0.0,0.9999000099990001,True
layer4.1.sn2,10,284,0.357268363237381,0.24763955908598756,0.0,0.9999000099990001,True
layer4.1.sn2,10,285,0.07303600758314133,0.05062470499955865,2.2535059580916188e-179,0.9999000099990001,True
layer4.1.sn2,10,286,0.07397539168596268,0.051275833738264755,8.093809846794602e-159,0.9999000099990001,True
layer4.1.sn2,10,287,0.20651547610759735,0.143145623018758,0.0,0.9999000099990001,True
layer4.1.sn2,10,288,0.3225589692592621,0.22358084448489274,0.0,0.9999000099990001,True
layer4.1.sn2,10,289,0.09322578459978104,0.06461918892396872,9.18506097888473e-160,0.9999000099990001,True
layer4.1.sn2,10,290,0.16775132715702057,0.11627635655048016,0.0,0.9999000099990001,True
layer4.1.sn2,10,291,0.3009782135486603,0.20862220007418417,0.0,0.9999000099990001,True
layer4.1.sn2,10,292,0.1522538959980011,0.10553435560235604,3.609002508983004e-272,0.9999000099990001,True
layer4.1.sn2,10,293,0.052061207592487335,0.0360860793409955,2.5532550381296696e-95,0.9999000099990001,True
layer4.1.sn2,10,294,0.2427453100681305,0.16825822789067574,0.0,0.9999000099990001,True
layer4.1.sn2,10,295,0.35013285279273987,0.24269359793374298,0.0,0.9999000099990001,True
layer4.1.sn2,10,296,0.14148417115211487,0.09806935659811329,7.914130904162648e-308,0.9999000099990001,True
layer4.1.sn2,10,297,0.16696658730506897,0.11573241950788542,0.0,0.9999000099990001,True
layer4.1.sn2,10,298,0.15609486401081085,0.10819671883804938,0.0,0.9999000099990001,True
layer4.1.sn2,10,299,0.11776772886514664,0.08163036690787308,7.767485269634116e-218,0.9999000099990001,True
layer4.1.sn2,10,300,0.27470090985298157,0.19040816796071977,0.0,0.9999000099990001,True
layer4.1.sn2,10,301,0.15340377390384674,0.10633139680838555,0.0,0.9999000099990001,True
layer4.1.sn2,10,302,0.08394518494606018,0.05818636847019551,5.638739965432935e-183,0.9999000099990001,True
layer4.1.sn2,10,303,0.3480954170227051,0.2412813474010605,0.0,0.9999000099990001,True
layer4.1.sn2,10,304,0.08240864425897598,0.057121320065046916,2.209947832232768e-189,0.9999000099990001,True
layer4.1.sn2,10,305,0.1014031246304512,0.07028728926171864,3.879441578082975e-192,0.9999000099990001,True
layer4.1.sn2,10,306,0.14495912194252014,0.1004780114652229,0.0,0.9999000099990001,True
layer4.1.sn2,10,307,0.13109777867794037,0.09087005793199984,6.660788115829675e-288,0.9999000099990001,True
layer4.1.sn2,10,308,0.18296748399734497,0.12682339695497746,0.0,0.9999000099990001,True
layer4.1.sn2,10,309,0.14199210703372955,0.09842142826955029,7.298824650546763e-274,0.9999000099990001,True
layer4.1.sn2,10,310,0.1259133517742157,0.08727648323770285,2.077353857785126e-309,0.9999000099990001,True
layer4.1.sn2,10,311,0.037832941859960556,0.026223797457274326,1.3729806569607732e-74,0.9999000099990001,True
layer4.1.sn2,10,312,0.08351200073957443,0.05788610622219678,2.296426009672979e-164,0.9999000099990001,True
layer4.1.sn2,10,313,0.013889787718653679,0.009627667134807925,6.805085280069969e-13,0.9999000099990001,True
layer4.1.sn2,10,314,0.06481973826885223,0.04492961881958964,2.640771547671317e-138,0.9999000099990001,True
layer4.1.sn2,10,315,0.038238026201725006,0.026504579807781696,5.697258375697118e-75,0.9999000099990001,True
layer4.1.sn2,10,316,0.1482822149991989,0.10278140382093467,7.973076930855323e-257,0.9999000099990001,True
layer4.1.sn2,10,317,0.012421231716871262,0.008609741496412476,4.258624204486924e-15,0.9999000099990001,True
layer4.1.sn2,10,318,,0.07012149784270018,,0.9900990099009901,False
layer4.1.sn2,10,319,0.2638358473777771,0.18287706840346774,0.0,0.9999000099990001,True
layer4.1.sn2,10,320,0.21852654218673706,0.1514710589776324,0.0,0.9999000099990001,True
layer4.1.sn2,10,321,0.3829211890697479,0.2654207424293432,0.0,0.9999000099990001,True
layer4.1.sn2,10,322,0.30953168869018555,0.2145510164289805,0.0,0.9999000099990001,True
layer4.1.sn2,10,323,0.33344051241874695,0.23112335961334568,0.0,0.9999000099990001,True
layer4.1.sn2,10,324,0.1154692992568016,0.08003721759801574,2.354441577082476e-292,0.9999000099990001,True
layer4.1.sn2,10,325,0.25197190046310425,0.1746536221639753,0.0,0.9999000099990001,True
layer4.1.sn2,10,326,0.5493291616439819,0.38076595197767515,0.0,0.9999000099990001,True
layer4.1.sn2,10,327,0.061109885573387146,0.042358145036941304,7.22328839792666e-145,0.9999000099990001,True
layer4.1.sn2,10,328,0.09554646909236908,0.06622776680873602,3.642439970984926e-187,0.9999000099990001,True
layer4.1.sn2,10,329,0.04125312715768814,0.028594490035842697,7.81322781865863e-88,0.9999000099990001,True
layer4.1.sn2,10,330,0.31600531935691833,0.219038189630682,0.0,0.9999000099990001,True
layer4.1.sn2,10,331,0.11956445127725601,0.08287576392748504,1.1175768417622726e-291,0.9999000099990001,True
layer4.1.sn2,10,332,0.18167929351329803,0.12593049270997367,0.0,0.9999000099990001,True
layer4.1.sn2,10,333,0.21427862346172333,0.14852661945410223,0.0,0.9999000099990001,True
layer4.1.sn2,10,334,0.3745427131652832,0.25961321632600753,0.0,0.9999000099990001,True
layer4.1.sn2,10,335,0.33738604187965393,0.23385818957624796,0.0,0.9999000099990001,True
layer4.1.sn2,10,336,0.07285059988498688,0.050496188777391704,4.188521852681849e-112,0.9999000099990001,True
layer4.1.sn2,10,337,0.3215214014053345,0.2228616496117118,0.0,0.9999000099990001,True
layer4.1.sn2,10,338,0.10352800041437149,0.07176014276265733,3.3493895034323256e-201,0.9999000099990001,True
layer4.1.sn2,10,339,0.09652923792600632,0.06690897008275035,1.940437296021283e-183,0.9999000099990001,True
layer4.1.sn2,10,340,0.025613464415073395,0.017753900022791414,9.921441374183409e-48,0.9999000099990001,True
layer4.1.sn2,10,341,0.1981087476015091,0.13731851863497746,0.0,0.9999000099990001,True
layer4.1.sn2,10,342,0.1324782371520996,0.09182691532915868,5.919141665802994e-299,0.9999000099990001,True
layer4.1.sn2,10,343,0.04713903367519379,0.03267428768090176,1.5115446591320476e-92,0.9999000099990001,True
layer4.1.sn2,10,344,0.16400554776191711,0.11367998417823286,0.0,0.9999000099990001,True
layer4.1.sn2,10,345,0.3104313313961029,0.2151746000860401,0.0,0.9999000099990001,True
layer4.1.sn2,10,346,0.09174551069736481,0.06359314158701862,3.32894047136816e-204,0.9999000099990001,True
layer4.1.sn2,10,347,0.10794293135404587,0.07482033705838265,1.5485401459175572e-227,0.9999000099990001,True
layer4.1.sn2,10,348,0.1579725295305252,0.10949821250729086,5.697926356314518e-270,0.9999000099990001,True
layer4.1.sn2,10,349,0.09129685908555984,0.0632821587449246,1.8632632889352845e-158,0.9999000099990001,True
layer4.1.sn2,10,350,0.0628192275762558,0.04354296834076845,2.2341944799488468e-114,0.9999000099990001,True
layer4.1.sn2,10,351,0.11096449941396713,0.076914730497719,2.72648332343166e-242,0.9999000099990001,True
layer4.1.sn2,10,352,0.041378479450941086,0.02868137554828641,1.3182142016845e-85,0.9999000099990001,True
layer4.1.sn2,10,353,0.1936369389295578,0.1342188993741734,0.0,0.9999000099990001,True
layer4.1.sn2,10,354,0.2379896640777588,0.16496186087735198,0.0,0.9999000099990001,True
layer4.1.sn2,10,355,0.17433296144008636,0.1208383960237108,2.2547599993659454e-308,0.9999000099990001,True
layer4.1.sn2,10,356,0.19603273272514343,0.13587953630185678,0.0,0.9999000099990001,True
layer4.1.sn2,10,357,0.0653991624712944,0.04533124699930264,9.300908878604744e-200,0.9999000099990001,True
layer4.1.sn2,10,358,0.18393486738204956,0.12749393807722903,0.0,0.9999000099990001,True
layer4.1.sn2,10,359,0.07427804172039032,0.05148561716174994,4.801078173826712e-194,0.9999000099990001,True
layer4.1.sn2,10,360,0.10083349794149399,0.0698924556739117,1.8979558884077823e-165,0.9999000099990001,True
layer4.1.sn2,10,361,0.38458138704299927,0.2665715044720073,0.0,0.9999000099990001,True
layer4.1.sn2,10,362,0.15525421500205994,0.10761402000102575,1.1473261911784575e-290,0.9999000099990001,True
layer4.1.sn2,10,363,0.036928690969944,0.025597017980574316,1.6280491247612182e-44,0.9999000099990001,True
layer4.1.sn2,10,364,0.08944083005189896,0.06199565941439573,6.074902247638648e-148,0.9999000099990001,True
layer4.1.sn2,10,365,0.2306702882051468,0.15988846394078993,0.0,0.9999000099990001,True
layer4.1.sn2,10,366,0.02556115761399269,0.01771764417799204,8.193564506645505e-47,0.9999000099990001,True
layer4.1.sn2,10,367,0.050325289368629456,0.03488283159251484,1.1403664760693915e-103,0.9999000099990001,True
layer4.1.sn2,10,368,0.013889186084270477,0.00962725018525638,6.8372725490174025e-18,0.9999000099990001,True
layer4.1.sn2,10,369,0.32194510102272034,0.22315533359919165,0.0,0.9999000099990001,True
layer4.1.sn2,10,370,0.26234328746795654,0.18184251947582847,0.0,0.9999000099990001,True
layer4.1.sn2,10,371,0.09912361949682236,0.06870725744602099,6.873168277193258e-177,0.9999000099990001,True
layer4.1.sn2,10,372,0.27057531476020813,0.18754851562016173,0.0,0.9999000099990001,True
layer4.1.sn2,10,373,0.050929054617881775,0.03530133131368467,1.1902967073839972e-84,0.9999000099990001,True
layer4.1.sn2,10,374,0.27696821093559265,0.19197973937662552,0.0,0.9999000099990001,True
layer4.1.sn2,10,375,0.051639750599861145,0.035793948004442876,2.0533700750932528e-102,0.9999000099990001,True
layer4.1.sn2,10,376,0.1888982206583023,0.13093426464029062,0.0,0.9999000099990001,True
layer4.1.sn2,10,377,0.3541039526462555,0.24544615581789037,0.0,0.9999000099990001,True
layer4.1.sn2,10,378,0.12215487658977509,0.08467130790279839,1.386595762470075e-239,0.9999000099990001,True
layer4.1.sn2,10,379,0.03441379964351654,0.0238538281032204,1.0796436165009982e-57,0.9999000099990001,True
layer4.1.sn2,10,380,0.17624431848526,0.12216325218563884,5.577312921152324e-304,0.9999000099990001,True
layer4.1.sn2,10,381,0.32927626371383667,0.22823690753687143,0.0,0.9999000099990001,True
layer4.1.sn2,10,382,0.2910270690917969,0.2017245841310505,0.0,0.9999000099990001,True
layer4.1.sn2,10,383,0.09941129386425018,0.06890665741074326,2.8050287269136728e-198,0.9999000099990001,True
layer4.1.sn2,10,384,0.48128053545951843,0.3335982525211252,0.0,0.9999000099990001,True
layer4.1.sn2,10,385,0.028582673519849777,0.019811999249790893,4.083706162040361e-56,0.9999000099990001,True
layer4.1.sn2,10,386,0.008976688608527184,0.006222166603594082,8.935742743663288e-07,0.9999000099990001,True
layer4.1.sn2,10,387,0.1246740072965622,0.08641743775510735,8.019542286709234e-222,0.9999000099990001,True
layer4.1.sn2,10,388,0.294933557510376,0.2044323538630592,0.0,0.9999000099990001,True
layer4.1.sn2,10,389,0.23263999819755554,0.16125375881368492,0.0,0.9999000099990001,True
layer4.1.sn2,10,390,0.062094513326883316,0.04304063614905441,3.84132578746232e-133,0.9999000099990001,True
layer4.1.sn2,10,391,0.0355338528752327,0.024630189755349332,2.0809131373591256e-59,0.9999000099990001,True
layer4.1.sn2,10,392,0.03843202441930771,0.026639048307305437,5.795376408013542e-66,0.9999000099990001,True
layer4.1.sn2,10,393,0.0826217532157898,0.0572690347295948,2.8362347244595366e-131,0.9999000099990001,True
layer4.1.sn2,10,394,0.28396517038345337,0.19682966581024228,0.0,0.9999000099990001,True
layer4.1.sn2,10,395,0.18997372686862946,0.13167975265921977,0.0,0.9999000099990001,True
layer4.1.sn2,10,396,0.16745175421237946,0.1160687095124534,0.0,0.9999000099990001,True
layer4.1.sn2,10,397,0.11453470587730408,0.07938940673101158,4.918069456233238e-216,0.9999000099990001,True
layer4.1.sn2,10,398,0.10985489189624786,0.07614560722375181,4.595839487523325e-211,0.9999000099990001,True
layer4.1.sn2,10,399,0.26291289925575256,0.1822373359605227,0.0,0.9999000099990001,True
layer4.1.sn2,10,400,,0.05975966415217271,,0.9900990099009901,False
layer4.1.sn2,10,401,0.3208896815776825,0.2224237778967854,0.0,0.9999000099990001,True
layer4.1.sn2,10,402,0.1589890718460083,0.11020282531550046,0.0,0.9999000099990001,True
layer4.1.sn2,10,403,0.2739602029323578,0.18989473459766149,0.0,0.9999000099990001,True
layer4.1.sn2,10,404,0.07851456105709076,0.0544221460987547,4.1568283097659615e-165,0.9999000099990001,True
layer4.1.sn2,10,405,0.4663889408111572,0.323276172737868,0.0,0.9999000099990001,True
layer4.1.sn2,10,406,0.09731588512659073,0.06745422925587168,1.7634131719322008e-204,0.9999000099990001,True
layer4.1.sn2,10,407,0.3191165030002594,0.22119469804216627,0.0,0.9999000099990001,True
layer4.1.sn2,10,408,0.15201325714588165,0.1053675652045277,2.5695548380437824e-248,0.9999000099990001,True
layer4.1.sn2,10,409,0.02286512218415737,0.0158488948561917,4.4452632314810525e-21,0.9999000099990001,True
layer4.1.sn2,10,410,0.25263479351997375,0.1751131034936891,0.0,0.9999000099990001,True
layer4.1.sn2,10,411,0.32895413041114807,0.22801361958722957,0.0,0.9999000099990001,True
layer4.1.sn2,10,412,0.06175787001848221,0.04280729387031723,2.156066171290053e-128,0.9999000099990001,True
layer4.1.sn2,10,413,0.12852394580841064,0.08908600742106582,6.354349017362864e-242,0.9999000099990001,True
layer4.1.sn2,10,414,0.27572113275527954,0.19111532334185116,0.0,0.9999000099990001,True
layer4.1.sn2,10,415,0.08865834027528763,0.0614532801365293,2.272375660159729e-146,0.9999000099990001,True
layer4.1.sn2,10,416,0.3290870189666748,0.22810573725052627,0.0,0.9999000099990001,True
layer4.1.sn2,10,417,0.15200510621070862,0.10536191538148972,3.4454149624265108e-301,0.9999000099990001,True
layer4.1.sn2,10,418,0.23154857754707336,0.1604972425796029,0.0,0.9999000099990001,True
layer4.1.sn2,10,419,0.16556261479854584,0.11475925947891721,1.6098539800609735e-296,0.9999000099990001,True
layer4.1.sn2,10,420,0.15572436153888702,0.10793990478332148,0.0,0.9999000099990001,True
layer4.1.sn2,10,421,0.10720182210206985,0.07430663919844244,3.1291765090975695e-262,0.9999000099990001,True
layer4.1.sn2,10,422,0.4260249435901642,0.2952979939891079,0.0,0.9999000099990001,True
layer4.1.sn2,10,423,0.06328894197940826,0.04386855036505616,1.9468738996281308e-118,0.9999000099990001,True
layer4.1.sn2,10,424,0.10847355425357819,0.07518813655203704,1.541699783652084e-191,0.9999000099990001,True
layer4.1.sn2,10,425,0.10033299773931503,0.06954553558199725,8.53151578502472e-169,0.9999000099990001,True
layer4.1.sn2,10,426,0.06026695296168327,0.04177386878350048,3.726801977001363e-158,0.9999000099990001,True
layer4.1.sn2,10,427,0.38920316100120544,0.26977507514718013,0.0,0.9999000099990001,True
layer4.1.sn2,10,428,0.06277856975793839,0.043514786205790724,3.9288143331606114e-122,0.9999000099990001,True
layer4.1.sn2,10,429,0.0719304010272026,0.049858356250247114,8.917732122835669e-145,0.9999000099990001,True
layer4.1.sn2,10,430,0.11181192100048065,0.07750211566758361,9.214233022570955e-194,0.9999000099990001,True
layer4.1.sn2,10,431,0.047073766589164734,0.03262904901977012,3.0213024106505183e-97,0.9999000099990001,True
layer4.1.sn2,10,432,0.0998777449131012,0.06922997724885638,6.725521148080511e-223,0.9999000099990001,True
layer4.1.sn2,10,433,0.2533969581127167,0.17564138266392595,0.0,0.9999000099990001,True
layer4.1.sn2,10,434,0.1585833877325058,0.10992162816382053,0.0,0.9999000099990001,True
layer4.1.sn2,10,435,0.021302880719304085,0.014766032069206974,3.135838375768631e-45,0.9999000099990001,True
layer4.1.sn2,10,436,0.37393584847450256,0.25919258571750525,0.0,0.9999000099990001,True
layer4.1.sn2,10,437,0.08872707188129425,0.061500920109491375,1.8091170071581399e-159,0.9999000099990001,True
layer4.1.sn2,10,438,0.05832773819565773,0.04042970623179848,1.7840502282749017e-122,0.9999000099990001,True
layer4.1.sn2,10,439,0.4291956126689911,0.29749573123216244,0.0,0.9999000099990001,True
layer4.1.sn2,10,440,0.11127005517482758,0.07712652609353506,1.417934641800415e-277,0.9999000099990001,True
layer4.1.sn2,10,441,0.03635302931070328,0.025197999908789914,3.5658607322501653e-51,0.9999000099990001,True
layer4.1.sn2,10,442,0.3627718389034271,0.25145427407501697,0.0,0.9999000099990001,True
layer4.1.sn2,10,443,0.016584033146500587,0.011495176253046434,6.415142184332586e-17,0.9999000099990001,True
layer4.1.sn2,10,444,0.35830050706863403,0.24835497788614574,0.0,0.9999000099990001,True
layer4.1.sn2,10,445,,0.0489053586790065,,0.9900990099009901,False
layer4.1.sn2,10,446,0.048869386315345764,0.03387367720622733,5.6369252820655144e-89,0.9999000099990001,True
layer4.1.sn2,10,447,0.15891283750534058,0.11014998294577219,2.451492529721569e-276,0.9999000099990001,True
layer4.1.sn2,10,448,0.11442263424396515,0.07931172794267644,5.938122084241073e-245,0.9999000099990001,True
layer4.1.sn2,10,449,0.45816770195961,0.31757764772830144,0.0,0.9999000099990001,True
layer4.1.sn2,10,450,0.059426404535770416,0.041191243682299664,2.3264522696547447e-82,0.9999000099990001,True
layer4.1.sn2,10,451,0.044493913650512695,0.030840831244194122,1.5145867623629286e-71,0.9999000099990001,True
layer4.1.sn2,10,452,0.14397190511226654,0.09979371663623919,6.047397488725051e-252,0.9999000099990001,True
layer4.1.sn2,10,453,0.21834102272987366,0.15134246456256284,0.0,0.9999000099990001,True
layer4.1.sn2,10,454,0.17474932968616486,0.12112700066380827,0.0,0.9999000099990001,True
layer4.1.sn2,10,455,0.0917770117521286,0.06361497641460372,1.2232675289057913e-197,0.9999000099990001,True
layer4.1.sn2,10,456,0.027419231832027435,0.01900556337679605,3.4680039576718875e-45,0.9999000099990001,True
layer4.1.sn2,10,457,0.45563966035842896,0.3158253534035966,0.0,0.9999000099990001,True
layer4.1.sn2,10,458,0.4008970260620117,0.2778806502525564,0.0,0.9999000099990001,True
layer4.1.sn2,10,459,0.20175056159496307,0.13984283753452692,0.0,0.9999000099990001,True
layer4.1.sn2,10,460,0.18851864337921143,0.13067116155920927,0.0,0.9999000099990001,True
layer4.1.sn2,10,461,0.13423064351081848,0.09304159602800598,1.2019090680451137e-276,0.9999000099990001,True
layer4.1.sn2,10,462,0.053435225039720535,0.037038475755856975,1.9799304542982047e-90,0.9999000099990001,True
layer4.1.sn2,10,463,0.23762550950050354,0.16470945064035558,0.0,0.9999000099990001,True
layer4.1.sn2,10,464,0.060325413942337036,0.04181438935836965,4.4075426580089734e-117,0.9999000099990001,True
layer4.1.sn2,10,465,0.07966649532318115,0.05522060434195788,9.00545666837942e-159,0.9999000099990001,True
layer4.1.sn2,10,466,0.34767645597457886,0.24099096300934061,0.0,0.9999000099990001,True
layer4.1.sn2,10,467,0.09633298218250275,0.06677293508101423,4.423631462338915e-194,0.9999000099990001,True
layer4.1.sn2,10,468,0.3763975501060486,0.26089890678059335,0.0,0.9999000099990001,True
layer4.1.sn2,10,469,0.03890957310795784,0.026970059617719113,1.728284407684228e-65,0.9999000099990001,True
layer4.1.sn2,10,470,0.03479685261845589,0.024119339999905072,7.953242179449112e-46,0.9999000099990001,True
layer4.1.sn2,10,471,0.2911229431629181,0.20179105235016914,0.0,0.9999000099990001,True
layer4.1.sn2,10,472,0.1267942190170288,0.08788705735247011,1.0130838461867447e-251,0.9999000099990001,True
layer4.1.sn2,10,473,0.46531540155410767,0.3225320555602818,0.0,0.9999000099990001,True
layer4.1.sn2,10,474,0.18579573929309845,0.12878378776902005,0.0,0.9999000099990001,True
layer4.1.sn2,10,475,0.06312622874975204,0.04375576851425874,3.724771193916265e-130,0.9999000099990001,True
layer4.1.sn2,10,476,0.08108338713645935,0.056202723381439966,1.2897156409727831e-173,0.9999000099990001,True
layer4.1.sn2,10,477,0.04577402397990227,0.03172813594070235,1.5303983292970095e-77,0.9999000099990001,True
layer4.1.sn2,10,478,0.29334038496017456,0.20332805361391043,0.0,0.9999000099990001,True
layer4.1.sn2,10,479,0.19844037294387817,0.1375483849354691,0.0,0.9999000099990001,True
layer4.1.sn2,10,480,0.2920706570148468,0.20244796266166545,0.0,0.9999000099990001,True
layer4.1.sn2,10,481,0.37713900208473206,0.2614128261275682,0.0,0.9999000099990001,True
layer4.1.sn2,10,482,0.293146550655365,0.20319371526818503,0.0,0.9999000099990001,True
layer4.1.sn2,10,483,0.21544693410396576,0.1493364300925401,0.0,0.9999000099990001,True
layer4.1.sn2,10,484,0.05587872862815857,0.038732182604778,2.2854862416422035e-121,0.9999000099990001,True
layer4.1.sn2,10,485,0.08514834940433502,0.05902033843894295,4.895240955470509e-159,0.9999000099990001,True
layer4.1.sn2,10,486,0.0715927928686142,0.049624340056940316,6.431931561758903e-132,0.9999000099990001,True
layer4.1.sn2,10,487,0.05398884788155556,0.03742221804061675,2.9286652003186438e-90,0.9999000099990001,True
layer4.1.sn2,10,488,0.4666467010974884,0.3234548525618257,0.0,0.9999000099990001,True
layer4.1.sn2,10,489,0.04500347375869751,0.031194029959286572,8.97898109865108e-80,0.9999000099990001,True
layer4.1.sn2,10,490,0.37115252017974854,0.2572633191337606,0.0,0.9999000099990001,True
layer4.1.sn2,10,491,0.05105987563729286,0.03539200765911966,2.3559953551910388e-94,0.9999000099990001,True
layer4.1.sn2,10,492,0.3055473268032074,0.21178925864297876,0.0,0.9999000099990001,True
layer4.1.sn2,10,493,0.056756433099508286,0.039340562618482205,3.1256107250759865e-105,0.9999000099990001,True
layer4.1.sn2,10,494,0.05546380952000618,0.0384445841514158,2.5905582763681833e-115,0.9999000099990001,True
layer4.1.sn2,10,495,0.02584204263985157,0.01791233905822191,5.067222042474545e-48,0.9999000099990001,True
layer4.1.sn2,10,496,0.19254577159881592,0.1334625545386317,0.0,0.9999000099990001,True
layer4.1.sn2,10,497,0.05312768742442131,0.036825307377135214,1.03613256083282e-119,0.9999000099990001,True
layer4.1.sn2,10,498,0.0660562738776207,0.045786719012700886,1.4980613898686853e-139,0.9999000099990001,True
layer4.1.sn2,10,499,0.20020031929016113,0.1387682864480794,0.0,0.9999000099990001,True
layer4.1.sn2,10,500,0.14967869222164154,0.10374936426033668,0.0,0.9999000099990001,True
layer4.1.sn2,10,501,0.5389170050621033,0.3735487927701458,0.0,0.9999000099990001,True
layer4.1.sn2,10,502,0.056197237223386765,0.03895295762039692,3.470119245246006e-135,0.9999000099990001,True
layer4.1.sn2,10,503,0.024506911635398865,0.01698689648233644,1.606967293551658e-41,0.9999000099990001,True
layer4.1.sn2,10,504,0.030801380053162575,0.02134988935372939,5.095900829681508e-44,0.9999000099990001,True
layer4.1.sn2,10,505,0.010739577934145927,0.007444108270253729,6.794380252811779e-11,0.9999000099990001,True
layer4.1.sn2,10,506,0.024831252172589302,0.01721171304631451,1.5313020692704532e-33,0.9999000099990001,True
layer4.1.sn2,10,507,0.12468374520540237,0.0864241839652452,1.5752127892800835e-256,0.9999000099990001,True
layer4.1.sn2,10,508,0.07871735841035843,0.054562717370318925,7.656016103942012e-178,0.9999000099990001,True
layer4.1.sn2,10,509,0.40565183758735657,0.28117641867983934,0.0,0.9999000099990001,True
layer4.1.sn2,10,510,0.3404562175273895,0.23598626182367166,0.0,0.9999000099990001,True
layer4.1.sn2,10,511,0.11513374745845795,0.0798046325306753,6.286737416665356e-293,0.9999000099990001,True
sn1,20,0,0.05099707096815109,0.03156728217817083,1.5488830587180094e-62,0.9999000099990001,True
sn1,20,1,,0.0,,0.009900990099009901,False
sn1,20,2,0.23833270370960236,0.19582958593875932,2.383133684622306e-232,0.9999000099990001,True
sn1,20,3,,0.0,,0.009900990099009901,False
sn1,20,4,0.17301703989505768,0.1289524327011565,2.335806209111486e-190,0.9999000099990001,True
sn1,20,5,0.07024165242910385,0.045424615291036516,6.032492418880502e-121,0.9999000099990001,True
sn1,20,6,0.15027813613414764,0.13419574983406327,5.762007872200269e-170,0.9999000099990001,True
sn1,20,7,0.14597570896148682,0.11396752795104394,4.2614969973876674e-162,0.9999000099990001,True
sn1,20,8,0.07136069238185883,0.03131285884820094,2.914535873539351e-89,0.9999000099990001,True
sn1,20,9,,0.0,,0.5544554455445545,False
sn1,20,10,,0.0005000264230510784,,0.9702970297029703,False
sn1,20,11,0.0209125317633152,0.00926235521336761,3.3089975589073643e-45,0.9999000099990001,True
sn1,20,12,0.11490418761968613,0.09549332984340378,2.347550758398266e-136,0.9999000099990001,True
sn1,20,13,0.09109430760145187,0.09558688206072703,1.8441277413668794e-110,0.9999000099990001,True
sn1,20,14,,0.0,,0.009900990099009901,False
sn1,20,15,0.05795101076364517,0.035303700342981297,9.567282880985133e-94,0.9999000099990001,True
sn1,20,16,,0.0,,0.009900990099009901,False
sn1,20,17,0.2570126950740814,0.18408084004907715,3.4036244833454733e-251,0.9999000099990001,True
sn1,20,18,,0.0,,0.009900990099009901,False
sn1,20,19,0.07899128645658493,0.05768787064620627,8.759719626612435e-97,0.9999000099990001,True
sn1,20,20,0.08717778325080872,0.05761982352244205,1.4258830748210796e-148,0.9999000099990001,True
sn1,20,21,0.13483764231204987,0.10162395871090912,2.6989108714139246e-155,0.9999000099990001,True
sn1,20,22,0.005674483720213175,0.0030002283814741255,0.0028181543366035088,0.9974002599740026,False
sn1,20,23,0.05133898928761482,0.03086813185878658,4.22355024003801e-115,0.9999000099990001,True
sn1,20,24,0.15794174373149872,0.11059884226877334,5.791005105915921e-173,0.9999000099990001,True
sn1,20,25,0.10008537769317627,0.0611642820806513,1.6028353688765144e-121,0.9999000099990001,True
sn1,20,26,0.028738752007484436,0.015041779577918754,2.7785889237124222e-45,0.9999000099990001,True
sn1,20,27,0.006551641970872879,0.0020894651585020305,9.524825050900488e-10,0.9999000099990001,True
sn1,20,28,,0.0010242006690958472,,0.9900990099009901,False
sn1,20,29,0.13420745730400085,0.07575189490394059,2.175911680424211e-155,0.9999000099990001,True
sn1,20,30,,0.0,,0.009900990099009901,False
sn1,20,31,0.035417139530181885,0.031198505601247033,1.5929235306027904e-47,0.9999000099990001,True
sn1,20,32,0.14768236875534058,0.07905844783420973,3.8056806379938735e-167,0.9999000099990001,True
sn1,20,33,0.02620632015168667,0.007152092783139689,4.4213975681346643e-66,0.9999000099990001,True
sn1,20,34,,0.0,,0.009900990099009901,False
sn1,20,35,,0.00032196761450561007,,0.5544554455445545,False
sn1,20,36,0.3020821511745453,0.23716620663975407,5.332422940117309e-274,0.9999000099990001,True
sn1,20,37,0.2494703084230423,0.1696385362150684,5.604080752317065e-237,0.9999000099990001,True
sn1,20,38,0.10409578680992126,0.04873336931585223,0.0,0.9999000099990001,True
sn1,20,39,,0.0,,0.009900990099009901,False
sn1,20,40,,0.0,,0.009900990099009901,False
sn1,20,41,0.3271668553352356,0.26504941693941,4.092229171583437e-293,0.9999000099990001,True
sn1,20,42,,0.0008546115366123369,,0.900990099009901,False
sn1,20,43,0.07351375371217728,0.06952321808968732,5.8703767185874264e-92,0.9999000099990001,True
sn1,20,44,0.10007493942975998,0.06544327466890705,6.319718711464534e-139,0.9999000099990001,True
sn1,20,45,0.015866653993725777,0.005966445105213857,1.9211589789162585e-35,0.9999000099990001,True
sn1,20,46,0.1696455031633377,0.141772377789957,2.1524240347847968e-187,0.9999000099990001,True
sn1,20,47,,0.0,,0.009900990099009901,False
sn1,20,48,,0.0,,0.009900990099009901,False
sn1,20,49,0.01652013696730137,0.005414649296764285,4.243590358786008e-37,0.9999000099990001,True
sn1,20,50,0.041293032467365265,0.01804111526166911,8.185471439244624e-110,0.9999000099990001,True
sn1,20,51,0.045710451900959015,0.041496055512823295,2.412208439444678e-58,0.9999000099990001,True
sn1,20,52,,0.0,,0.009900990099009901,False
sn1,20,53,0.02759505808353424,0.017499258436529875,6.920787801693687e-27,0.9999000099990001,True
sn1,20,54,0.15404321253299713,0.13106785771707244,1.035841523661296e-172,0.9999000099990001,True
sn1,20,55,,0.0,,0.009900990099009901,False
sn1,20,56,,0.0,,0.009900990099009901,False
sn1,20,57,0.13438034057617188,0.07915752266625327,3.468954580257836e-154,0.9999000099990001,True
sn1,20,58,,0.0,,0.009900990099009901,False
sn1,20,59,0.06145801767706871,0.03705495364632333,3.878234488719761e-77,0.9999000099990001,True
sn1,20,60,0.22026559710502625,0.15093969327546614,4.622510200302848e-224,0.9999000099990001,True
sn1,20,61,0.11084529012441635,0.06753821529729422,1.8774158618406697e-134,0.9999000099990001,True
sn1,20,62,0.16642771661281586,0.12717632780671106,5.535608209106832e-184,0.9999000099990001,True
sn1,20,63,,0.0,,0.009900990099009901,False
layer1.1.sn2,20,0,0.17513449490070343,0.12661244633619517,3.653043230309831e-188,0.9999000099990001,True
layer1.1.sn2,20,1,0.5421580672264099,0.4041961539347142,0.0,0.9999000099990001,True
layer1.1.sn2,20,2,0.4192771911621094,0.3149773265393891,0.0,0.9999000099990001,True
layer1.1.sn2,20,3,0.181706503033638,0.1416586311357242,3.56594613917598e-196,0.9999000099990001,True
layer1.1.sn2,20,4,0.14187228679656982,0.10897245380548984,6.571355915424733e-166,0.9999000099990001,True
layer1.1.sn2,20,5,0.49000662565231323,0.35582484447547186,0.0,0.9999000099990001,True
layer1.1.sn2,20,6,0.2107267677783966,0.16571309034786336,3.6636778719393375e-217,0.9999000099990001,True
layer1.1.sn2,20,7,0.453975647687912,0.32615935306835253,0.0,0.9999000099990001,True
layer1.1.sn2,20,8,0.4949488341808319,0.3617854822002904,0.0,0.9999000099990001,True
layer1.1.sn2,20,9,0.48398399353027344,0.35337558255934953,0.0,0.9999000099990001,True
layer1.1.sn2,20,10,0.24190056324005127,0.17990130002175425,1.3593078122527626e-239,0.9999000099990001,True
layer1.1.sn2,20,11,0.47160038352012634,0.3301625220801354,0.0,0.9999000099990001,True
layer1.1.sn2,20,12,0.1857825666666031,0.14155618556488458,6.0113207977733484e-195,0.9999000099990001,True
layer1.1.sn2,20,13,0.1568053662776947,0.12664161687114595,1.6683078124003177e-175,0.9999000099990001,True
layer1.1.sn2,20,14,0.3803841471672058,0.2820793405795324,0.0,0.9999000099990001,True
layer1.1.sn2,20,15,0.17840144038200378,0.15021960294710787,5.733210722729647e-188,0.9999000099990001,True
layer1.1.sn2,20,16,0.16735155880451202,0.13724231641482304,2.11415725704751e-178,0.9999000099990001,True
layer1.1.sn2,20,17,0.4987780451774597,0.3569388115093266,0.0,0.9999000099990001,True
layer1.1.sn2,20,18,0.21933305263519287,0.16431304146486775,8.286240440007039e-226,0.9999000099990001,True
layer1.1.sn2,20,19,0.19642993807792664,0.13335473716836055,5.9952976491096204e-210,0.9999000099990001,True
layer1.1.sn2,20,20,0.5430154800415039,0.4026011963233138,0.0,0.9999000099990001,True
layer1.1.sn2,20,21,0.20019499957561493,0.1601314656401034,3.1121049051347086e-205,0.9999000099990001,True
layer1.1.sn2,20,22,0.5431880354881287,0.39633325746564046,0.0,0.9999000099990001,True
layer1.1.sn2,20,23,0.22339174151420593,0.16226726587779014,1.5995827910002894e-222,0.9999000099990001,True
layer1.1.sn2,20,24,0.4612139165401459,0.3370672559017036,0.0,0.9999000099990001,True
layer1.1.sn2,20,25,0.5002709031105042,0.3609732146306386,0.0,0.9999000099990001,True
layer1.1.sn2,20,26,0.35447007417678833,0.2535216036168343,1.6306044160194286e-308,0.9999000099990001,True
layer1.1.sn2,20,27,0.4260011911392212,0.3137012245421763,0.0,0.9999000099990001,True
layer1.1.sn2,20,28,0.484648734331131,0.3379875846033277,0.0,0.9999000099990001,True
layer1.1.sn2,20,29,0.25535306334495544,0.15968097131491887,0.0,0.9999000099990001,True
layer1.1.sn2,20,30,0.22567608952522278,0.1697011583796997,9.709832231303217e-231,0.9999000099990001,True
layer1.1.sn2,20,31,0.13497406244277954,0.1016264512883955,3.909822117007119e-151,0.9999000099990001,True
layer1.1.sn2,20,32,0.5529488325119019,0.41538531712511195,0.0,0.9999000099990001,True
layer1.1.sn2,20,33,0.30609381198883057,0.2215549005386398,2.743915788889592e-278,0.9999000099990001,True
layer1.1.sn2,20,34,0.25979408621788025,0.1851659949358857,2.3050032375510246e-244,0.9999000099990001,True
layer1.1.sn2,20,35,0.2506362497806549,0.1819704686227722,1.1973903410968559e-247,0.9999000099990001,True
layer1.1.sn2,20,36,0.4801386296749115,0.3460246554985351,0.0,0.9999000099990001,True
layer1.1.sn2,20,37,0.5016223788261414,0.36142808736908305,0.0,0.9999000099990001,True
layer1.1.sn2,20,38,0.5199581384658813,0.3867481190874551,0.0,0.9999000099990001,True
layer1.1.sn2,20,39,0.3970758020877838,0.2786984532254585,0.0,0.9999000099990001,True
layer1.1.sn2,20,40,0.18215325474739075,0.13279526577564713,1.5975301396001557e-196,0.9999000099990001,True
layer1.1.sn2,20,41,0.4388454258441925,0.30189077738697495,0.0,0.9999000099990001,True
layer1.1.sn2,20,42,0.36672624945640564,0.23297233182776178,0.0,0.9999000099990001,True
layer1.1.sn2,20,43,0.1330196112394333,0.10512737536538722,3.1539544927103637e-149,0.9999000099990001,True
layer1.1.sn2,20,44,0.29685235023498535,0.22900597045648588,1.0050588250239985e-270,0.9999000099990001,True
layer1.1.sn2,20,45,0.30879104137420654,0.23118827485573512,6.160844566079417e-276,0.9999000099990001,True
layer1.1.sn2,20,46,0.2998073101043701,0.22368007013371885,4.514435611272547e-273,0.9999000099990001,True
layer1.1.sn2,20,47,0.18028682470321655,0.13718997431863672,1.1631436427077452e-203,0.9999000099990001,True
layer1.1.sn2,20,48,0.19550319015979767,0.15017863052706792,2.468782643581921e-204,0.9999000099990001,True
layer1.1.sn2,20,49,0.19033370912075043,0.14241486448833368,1.9592300540525035e-202,0.9999000099990001,True
layer1.1.sn2,20,50,0.2854442000389099,0.1855129378040553,0.0,0.9999000099990001,True
layer1.1.sn2,20,51,0.2771941125392914,0.2005045628648856,1.7617906370684601e-264,0.9999000099990001,True
layer1.1.sn2,20,52,0.18510408699512482,0.1405010253725206,2.9746574709956463e-199,0.9999000099990001,True
layer1.1.sn2,20,53,0.37049606442451477,0.2690904765137337,3.786724560187e-312,0.9999000099990001,True
layer1.1.sn2,20,54,0.16552384197711945,0.11807562281221526,1.172460696776175e-181,0.9999000099990001,True
layer1.1.sn2,20,55,0.398897260427475,0.28948423190551686,0.0,0.9999000099990001,True
layer1.1.sn2,20,56,0.3507574498653412,0.26367852041651785,2.311908257004121e-305,0.9999000099990001,True
layer1.1.sn2,20,57,0.560249924659729,0.40260348123677403,0.0,0.9999000099990001,True
layer1.1.sn2,20,58,0.5478947162628174,0.39474148891269717,0.0,0.9999000099990001,True
layer1.1.sn2,20,59,0.17961040139198303,0.1406672926181175,1.7718920495987316e-193,0.9999000099990001,True
layer1.1.sn2,20,60,0.41192594170570374,0.2992658265628416,0.0,0.9999000099990001,True
layer1.1.sn2,20,61,0.26015302538871765,0.19332053719950526,2.5111771665388018e-253,0.9999000099990001,True
layer1.1.sn2,20,62,0.5184487700462341,0.36643567741277705,0.0,0.9999000099990001,True
layer1.1.sn2,20,63,0.27600276470184326,0.1954050493598119,3.006652016924973e-265,0.9999000099990001,True
layer2.1.sn2,20,0,0.4322293996810913,0.2888820244297014,0.0,0.9999000099990001,True
layer2.1.sn2,20,1,0.4908381402492523,0.3551118384116997,0.0,0.9999000099990001,True
layer2.1.sn2,20,2,0.5193782448768616,0.38866202731952304,0.0,0.9999000099990001,True
layer2.1.sn2,20,3,0.21850110590457916,0.1628491020882883,1.1385908673475166e-230,0.9999000099990001,True
layer2.1.sn2,20,4,0.251190185546875,0.18103889852112054,1.6328668732790683e-244,0.9999000099990001,True
layer2.1.sn2,20,5,0.22337961196899414,0.14958758533398886,8.149022613302414e-227,0.9999000099990001,True
layer2.1.sn2,20,6,0.4812634587287903,0.3647284263680104,0.0,0.9999000099990001,True
layer2.1.sn2,20,7,0.14036788046360016,0.1075344988242217,2.8442492446432205e-161,0.9999000099990001,True
layer2.1.sn2,20,8,0.5743802785873413,0.3894956826943401,0.0,0.9999000099990001,True
layer2.1.sn2,20,9,0.06110876053571701,0.04650507807004234,1.5464669970203535e-75,0.9999000099990001,True
layer2.1.sn2,20,10,0.1654426008462906,0.12823016154605682,2.4596717916125054e-183,0.9999000099990001,True
layer2.1.sn2,20,11,0.5981768369674683,0.4422860364901363,0.0,0.9999000099990001,True
layer2.1.sn2,20,12,0.42549413442611694,0.3036424802293482,0.0,0.9999000099990001,True
layer2.1.sn2,20,13,0.20203238725662231,0.1477597153262185,3.901475837493656e-203,0.9999000099990001,True
layer2.1.sn2,20,14,0.2935199439525604,0.20291783668517832,9.774666691594837e-277,0.9999000099990001,True
layer2.1.sn2,20,15,0.18716199696063995,0.13201223143116264,8.207213272546354e-197,0.9999000099990001,True
layer2.1.sn2,20,16,0.09659846872091293,0.08186810044348286,1.7348663524077372e-117,0.9999000099990001,True
layer2.1.sn2,20,17,0.5149508714675903,0.3701019584000711,0.0,0.9999000099990001,True
layer2.1.sn2,20,18,0.1250772327184677,0.09350488971111509,1.0324655736193823e-146,0.9999000099990001,True
layer2.1.sn2,20,19,0.6090542078018188,0.45790536704896284,0.0,0.9999000099990001,True
layer2.1.sn2,20,20,0.3044080436229706,0.22486294486926278,1.3271890290236335e-277,0.9999000099990001,True
layer2.1.sn2,20,21,0.2158818542957306,0.1468188285674629,2.1173465265479623e-225,0.9999000099990001,True
layer2.1.sn2,20,22,0.14875805377960205,0.11585549786354327,1.2184057552803621e-171,0.9999000099990001,True
layer2.1.sn2,20,23,0.5477668642997742,0.359725501572027,0.0,0.9999000099990001,True
layer2.1.sn2,20,24,0.28150445222854614,0.19549492199796142,1.2646089998378496e-266,0.9999000099990001,True
layer2.1.sn2,20,25,0.5409495234489441,0.3982455041714944,0.0,0.9999000099990001,True
layer2.1.sn2,20,26,0.4054781496524811,0.3018413522102044,0.0,0.9999000099990001,True
layer2.1.sn2,20,27,0.1949646770954132,0.14455815051044998,1.0533326632622544e-201,0.9999000099990001,True
layer2.1.sn2,20,28,0.5660616755485535,0.4205089982194511,0.0,0.9999000099990001,True
layer2.1.sn2,20,29,0.11499301344156265,0.08599889873198986,1.1936118676467318e-134,0.9999000099990001,True
layer2.1.sn2,20,30,0.37069597840309143,0.25595987436131973,1.0571781884687e-311,0.9999000099990001,True
layer2.1.sn2,20,31,0.30928507447242737,0.22057187953240476,4.5490266493876824e-285,0.9999000099990001,True
layer2.1.sn2,20,32,0.15509316325187683,0.1246220702064459,1.5735086030489728e-171,0.9999000099990001,True
layer2.1.sn2,20,33,0.34718525409698486,0.22325996684336014,0.0,0.9999000099990001,True
layer2.1.sn2,20,34,0.17081096768379211,0.1257093167911365,2.3825765051798402e-181,0.9999000099990001,True
layer2.1.sn2,20,35,0.5972280502319336,0.4440420777410089,0.0,0.9999000099990001,True
layer2.1.sn2,20,36,0.44814765453338623,0.2901281966917673,0.0,0.9999000099990001,True
layer2.1.sn2,20,37,0.22227159142494202,0.16118101493985235,2.278338469899943e-223,0.9999000099990001,True
layer2.1.sn2,20,38,0.3085981607437134,0.19786085265975945,9.789800307755165e-286,0.9999000099990001,True
layer2.1.sn2,20,39,0.2694375514984131,0.20151037279551698,7.057392018141661e-265,0.9999000099990001,True
layer2.1.sn2,20,40,0.5069520473480225,0.3727551314487454,0.0,0.9999000099990001,True
layer2.1.sn2,20,41,0.22904753684997559,0.1674801278345329,1.1880679433589042e-226,0.9999000099990001,True
layer2.1.sn2,20,42,0.5718610882759094,0.4288176309411127,0.0,0.9999000099990001,True
layer2.1.sn2,20,43,0.2657569348812103,0.20277668784108915,2.4859919402372084e-255,0.9999000099990001,True
layer2.1.sn2,20,44,0.31834420561790466,0.23359250847592453,5.944661771985944e-280,0.9999000099990001,True
layer2.1.sn2,20,45,0.546720027923584,0.37181006205114037,0.0,0.9999000099990001,True
layer2.1.sn2,20,46,0.5208433270454407,0.38509003815736326,0.0,0.9999000099990001,True
layer2.1.sn2,20,47,0.5023910999298096,0.36102684661273055,0.0,0.9999000099990001,True
layer2.1.sn2,20,48,0.16936248540878296,0.1283405237921991,1.0635126696832234e-184,0.9999000099990001,True
layer2.1.sn2,20,49,0.30884096026420593,0.21659313509317873,5.93072972063797e-283,0.9999000099990001,True
layer2.1.sn2,20,50,0.172648087143898,0.13688612194459074,1.7489540937488695e-184,0.9999000099990001,True
layer2.1.sn2,20,51,0.5674635171890259,0.41356622783210645,0.0,0.9999000099990001,True
layer2.1.sn2,20,52,0.3922991156578064,0.2894690473602245,0.0,0.9999000099990001,True
layer2.1.sn2,20,53,0.24297641217708588,0.18086648031541488,3.755699531135112e-241,0.9999000099990001,True
layer2.1.sn2,20,54,0.34286636114120483,0.24823917496205317,3.306351625012555e-296,0.9999000099990001,True
layer2.1.sn2,20,55,0.6004340052604675,0.40762056554670056,0.0,0.9999000099990001,True
layer2.1.sn2,20,56,0.21818257868289948,0.16831336964622723,5.2744801059694035e-229,0.9999000099990001,True
layer2.1.sn2,20,57,0.39196115732192993,0.29023353241095,0.0,0.9999000099990001,True
layer2.1.sn2,20,58,0.26617687940597534,0.17345434978403118,6.466476383986124e-250,0.9999000099990001,True
layer2.1.sn2,20,59,0.27635952830314636,0.2049523820409774,1.2475272170157388e-262,0.9999000099990001,True
layer2.1.sn2,20,60,0.41466662287712097,0.2980214975191615,0.0,0.9999000099990001,True
layer2.1.sn2,20,61,0.2718065679073334,0.19621029402007542,1.4299493444503586e-267,0.9999000099990001,True
layer2.1.sn2,20,62,0.2401215136051178,0.18596540888961893,1.8954373816094898e-239,0.9999000099990001,True
layer2.1.sn2,20,63,0.6287948489189148,0.43108905847109297,0.0,0.9999000099990001,True
layer2.1.sn2,20,64,0.2387062907218933,0.18072480365836158,5.804082130468116e-240,0.9999000099990001,True
layer2.1.sn2,20,65,0.23973646759986877,0.17408378075412018,5.7051190836871745e-244,0.9999000099990001,True
layer2.1.sn2,20,66,0.3145751655101776,0.2349087442256017,7.8735849536535e-278,0.9999000099990001,True
layer2.1.sn2,20,67,0.34878283739089966,0.2545697471883511,2.89197860267349e-304,0.9999000099990001,True
layer2.1.sn2,20,68,0.22045733034610748,0.16392732894034828,7.373427274358859e-218,0.9999000099990001,True
layer2.1.sn2,20,69,0.48453056812286377,0.34402343780234823,0.0,0.9999000099990001,True
layer2.1.sn2,20,70,0.2814421057701111,0.21337760770910247,1.5511168192762886e-264,0.9999000099990001,True
layer2.1.sn2,20,71,0.17834129929542542,0.12920103136831812,2.7123691524098832e-192,0.9999000099990001,True
layer2.1.sn2,20,72,0.4934633672237396,0.3526990934522795,0.0,0.9999000099990001,True
layer2.1.sn2,20,73,0.46597790718078613,0.3376303682853302,0.0,0.9999000099990001,True
layer2.1.sn2,20,74,0.16013438999652863,0.12775716442372542,3.300029908062054e-175,0.9999000099990001,True
layer2.1.sn2,20,75,0.16742609441280365,0.10946310724385126,0.0,0.9999000099990001,True
layer2.1.sn2,20,76,0.17387883365154266,0.1323485916049543,3.7630551134549244e-189,0.9999000099990001,True
layer2.1.sn2,20,77,0.21428103744983673,0.14325318009534793,1.2009422721305222e-211,0.9999000099990001,True
layer2.1.sn2,20,78,0.579852819442749,0.38669891810751866,0.0,0.9999000099990001,True
layer2.1.sn2,20,79,0.4007284939289093,0.2796821365301384,0.0,0.9999000099990001,True
layer2.1.sn2,20,80,0.490991473197937,0.36646396533643943,0.0,0.9999000099990001,True
layer2.1.sn2,20,81,0.13721689581871033,0.10098503954201697,9.174265767317408e-155,0.9999000099990001,True
layer2.1.sn2,20,82,0.24503804743289948,0.17114326611365954,1.489856589591978e-240,0.9999000099990001,True
layer2.1.sn2,20,83,0.3061540722846985,0.2212959757553317,1.6549850265560518e-278,0.9999000099990001,True
layer2.1.sn2,20,84,0.3140624761581421,0.2506177351553096,2.4654845995432122e-279,0.9999000099990001,True
layer2.1.sn2,20,85,0.6017033457756042,0.41177717824791626,0.0,0.9999000099990001,True
layer2.1.sn2,20,86,0.5309532880783081,0.3975413077604026,0.0,0.9999000099990001,True
layer2.1.sn2,20,87,0.32560738921165466,0.24213418273243215,1.3432245852154775e-282,0.9999000099990001,True
layer2.1.sn2,20,88,0.4422123432159424,0.2978838891930812,0.0,0.9999000099990001,True
layer2.1.sn2,20,89,0.417852520942688,0.2757505555643035,0.0,0.9999000099990001,True
layer2.1.sn2,20,90,0.22861924767494202,0.17967609472827115,9.486975430423363e-233,0.9999000099990001,True
layer2.1.sn2,20,91,0.1944975107908249,0.14914500841492112,3.3489437944944555e-203,0.9999000099990001,True
layer2.1.sn2,20,92,0.36729976534843445,0.2663943858169954,4.572733830192417e-307,0.9999000099990001,True
layer2.1.sn2,20,93,0.5478088855743408,0.36804130893368464,0.0,0.9999000099990001,True
layer2.1.sn2,20,94,0.44146662950515747,0.3228727695055039,0.0,0.9999000099990001,True
layer2.1.sn2,20,95,0.5031845569610596,0.36393472455930215,0.0,0.9999000099990001,True
layer2.1.sn2,20,96,0.36488309502601624,0.27412211545855875,5.150033956982091e-303,0.9999000099990001,True
layer2.1.sn2,20,97,0.20243464410305023,0.14653595675200537,2.6742330130850854e-208,0.9999000099990001,True
layer2.1.sn2,20,98,0.5288270115852356,0.4010691950134842,0.0,0.9999000099990001,True
layer2.1.sn2,20,99,0.17508599162101746,0.12895425039193648,5.839247642359715e-189,0.9999000099990001,True
layer2.1.sn2,20,100,0.14214445650577545,0.11752587897311934,2.247491911448559e-157,0.9999000099990001,True
layer2.1.sn2,20,101,0.19196291267871857,0.15228010191317087,2.23556094061555e-202,0.9999000099990001,True
layer2.1.sn2,20,102,0.23690268397331238,0.18182332755296343,2.069703043785698e-232,0.9999000099990001,True
layer2.1.sn2,20,103,0.560180127620697,0.42758491868269966,0.0,0.9999000099990001,True
layer2.1.sn2,20,104,0.4313191771507263,0.2873256239404779,0.0,0.9999000099990001,True
layer2.1.sn2,20,105,0.2789571285247803,0.19835182863259176,2.825063948928353e-262,0.9999000099990001,True
layer2.1.sn2,20,106,0.39246976375579834,0.295773416367883,0.0,0.9999000099990001,True
layer2.1.sn2,20,107,0.34286680817604065,0.2446185426370488,8.713616383788302e-299,0.9999000099990001,True
layer2.1.sn2,20,108,0.6110137104988098,0.41359674870689955,0.0,0.9999000099990001,True
layer2.1.sn2,20,109,0.1646357923746109,0.11887258666244327,2.6090516132463446e-175,0.9999000099990001,True
layer2.1.sn2,20,110,0.46331587433815,0.34481531597325343,0.0,0.9999000099990001,True
layer2.1.sn2,20,111,0.14760495722293854,0.09052772287484298,0.0,0.9999000099990001,True
layer2.1.sn2,20,112,0.3013668656349182,0.21840328809517653,9.573413883144707e-268,0.9999000099990001,True
layer2.1.sn2,20,113,0.25402140617370605,0.18649552138877312,1.8732353886100898e-243,0.9999000099990001,True
layer2.1.sn2,20,114,0.2817270755767822,0.20527764822584682,8.155717036988173e-258,0.9999000099990001,True
layer2.1.sn2,20,115,0.3496667444705963,0.2536631746653914,2.950572250743545e-303,0.9999000099990001,True
layer2.1.sn2,20,116,0.28090161085128784,0.2220630869443268,1.9138046258552412e-264,0.9999000099990001,True
layer2.1.sn2,20,117,0.3380280137062073,0.24574612190818584,1.6854421498441857e-302,0.9999000099990001,True
layer2.1.sn2,20,118,0.2819139063358307,0.20405508561033875,2.024385761253692e-267,0.9999000099990001,True
layer2.1.sn2,20,119,0.20885442197322845,0.13937632047981613,6.306844592627563e-218,0.9999000099990001,True
layer2.1.sn2,20,120,0.15776658058166504,0.11768519698325061,7.18993242707262e-173,0.9999000099990001,True
layer2.1.sn2,20,121,0.13280023634433746,0.09647241216913151,5.951707116908743e-152,0.9999000099990001,True
layer2.1.sn2,20,122,0.320600301027298,0.2390108316698334,3.8992068313371384e-282,0.9999000099990001,True
layer2.1.sn2,20,123,0.39017894864082336,0.28404971689089153,0.0,0.9999000099990001,True
layer2.1.sn2,20,124,0.2496926337480545,0.18473057022792488,1.3372045405321707e-249,0.9999000099990001,True
layer2.1.sn2,20,125,0.32794395089149475,0.21280575219272224,0.0,0.9999000099990001,True
layer2.1.sn2,20,126,0.6235717535018921,0.422211774358098,0.0,0.9999000099990001,True
layer2.1.sn2,20,127,0.25862571597099304,0.19255207507251448,1.5060122561910838e-248,0.9999000099990001,True
layer3.1.sn2,20,0,0.6232589483261108,0.4286923191607906,0.0,0.9999000099990001,True
layer3.1.sn2,20,1,0.3681691586971283,0.310276647981674,0.0,0.9999000099990001,True
layer3.1.sn2,20,2,0.3222087025642395,0.290984515053635,2.195031488553461e-285,0.9999000099990001,True
layer3.1.sn2,20,3,0.45914962887763977,0.3415122057087213,0.0,0.9999000099990001,True
layer3.1.sn2,20,4,0.26383015513420105,0.23313363627042333,8.327725531446761e-254,0.9999000099990001,True
layer3.1.sn2,20,5,0.4762102961540222,0.3256495660546287,0.0,0.9999000099990001,True
layer3.1.sn2,20,6,0.4462549090385437,0.3038894998783045,0.0,0.9999000099990001,True
layer3.1.sn2,20,7,0.5537737607955933,0.4320629825320854,0.0,0.9999000099990001,True
layer3.1.sn2,20,8,0.48060712218284607,0.33159769844267195,0.0,0.9999000099990001,True
layer3.1.sn2,20,9,0.3973420560359955,0.2747107478055161,0.0,0.9999000099990001,True
layer3.1.sn2,20,10,0.27625712752342224,0.22340927845531963,1.7115175644333354e-257,0.9999000099990001,True
layer3.1.sn2,20,11,0.42465445399284363,0.36646016620558935,0.0,0.9999000099990001,True
layer3.1.sn2,20,12,0.36008039116859436,0.24756858457042097,0.0,0.9999000099990001,True
layer3.1.sn2,20,13,0.3951370120048523,0.34642726537822155,0.0,0.9999000099990001,True
layer3.1.sn2,20,14,0.5739473700523376,0.39339398368413914,0.0,0.9999000099990001,True
layer3.1.sn2,20,15,0.5661088824272156,0.38916365761716853,0.0,0.9999000099990001,True
layer3.1.sn2,20,16,0.5063297152519226,0.3473404811897025,0.0,0.9999000099990001,True
layer3.1.sn2,20,17,0.3069976270198822,0.23418043707813882,3.156139294354149e-278,0.9999000099990001,True
layer3.1.sn2,20,18,0.45380496978759766,0.3472675233235961,0.0,0.9999000099990001,True
layer3.1.sn2,20,19,0.3673226237297058,0.2856348493175399,1.400447719554666e-309,0.9999000099990001,True
layer3.1.sn2,20,20,0.21827204525470734,0.1532322834642791,0.0,0.9999000099990001,True
layer3.1.sn2,20,21,0.31359633803367615,0.2444846815243499,2.1172031045754678e-280,0.9999000099990001,True
layer3.1.sn2,20,22,0.45318564772605896,0.3411664451665746,0.0,0.9999000099990001,True
layer3.1.sn2,20,23,0.22339527308940887,0.17965502632626806,5.936116149730885e-232,0.9999000099990001,True
layer3.1.sn2,20,24,0.2640798091888428,0.22043947140148845,4.3285714262717145e-254,0.9999000099990001,True
layer3.1.sn2,20,25,0.39751142263412476,0.33373775397754546,0.0,0.9999000099990001,True
layer3.1.sn2,20,26,0.5907005667686462,0.40538523976264124,0.0,0.9999000099990001,True
layer3.1.sn2,20,27,0.19399313628673553,0.19979176285702754,2.750473683971775e-204,0.9999000099990001,True
layer3.1.sn2,20,28,0.39708060026168823,0.2692332678304067,0.0,0.9999000099990001,True
layer3.1.sn2,20,29,0.34671080112457275,0.24094481637032283,0.0,0.9999000099990001,True
layer3.1.sn2,20,30,0.4949617087841034,0.33838498494323294,0.0,0.9999000099990001,True
layer3.1.sn2,20,31,0.5595846772193909,0.38192908926450975,0.0,0.9999000099990001,True
layer3.1.sn2,20,32,0.4562721252441406,0.3162369633383062,0.0,0.9999000099990001,True
layer3.1.sn2,20,33,0.43740805983543396,0.3447186774183678,0.0,0.9999000099990001,True
layer3.1.sn2,20,34,0.40021437406539917,0.27959222316404697,0.0,0.9999000099990001,True
layer3.1.sn2,20,35,0.5073813199996948,0.38721513360094356,0.0,0.9999000099990001,True
layer3.1.sn2,20,36,0.5924938321113586,0.40625106446254367,0.0,0.9999000099990001,True
layer3.1.sn2,20,37,0.49932780861854553,0.34500129836322835,0.0,0.9999000099990001,True
layer3.1.sn2,20,38,0.5729408264160156,0.3925582215269477,0.0,0.9999000099990001,True
layer3.1.sn2,20,39,0.42579197883605957,0.2970997924433282,0.0,0.9999000099990001,True
layer3.1.sn2,20,40,0.33932292461395264,0.27407384725915734,4.461174936440999e-292,0.9999000099990001,True
layer3.1.sn2,20,41,0.48444274067878723,0.3583579377727955,0.0,0.9999000099990001,True
layer3.1.sn2,20,42,0.2560308873653412,0.21756292231898067,3.57905906724643e-248,0.9999000099990001,True
layer3.1.sn2,20,43,0.5748597979545593,0.393900222722588,0.0,0.9999000099990001,True
layer3.1.sn2,20,44,0.25000235438346863,0.19780261100140556,6.551654471955685e-250,0.9999000099990001,True
layer3.1.sn2,20,45,0.5250747203826904,0.36467126856615656,0.0,0.9999000099990001,True
layer3.1.sn2,20,46,0.619854211807251,0.42789815616663385,0.0,0.9999000099990001,True
layer3.1.sn2,20,47,0.5358087420463562,0.36782972451259366,0.0,0.9999000099990001,True
layer3.1.sn2,20,48,0.25179412961006165,0.2050313787979275,5.240467212936695e-246,0.9999000099990001,True
layer3.1.sn2,20,49,0.5472502112388611,0.38037754395975387,0.0,0.9999000099990001,True
layer3.1.sn2,20,50,0.2530404329299927,0.20018760940369723,7.974719506449151e-239,0.9999000099990001,True
layer3.1.sn2,20,51,0.6225483417510986,0.4289464406177078,0.0,0.9999000099990001,True
layer3.1.sn2,20,52,0.6071493625640869,0.41792168901295074,0.0,0.9999000099990001,True
layer3.1.sn2,20,53,0.5074026584625244,0.34815590691780807,0.0,0.9999000099990001,True
layer3.1.sn2,20,54,0.5429922342300415,0.3731320433553815,0.0,0.9999000099990001,True
layer3.1.sn2,20,55,0.29097649455070496,0.21914757268023688,3.7068703757539343e-266,0.9999000099990001,True
layer3.1.sn2,20,56,0.43342652916908264,0.29598996170121283,0.0,0.9999000099990001,True
layer3.1.sn2,20,57,0.32932615280151367,0.24471657693685583,2.9617397972056065e-285,0.9999000099990001,True
layer3.1.sn2,20,58,0.22017201781272888,0.19919179484498636,7.448585559903436e-225,0.9999000099990001,True
layer3.1.sn2,20,59,0.35285648703575134,0.2858691817937884,1.7748586813515405e-302,0.9999000099990001,True
layer3.1.sn2,20,60,0.3135260343551636,0.21727572387356844,0.0,0.9999000099990001,True
layer3.1.sn2,20,61,0.44810378551483154,0.3065618779584537,0.0,0.9999000099990001,True
layer3.1.sn2,20,62,0.5911475419998169,0.4087073045664572,0.0,0.9999000099990001,True
layer3.1.sn2,20,63,0.5432122945785522,0.4231848758304183,0.0,0.9999000099990001,True
layer3.1.sn2,20,64,0.5238919854164124,0.36155357822341716,0.0,0.9999000099990001,True
layer3.1.sn2,20,65,0.17442001402378082,0.14606519499704235,1.0675376420560061e-182,0.9999000099990001,True
layer3.1.sn2,20,66,0.5707641243934631,0.39491342773258686,0.0,0.9999000099990001,True
layer3.1.sn2,20,67,0.5434290170669556,0.3754546081526572,0.0,0.9999000099990001,True
layer3.1.sn2,20,68,0.545998215675354,0.36881921559444086,0.0,0.9999000099990001,True
layer3.1.sn2,20,69,0.5967932343482971,0.4050199319208168,0.0,0.9999000099990001,True
layer3.1.sn2,20,70,0.2192571759223938,0.1827082352656341,1.0213391025987169e-223,0.9999000099990001,True
layer3.1.sn2,20,71,0.1657075732946396,0.1299060014148659,1.1830302716040584e-181,0.9999000099990001,True
layer3.1.sn2,20,72,0.49953168630599976,0.34483589679312426,0.0,0.9999000099990001,True
layer3.1.sn2,20,73,0.3796433210372925,0.3255200268438071,0.0,0.9999000099990001,True
layer3.1.sn2,20,74,0.5685200691223145,0.3891199158592034,0.0,0.9999000099990001,True
layer3.1.sn2,20,75,0.4046037197113037,0.31637738356470374,0.0,0.9999000099990001,True
layer3.1.sn2,20,76,0.35186249017715454,0.2750257695451514,6.155946043403634e-299,0.9999000099990001,True
layer3.1.sn2,20,77,0.5969868898391724,0.41013558995343125,0.0,0.9999000099990001,True
layer3.1.sn2,20,78,0.6408358812332153,0.4409208968356404,0.0,0.9999000099990001,True
layer3.1.sn2,20,79,0.38986244797706604,0.2691740475163832,0.0,0.9999000099990001,True
layer3.1.sn2,20,80,0.27463826537132263,0.19276480918538788,0.0,0.9999000099990001,True
layer3.1.sn2,20,81,0.32967516779899597,0.25982179027560026,1.1635498018766366e-289,0.9999000099990001,True
layer3.1.sn2,20,82,0.5782309174537659,0.39997712363077725,0.0,0.9999000099990001,True
layer3.1.sn2,20,83,0.15119150280952454,0.12960036321828677,5.292714958836597e-170,0.9999000099990001,True
layer3.1.sn2,20,84,0.6275570392608643,0.43403991842479195,0.0,0.9999000099990001,True
layer3.1.sn2,20,85,0.322490930557251,0.2235839437804796,0.0,0.9999000099990001,True
layer3.1.sn2,20,86,0.5451222062110901,0.42434128251106445,0.0,0.9999000099990001,True
layer3.1.sn2,20,87,0.5845098495483398,0.40287880636768325,0.0,0.9999000099990001,True
layer3.1.sn2,20,88,0.5074812173843384,0.3527992831368931,0.0,0.9999000099990001,True
layer3.1.sn2,20,89,0.13236303627490997,0.11037559235010201,1.8962446212245116e-148,0.9999000099990001,True
layer3.1.sn2,20,90,0.2601393759250641,0.19862763882710513,5.489440551027818e-248,0.9999000099990001,True
layer3.1.sn2,20,91,0.2954427897930145,0.2009383180627658,0.0,0.9999000099990001,True
layer3.1.sn2,20,92,0.41448116302490234,0.2894530933909259,0.0,0.9999000099990001,True
layer3.1.sn2,20,93,0.2849036157131195,0.21624541156047097,8.974670785022032e-263,0.9999000099990001,True
layer3.1.sn2,20,94,0.6149269342422485,0.42265183317001354,0.0,0.9999000099990001,True
layer3.1.sn2,20,95,0.41436678171157837,0.3469616460804459,0.0,0.9999000099990001,True
layer3.1.sn2,20,96,0.22930504381656647,0.19735013310092608,2.712245556149094e-233,0.9999000099990001,True
layer3.1.sn2,20,97,0.19099225103855133,0.1532197426682233,1.5306889276686785e-205,0.9999000099990001,True
layer3.1.sn2,20,98,0.43642252683639526,0.30127647314086836,0.0,0.9999000099990001,True
layer3.1.sn2,20,99,0.18253789842128754,0.1526896970178881,2.9840692939540243e-196,0.9999000099990001,True
layer3.1.sn2,20,100,0.4999846816062927,0.34180043934012827,0.0,0.9999000099990001,True
layer3.1.sn2,20,101,0.5109260678291321,0.4034607959590889,0.0,0.9999000099990001,True
layer3.1.sn2,20,102,0.39809656143188477,0.30242706756858573,0.0,0.9999000099990001,True
layer3.1.sn2,20,103,0.6227887868881226,0.42538077080584463,0.0,0.9999000099990001,True
layer3.1.sn2,20,104,0.3250216841697693,0.2390704223758701,1.1294767252953522e-282,0.9999000099990001,True
layer3.1.sn2,20,105,0.4426763355731964,0.3022873828359749,0.0,0.9999000099990001,True
layer3.1.sn2,20,106,0.3401520550251007,0.259068719962475,1.1119721915058047e-295,0.9999000099990001,True
layer3.1.sn2,20,107,0.5478960275650024,0.4253560846842831,0.0,0.9999000099990001,True
layer3.1.sn2,20,108,0.5385674834251404,0.42637607326089555,0.0,0.9999000099990001,True
layer3.1.sn2,20,109,0.40798017382621765,0.3055458617684188,0.0,0.9999000099990001,True
layer3.1.sn2,20,110,0.5223060250282288,0.3628539901719162,0.0,0.9999000099990001,True
layer3.1.sn2,20,111,0.36003464460372925,0.2842489668904838,0.0,0.9999000099990001,True
layer3.1.sn2,20,112,0.16780321300029755,0.13274539353350057,1.60399284748706e-181,0.9999000099990001,True
layer3.1.sn2,20,113,0.3206089735031128,0.32789325411206216,1.929349687138741e-286,0.9999000099990001,True
layer3.1.sn2,20,114,0.3008210361003876,0.22827409302520235,6.506734777882755e-278,0.9999000099990001,True
layer3.1.sn2,20,115,0.35258135199546814,0.24252615388889381,0.0,0.9999000099990001,True
layer3.1.sn2,20,116,0.502568781375885,0.34641097952171096,0.0,0.9999000099990001,True
layer3.1.sn2,20,117,0.4484871029853821,0.39036102509612447,0.0,0.9999000099990001,True
layer3.1.sn2,20,118,0.42175260186195374,0.3273372440340555,0.0,0.9999000099990001,True
layer3.1.sn2,20,119,0.25458571314811707,0.21727612462758622,8.903903328088837e-254,0.9999000099990001,True
layer3.1.sn2,20,120,0.4730527698993683,0.3259961720656988,0.0,0.9999000099990001,True
layer3.1.sn2,20,121,0.653207004070282,0.44728017147295485,0.0,0.9999000099990001,True
layer3.1.sn2,20,122,0.257517009973526,0.20303761393698677,2.005084520925808e-244,0.9999000099990001,True
layer3.1.sn2,20,123,0.2708430886268616,0.214486971963955,6.638623542058984e-256,0.9999000099990001,True
layer3.1.sn2,20,124,0.34051263332366943,0.2358420110776253,0.0,0.9999000099990001,True
layer3.1.sn2,20,125,0.26426634192466736,0.19920723175433314,1.7462495294055172e-252,0.9999000099990001,True
layer3.1.sn2,20,126,0.4406014084815979,0.3392744178940159,0.0,0.9999000099990001,True
layer3.1.sn2,20,127,0.4929882884025574,0.33963148792767706,0.0,0.9999000099990001,True
layer3.1.sn2,20,128,0.5468575358390808,0.4317112263507007,0.0,0.9999000099990001,True
layer3.1.sn2,20,129,0.5735134482383728,0.39471438090979194,0.0,0.9999000099990001,True
layer3.1.sn2,20,130,0.4378660321235657,0.3840313944044891,0.0,0.9999000099990001,True
layer3.1.sn2,20,131,0.24911855161190033,0.16781472201298264,0.0,0.9999000099990001,True
layer3.1.sn2,20,132,0.5051218271255493,0.3999838494329659,0.0,0.9999000099990001,True
layer3.1.sn2,20,133,0.3781125843524933,0.31219969059351305,0.0,0.9999000099990001,True
layer3.1.sn2,20,134,0.5199990272521973,0.3599128239788001,0.0,0.9999000099990001,True
layer3.1.sn2,20,135,0.6638619899749756,0.45522497768045717,0.0,0.9999000099990001,True
layer3.1.sn2,20,136,0.1831299513578415,0.1520074876004473,9.572881312886764e-199,0.9999000099990001,True
layer3.1.sn2,20,137,0.5424736142158508,0.37406778093346627,0.0,0.9999000099990001,True
layer3.1.sn2,20,138,0.33834153413772583,0.27453359397556804,4.146271841060204e-297,0.9999000099990001,True
layer3.1.sn2,20,139,0.529507040977478,0.4052402322276767,0.0,0.9999000099990001,True
layer3.1.sn2,20,140,0.43345266580581665,0.3583652675918396,0.0,0.9999000099990001,True
layer3.1.sn2,20,141,0.4256214201450348,0.29048116635215204,0.0,0.9999000099990001,True
layer3.1.sn2,20,142,0.3934687674045563,0.3365227223432611,0.0,0.9999000099990001,True
layer3.1.sn2,20,143,0.46481436491012573,0.3190531467110215,0.0,0.9999000099990001,True
layer3.1.sn2,20,144,0.17978651821613312,0.15959968953005788,1.18700841949111e-196,0.9999000099990001,True
layer3.1.sn2,20,145,0.3761960566043854,0.2888866910206868,0.0,0.9999000099990001,True
layer3.1.sn2,20,146,0.3006037771701813,0.24114815364144487,1.4061371851024674e-274,0.9999000099990001,True
layer3.1.sn2,20,147,0.45411980152130127,0.31121999214539675,0.0,0.9999000099990001,True
layer3.1.sn2,20,148,0.5140066146850586,0.35242631714033107,0.0,0.9999000099990001,True
layer3.1.sn2,20,149,0.37491485476493835,0.3069170503420251,0.0,0.9999000099990001,True
layer3.1.sn2,20,150,0.36045917868614197,0.2752307247887492,6.871721510837592e-307,0.9999000099990001,True
layer3.1.sn2,20,151,,0.32028568661707,,0.9900990099009901,False
layer3.1.sn2,20,152,0.4256199896335602,0.29324471521660966,0.0,0.9999000099990001,True
layer3.1.sn2,20,153,0.42049339413642883,0.29078320367187616,0.0,0.9999000099990001,True
layer3.1.sn2,20,154,0.46725523471832275,0.3665233417377489,0.0,0.9999000099990001,True
layer3.1.sn2,20,155,0.23748192191123962,0.16449898323942436,0.0,0.9999000099990001,True
layer3.1.sn2,20,156,0.4176575541496277,0.33174300701999515,0.0,0.9999000099990001,True
layer3.1.sn2,20,157,0.47127997875213623,0.37915060131084133,0.0,0.9999000099990001,True
layer3.1.sn2,20,158,0.33821240067481995,0.27989810098940154,1.682565800644466e-293,0.9999000099990001,True
layer3.1.sn2,20,159,0.30300042033195496,0.2637040989665584,1.224322799931991e-276,0.9999000099990001,True
layer3.1.sn2,20,160,0.5551524758338928,0.3815519781847796,0.0,0.9999000099990001,True
layer3.1.sn2,20,161,0.4501652419567108,0.3400833449263495,0.0,0.9999000099990001,True
layer3.1.sn2,20,162,0.29750004410743713,0.23254641662348274,1.5155071722580913e-279,0.9999000099990001,True
layer3.1.sn2,20,163,0.19360779225826263,0.1667389235837145,3.786838687707668e-207,0.9999000099990001,True
layer3.1.sn2,20,164,0.32794997096061707,0.25475861826375124,2.003418778816218e-294,0.9999000099990001,True
layer3.1.sn2,20,165,0.4731748402118683,0.3964149205654312,0.0,0.9999000099990001,True
layer3.1.sn2,20,166,0.1756143718957901,0.17131069647379144,1.0941601334783735e-194,0.9999000099990001,True
layer3.1.sn2,20,167,0.5514777898788452,0.3822738583299714,0.0,0.9999000099990001,True
layer3.1.sn2,20,168,0.38106676936149597,0.30927677589648706,4.60611576257189e-309,0.9999000099990001,True
layer3.1.sn2,20,169,0.32866743206977844,0.2921659521975201,1.0087769609792406e-297,0.9999000099990001,True
layer3.1.sn2,20,170,0.22309893369674683,0.15433055324552203,0.0,0.9999000099990001,True
layer3.1.sn2,20,171,0.5442867279052734,0.37394822682190676,0.0,0.9999000099990001,True
layer3.1.sn2,20,172,0.5767080783843994,0.3974417762040655,0.0,0.9999000099990001,True
layer3.1.sn2,20,173,0.4351159632205963,0.33613194945392755,0.0,0.9999000099990001,True
layer3.1.sn2,20,174,0.48534128069877625,0.40023636467295565,0.0,0.9999000099990001,True
layer3.1.sn2,20,175,0.5685797929763794,0.44244825025309314,0.0,0.9999000099990001,True
layer3.1.sn2,20,176,0.37814369797706604,0.30619542526052823,0.0,0.9999000099990001,True
layer3.1.sn2,20,177,0.3076719641685486,0.2518274602423147,1.2856457057774938e-282,0.9999000099990001,True
layer3.1.sn2,20,178,0.38182488083839417,0.26332921286766564,0.0,0.9999000099990001,True
layer3.1.sn2,20,179,0.38327986001968384,0.31684284662154405,0.0,0.9999000099990001,True
layer3.1.sn2,20,180,0.2822180986404419,0.2181134171187974,8.0177916191300865e-261,0.9999000099990001,True
layer3.1.sn2,20,181,0.16754327714443207,0.13839264262547163,2.3508146828049113e-186,0.9999000099990001,True
layer3.1.sn2,20,182,0.19724933803081512,0.15776545665338015,9.715992804008797e-206,0.9999000099990001,True
layer3.1.sn2,20,183,0.44521471858024597,0.3045585754058314,0.0,0.9999000099990001,True
layer3.1.sn2,20,184,0.3527298867702484,0.32494722298495976,5.2797689847705e-311,0.9999000099990001,True
layer3.1.sn2,20,185,0.47208285331726074,0.3821668108442087,0.0,0.9999000099990001,True
layer3.1.sn2,20,186,0.35125070810317993,0.305439730074585,1.0619460099741803e-301,0.9999000099990001,True
layer3.1.sn2,20,187,0.3793083131313324,0.2866435816931775,0.0,0.9999000099990001,True
layer3.1.sn2,20,188,0.3697584569454193,0.27722652877012205,0.0,0.9999000099990001,True
layer3.1.sn2,20,189,0.4285650849342346,0.2948173741405983,0.0,0.9999000099990001,True
layer3.1.sn2,20,190,0.3276907503604889,0.26218075367198274,1.1060554135526279e-287,0.9999000099990001,True
layer3.1.sn2,20,191,0.4252157509326935,0.2916053938958641,0.0,0.9999000099990001,True
layer3.1.sn2,20,192,0.39718037843704224,0.3039034324367783,0.0,0.9999000099990001,True
layer3.1.sn2,20,193,0.49931320548057556,0.40466970901173005,0.0,0.9999000099990001,True
layer3.1.sn2,20,194,0.3040122985839844,0.2096165608453644,0.0,0.9999000099990001,True
layer3.1.sn2,20,195,0.35217341780662537,0.2836313493683578,8.622684832992367e-306,0.9999000099990001,True
layer3.1.sn2,20,196,0.4670150578022003,0.35266309897840586,0.0,0.9999000099990001,True
layer3.1.sn2,20,197,0.5173564553260803,0.3982180047523881,0.0,0.9999000099990001,True
layer3.1.sn2,20,198,0.2981877028942108,0.2375972789831156,1.4318650318910678e-273,0.9999000099990001,True
layer3.1.sn2,20,199,0.6566653847694397,0.45306594927787336,0.0,0.9999000099990001,True
layer3.1.sn2,20,200,0.5433149337768555,0.43136370840534655,0.0,0.9999000099990001,True
layer3.1.sn2,20,201,0.3569895625114441,0.27933988950305666,2.0343120809231603e-304,0.9999000099990001,True
layer3.1.sn2,20,202,0.5160675048828125,0.4128885493512441,0.0,0.9999000099990001,True
layer3.1.sn2,20,203,0.35861659049987793,0.2709998114138396,7.334323350864257e-308,0.9999000099990001,True
layer3.1.sn2,20,204,0.49196845293045044,0.33435942474476854,0.0,0.9999000099990001,True
layer3.1.sn2,20,205,0.2763500511646271,0.2119322677174031,2.817430856633628e-259,0.9999000099990001,True
layer3.1.sn2,20,206,0.13926759362220764,0.09639170394314107,1.0635958538408167e-301,0.9999000099990001,True
layer3.1.sn2,20,207,0.32571613788604736,0.22340951099976109,0.0,0.9999000099990001,True
layer3.1.sn2,20,208,0.14217323064804077,0.12515881375401705,4.0301386398235634e-162,0.9999000099990001,True
layer3.1.sn2,20,209,0.5695719718933105,0.38988726253205297,0.0,0.9999000099990001,True
layer3.1.sn2,20,210,0.20545563101768494,0.17530781511888055,3.767114668185263e-215,0.9999000099990001,True
layer3.1.sn2,20,211,0.346931517124176,0.24316696088327014,0.0,0.9999000099990001,True
layer3.1.sn2,20,212,0.4482760429382324,0.3557754552880054,0.0,0.9999000099990001,True
layer3.1.sn2,20,213,0.11481612175703049,0.10851582974247477,4.6789303820456514e-135,0.9999000099990001,True
layer3.1.sn2,20,214,0.3942422568798065,0.2667001846886347,0.0,0.9999000099990001,True
layer3.1.sn2,20,215,0.41949665546417236,0.2883916385194384,0.0,0.9999000099990001,True
layer3.1.sn2,20,216,0.37565988302230835,0.2617554357370536,0.0,0.9999000099990001,True
layer3.1.sn2,20,217,0.4491196274757385,0.31140572803580113,0.0,0.9999000099990001,True
layer3.1.sn2,20,218,0.38020485639572144,0.2951327459781393,9.97972991072813e-310,0.9999000099990001,True
layer3.1.sn2,20,219,0.580440878868103,0.4007676571130214,0.0,0.9999000099990001,True
layer3.1.sn2,20,220,0.253964364528656,0.20474400603919612,3.8530746718772885e-247,0.9999000099990001,True
layer3.1.sn2,20,221,0.3542702794075012,0.27786136312783855,2.9590386911294875e-306,0.9999000099990001,True
layer3.1.sn2,20,222,0.5167495012283325,0.4033743306251626,0.0,0.9999000099990001,True
layer3.1.sn2,20,223,0.31113195419311523,0.24773619589618676,1.7750586904693013e-284,0.9999000099990001,True
layer3.1.sn2,20,224,0.5206471085548401,0.35962996815204906,0.0,0.9999000099990001,True
layer3.1.sn2,20,225,0.26003891229629517,0.21021730893491875,2.6035881650306236e-256,0.9999000099990001,True
layer3.1.sn2,20,226,0.47406908869743347,0.32563306343174,0.0,0.9999000099990001,True
layer3.1.sn2,20,227,0.2383674532175064,0.2084938869340992,2.415455739113392e-236,0.9999000099990001,True
layer3.1.sn2,20,228,0.3202708661556244,0.26002637013775004,1.3876681479373041e-276,0.9999000099990001,True
layer3.1.sn2,20,229,0.4908209443092346,0.36696659386700553,0.0,0.9999000099990001,True
layer3.1.sn2,20,230,0.3728725016117096,0.3065679823392111,6.3792788192072e-310,0.9999000099990001,True
layer3.1.sn2,20,231,0.1497735232114792,0.10300942932323486,6.887512094847287e-307,0.9999000099990001,True
layer3.1.sn2,20,232,0.5396392941474915,0.3718996020810627,0.0,0.9999000099990001,True
layer3.1.sn2,20,233,0.12506091594696045,0.12348387942810354,5.38852258006805e-150,0.9999000099990001,True
layer3.1.sn2,20,234,0.5703395009040833,0.45883845058630185,0.0,0.9999000099990001,True
layer3.1.sn2,20,235,0.4287082254886627,0.3300573042213478,0.0,0.9999000099990001,True
layer3.1.sn2,20,236,0.5475590825080872,0.37682137696685025,0.0,0.9999000099990001,True
layer3.1.sn2,20,237,0.49486759305000305,0.3996174076023783,0.0,0.9999000099990001,True
layer3.1.sn2,20,238,0.3101872205734253,0.26604265537645844,1.0890245791652869e-282,0.9999000099990001,True
layer3.1.sn2,20,239,0.40528279542922974,0.3143510711181233,0.0,0.9999000099990001,True
layer3.1.sn2,20,240,,0.39056420149982374,,0.9900990099009901,False
layer3.1.sn2,20,241,0.4650099277496338,0.3821469197814792,0.0,0.9999000099990001,True
layer3.1.sn2,20,242,0.3496108651161194,0.2874763470156629,2.5055805874689708e-304,0.9999000099990001,True
layer3.1.sn2,20,243,0.09627440571784973,0.0940332337520762,2.4762301813681303e-115,0.9999000099990001,True
layer3.1.sn2,20,244,0.534331202507019,0.36677921291293925,0.0,0.9999000099990001,True
layer3.1.sn2,20,245,0.29310745000839233,0.2419365883701568,1.0737884465254868e-272,0.9999000099990001,True
layer3.1.sn2,20,246,0.5546428561210632,0.3817933779955901,0.0,0.9999000099990001,True
layer3.1.sn2,20,247,0.5067406296730042,0.40375268960828514,0.0,0.9999000099990001,True
layer3.1.sn2,20,248,0.5097751021385193,0.3482507249539873,0.0,0.9999000099990001,True
layer3.1.sn2,20,249,0.4319383502006531,0.29493319961746345,0.0,0.9999000099990001,True
layer3.1.sn2,20,250,0.5245384573936462,0.35602145345517455,0.0,0.9999000099990001,True
layer3.1.sn2,20,251,0.6365453004837036,0.43968125074047804,0.0,0.9999000099990001,True
layer3.1.sn2,20,252,0.16975080966949463,0.13548067469024028,6.499906744739928e-181,0.9999000099990001,True
layer3.1.sn2,20,253,0.48063668608665466,0.33328766151785927,0.0,0.9999000099990001,True
layer3.1.sn2,20,254,0.5068624019622803,0.3485923985984293,0.0,0.9999000099990001,True
layer3.1.sn2,20,255,0.6530740261077881,0.44890498367414966,0.0,0.9999000099990001,True
layer4.1.sn2,20,0,0.09326714277267456,0.06464785510415526,1.4485741834898197e-177,0.9999000099990001,True
layer4.1.sn2,20,1,0.34087368845939636,0.23627564330215597,0.0,0.9999000099990001,True
layer4.1.sn2,20,2,0.13095831871032715,0.09077338953594422,6.239864731984762e-243,0.9999000099990001,True
layer4.1.sn2,20,3,0.13324840366840363,0.09236075062260402,0.0,0.9999000099990001,True
layer4.1.sn2,20,4,0.10583245754241943,0.073357468514554,5.969649404456167e-238,0.9999000099990001,True
layer4.1.sn2,20,5,0.04584687203168869,0.03177862910272735,1.3506093109466227e-102,0.9999000099990001,True
layer4.1.sn2,20,6,0.09971466660499573,0.06911693768550278,2.898828613923251e-205,0.9999000099990001,True
layer4.1.sn2,20,7,0.01928718574345112,0.013368857911940544,2.578211442428361e-40,0.9999000099990001,True
layer4.1.sn2,20,8,0.23507115244865417,0.1629389070326574,0.0,0.9999000099990001,True
layer4.1.sn2,20,9,0.15299969911575317,0.10605131134147788,0.0,0.9999000099990001,True
layer4.1.sn2,20,10,0.04231937229633331,0.029333552859959748,5.799132725256677e-53,0.9999000099990001,True
layer4.1.sn2,20,11,0.04477773606777191,0.031037561062930152,1.733626829750392e-64,0.9999000099990001,True
layer4.1.sn2,20,12,0.10334521532058716,0.07163344265348673,2.0831427912258264e-170,0.9999000099990001,True
layer4.1.sn2,20,13,0.15187887847423553,0.10527441721225365,0.0,0.9999000099990001,True
layer4.1.sn2,20,14,0.045345526188611984,0.031431123178522924,8.872684106378888e-97,0.9999000099990001,True
layer4.1.sn2,20,15,0.07843653857707977,0.054368066152979386,9.345109260715931e-125,0.9999000099990001,True
layer4.1.sn2,20,16,0.24935413897037506,0.17283912266177484,0.0,0.9999000099990001,True
layer4.1.sn2,20,17,0.07802563160657883,0.054083245048850426,3.719495793317308e-135,0.9999000099990001,True
layer4.1.sn2,20,18,0.01807986944913864,0.01253200996427772,2.835505396773222e-23,0.9999000099990001,True
layer4.1.sn2,20,19,0.0773169994354248,0.05359206226104264,7.905303449727603e-188,0.9999000099990001,True
layer4.1.sn2,20,20,0.06249403953552246,0.043317567888550686,1.1019821597772296e-184,0.9999000099990001,True
layer4.1.sn2,20,21,0.304213285446167,0.21086457342902104,0.0,0.9999000099990001,True
layer4.1.sn2,20,22,0.017253221943974495,0.011959021557974634,2.9671655765271795e-19,0.9999000099990001,True
layer4.1.sn2,20,23,0.07221180200576782,0.050053404648961713,3.861431164530804e-204,0.9999000099990001,True
layer4.1.sn2,20,24,0.1810009926557541,0.12546032914308655,0.0,0.9999000099990001,True
layer4.1.sn2,20,25,0.2007293552160263,0.1391349912874369,0.0,0.9999000099990001,True
layer4.1.sn2,20,26,0.31004756689071655,0.2149086016343738,0.0,0.9999000099990001,True
layer4.1.sn2,20,27,0.024569761008024216,0.0170304607681112,2.3222236428381702e-38,0.9999000099990001,True
layer4.1.sn2,20,28,0.08928395062685013,0.06188691610600503,6.499887518783873e-162,0.9999000099990001,True
layer4.1.sn2,20,29,0.09531643986701965,0.06606832168157413,1.5409209278246566e-227,0.9999000099990001,True
layer4.1.sn2,20,30,0.23542732000350952,0.16318578199245742,0.0,0.9999000099990001,True
layer4.1.sn2,20,31,0.19988934695720673,0.13855273503485818,0.0,0.9999000099990001,True
layer4.1.sn2,20,32,0.40207353234291077,0.2786961281432657,0.0,0.9999000099990001,True
layer4.1.sn2,20,33,0.28690531849861145,0.1988676044388329,0.0,0.9999000099990001,True
layer4.1.sn2,20,34,0.2088470757007599,0.14476176073728442,0.0,0.9999000099990001,True
layer4.1.sn2,20,35,0.37487801909446716,0.25984563795882737,0.0,0.9999000099990001,True
layer4.1.sn2,20,36,0.10521174967288971,0.07292722898212638,2.5805585199735516e-206,0.9999000099990001,True
layer4.1.sn2,20,37,0.242933452129364,0.16838863796044856,0.0,0.9999000099990001,True
layer4.1.sn2,20,38,0.05164596438407898,0.03579825353918363,1.3923440616233438e-106,0.9999000099990001,True
layer4.1.sn2,20,39,0.0248176921159029,0.017202312969804016,8.633763976328112e-26,0.9999000099990001,True
layer4.1.sn2,20,40,0.17144130170345306,0.11883405667384608,1.5868877822024376e-278,0.9999000099990001,True
layer4.1.sn2,20,41,0.2529503107070923,0.17533178474459388,0.0,0.9999000099990001,True
layer4.1.sn2,20,42,0.354564368724823,0.24576529850953255,0.0,0.9999000099990001,True
layer4.1.sn2,20,43,0.13050438463687897,0.0904587452277277,4.042592954632594e-267,0.9999000099990001,True
layer4.1.sn2,20,44,0.12120364606380463,0.08401196462136022,3.871875095946953e-203,0.9999000099990001,True
layer4.1.sn2,20,45,0.22209779918193817,0.15394645911345473,0.0,0.9999000099990001,True
layer4.1.sn2,20,46,0.17077699303627014,0.11837358694681499,2.856040215097706e-280,0.9999000099990001,True
layer4.1.sn2,20,47,0.04995826631784439,0.03462843211650313,2.1834103387330003e-72,0.9999000099990001,True
layer4.1.sn2,20,48,0.12347868084907532,0.08558889979130763,2.8118475301673445e-273,0.9999000099990001,True
layer4.1.sn2,20,49,0.19492670893669128,0.1351129027996785,0.0,0.9999000099990001,True
layer4.1.sn2,20,50,0.07865272462368011,0.05451791223295317,7.595828035913543e-184,0.9999000099990001,True
layer4.1.sn2,20,51,0.47281911969184875,0.327733231659308,0.0,0.9999000099990001,True
layer4.1.sn2,20,52,0.27218082547187805,0.18866136760129182,0.0,0.9999000099990001,True
layer4.1.sn2,20,53,0.14871761202812195,0.10308318904680909,0.0,0.9999000099990001,True
layer4.1.sn2,20,54,0.0978480875492096,0.06782312563800118,6.181961335687838e-214,0.9999000099990001,True
layer4.1.sn2,20,55,0.14554640650749207,0.10088507625995588,0.0,0.9999000099990001,True
layer4.1.sn2,20,56,0.14162451028823853,0.09816662521466604,1.4764950023872032e-245,0.9999000099990001,True
layer4.1.sn2,20,57,0.24815085530281067,0.17200507000209084,0.0,0.9999000099990001,True
layer4.1.sn2,20,58,0.10169816762208939,0.0704917990758114,4.3637710679519994e-181,0.9999000099990001,True
layer4.1.sn2,20,59,0.11860545724630356,0.08221103926582156,6.81716730521922e-263,0.9999000099990001,True
layer4.1.sn2,20,60,0.4045775234699249,0.2804317796745812,0.0,0.9999000099990001,True
layer4.1.sn2,20,61,0.021720843389630318,0.015055740963219585,3.827558337958218e-53,0.9999000099990001,True
layer4.1.sn2,20,62,0.19563767313957214,0.1356057037052527,0.0,0.9999000099990001,True
layer4.1.sn2,20,63,0.42175737023353577,0.2923399276802163,0.0,0.9999000099990001,True
layer4.1.sn2,20,64,0.36982476711273193,0.25634298732159244,0.0,0.9999000099990001,True
layer4.1.sn2,20,65,0.14305545389652252,0.099158487483639,1.981282368331718e-240,0.9999000099990001,True
layer4.1.sn2,20,66,0.3065592646598816,0.21249068723660436,0.0,0.9999000099990001,True
layer4.1.sn2,20,67,0.3031703531742096,0.21014167459830949,0.0,0.9999000099990001,True
layer4.1.sn2,20,68,0.17568548023700714,0.12177589930824449,0.0,0.9999000099990001,True
layer4.1.sn2,20,69,0.22140434384346008,0.15346580108629304,0.0,0.9999000099990001,True
layer4.1.sn2,20,70,0.12538976967334747,0.08691356873525255,1.7866707728061967e-249,0.9999000099990001,True
layer4.1.sn2,20,71,0.18998219072818756,0.13168562332296452,0.0,0.9999000099990001,True
layer4.1.sn2,20,72,0.19223904609680176,0.13324995324155842,0.0,0.9999000099990001,True
layer4.1.sn2,20,73,0.20450983941555023,0.14175541918923018,0.0,0.9999000099990001,True
layer4.1.sn2,20,74,0.16551266610622406,0.11472463480999356,0.0,0.9999000099990001,True
layer4.1.sn2,20,75,0.22828710079193115,0.15823656364205624,0.0,0.9999000099990001,True
layer4.1.sn2,20,76,0.04061374440789223,0.0281513030229901,4.958395957288139e-68,0.9999000099990001,True
layer4.1.sn2,20,77,0.027561044320464134,0.01910386022165744,2.2209588080300493e-32,0.9999000099990001,True
layer4.1.sn2,20,78,0.08753950893878937,0.06067776285198606,5.928902999344837e-206,0.9999000099990001,True
layer4.1.sn2,20,79,0.07172691076993942,0.0497173055848079,2.0726492881770473e-123,0.9999000099990001,True
layer4.1.sn2,20,80,0.04046928510069847,0.02805117178125047,2.2270866731314923e-72,0.9999000099990001,True
layer4.1.sn2,20,81,0.061938438564538956,0.04293245387783749,6.7142755396532e-106,0.9999000099990001,True
layer4.1.sn2,20,82,0.006641818676143885,0.004603757758847881,4.9934964566563964e-05,0.9999000099990001,True
layer4.1.sn2,20,83,0.10120013356208801,0.07014658593685263,2.418125678656667e-214,0.9999000099990001,True
layer4.1.sn2,20,84,0.21544891595840454,0.149337813770287,0.0,0.9999000099990001,True
layer4.1.sn2,20,85,0.3561229109764099,0.24684559671667305,0.0,0.9999000099990001,True
layer4.1.sn2,20,86,0.33946433663368225,0.23529874314787969,0.0,0.9999000099990001,True
layer4.1.sn2,20,87,0.31401437520980835,0.21765817704003515,0.0,0.9999000099990001,True
layer4.1.sn2,20,88,0.23111975193023682,0.16020000084080446,0.0,0.9999000099990001,True
layer4.1.sn2,20,89,0.01172773726284504,0.008129047767309746,1.4631555599466286e-14,0.9999000099990001,True
layer4.1.sn2,20,90,0.2234775871038437,0.1549028546673885,0.0,0.9999000099990001,True
layer4.1.sn2,20,91,0.19576217234134674,0.13569199800806767,0.0,0.9999000099990001,True
layer4.1.sn2,20,92,0.39758720993995667,0.275586444235367,0.0,0.9999000099990001,True
layer4.1.sn2,20,93,0.26379790902137756,0.18285077811520317,0.0,0.9999000099990001,True
layer4.1.sn2,20,94,0.13838782906532288,0.09592313356729824,7.106355020134323e-255,0.9999000099990001,True
layer4.1.sn2,20,95,0.17864416539669037,0.12382670085784607,0.0,0.9999000099990001,True
layer4.1.sn2,20,96,0.24206604063510895,0.16778739357594605,0.0,0.9999000099990001,True
layer4.1.sn2,20,97,0.3234871029853821,0.22422418293939989,0.0,0.9999000099990001,True
layer4.1.sn2,20,98,0.28747403621673584,0.19926182595200626,0.0,0.9999000099990001,True
layer4.1.sn2,20,99,0.20239916443824768,0.14029241330201936,0.0,0.9999000099990001,True
layer4.1.sn2,20,100,0.03891296312212944,0.02697240969248104,5.87410391659658e-62,0.9999000099990001,True
layer4.1.sn2,20,101,0.2904806435108185,0.201345844954254,0.0,0.9999000099990001,True
layer4.1.sn2,20,102,0.18292662501335144,0.12679507441024912,0.0,0.9999000099990001,True
layer4.1.sn2,20,103,0.3199649155139923,0.22178277880493422,0.0,0.9999000099990001,True
layer4.1.sn2,20,104,0.12696175277233124,0.08800318155985573,2.058383634164311e-283,0.9999000099990001,True
layer4.1.sn2,20,105,0.2828415334224701,0.19605081776268152,0.0,0.9999000099990001,True
layer4.1.sn2,20,106,0.15005861222743988,0.10401270807079749,6.526066920809788e-292,0.9999000099990001,True
layer4.1.sn2,20,107,0.3367134630680084,0.23339198227234986,0.0,0.9999000099990001,True
layer4.1.sn2,20,108,0.28204450011253357,0.19549834917380726,0.0,0.9999000099990001,True
layer4.1.sn2,20,109,0.047911420464515686,0.03320966665131877,8.270104767578219e-118,0.9999000099990001,True
layer4.1.sn2,20,110,0.19022010266780853,0.13185052717136125,0.0,0.9999000099990001,True
layer4.1.sn2,20,111,0.14947181940078735,0.10360597058506092,4.498037817453836e-281,0.9999000099990001,True
layer4.1.sn2,20,112,0.26690763235092163,0.18500628043794679,0.0,0.9999000099990001,True
layer4.1.sn2,20,113,0.3182997703552246,0.22062858817752976,0.0,0.9999000099990001,True
layer4.1.sn2,20,114,0.3513549864292145,0.24354070870784078,0.0,0.9999000099990001,True
layer4.1.sn2,20,115,0.06627200543880463,0.04593625249894736,1.524809823506153e-132,0.9999000099990001,True
layer4.1.sn2,20,116,0.12003109604120255,0.08319921486763049,2.5885690693004855e-257,0.9999000099990001,True
layer4.1.sn2,20,117,0.04730181396007538,0.03278711903613665,1.1902293464491367e-73,0.9999000099990001,True
layer4.1.sn2,20,118,0.17949213087558746,0.1244144685821723,0.0,0.9999000099990001,True
layer4.1.sn2,20,119,0.09345605969429016,0.0647788035481424,4.4551152040988937e-197,0.9999000099990001,True
layer4.1.sn2,20,120,0.17690517008304596,0.12262132194463068,0.0,0.9999000099990001,True
layer4.1.sn2,20,121,0.024543331936001778,0.017012140897783246,6.768707784057301e-37,0.9999000099990001,True
layer4.1.sn2,20,122,0.05188940837979317,0.03596699665786004,7.60372154806266e-91,0.9999000099990001,True
layer4.1.sn2,20,123,0.1197657436132431,0.08301528802404279,2.203652798204363e-199,0.9999000099990001,True
layer4.1.sn2,20,124,0.12135761231184006,0.08411868669467802,2.4519435172699555e-228,0.9999000099990001,True
layer4.1.sn2,20,125,0.16698482632637024,0.11574506422009552,0.0,0.9999000099990001,True
layer4.1.sn2,20,126,0.029224613681435585,0.020256959076433614,2.0192825770951504e-44,0.9999000099990001,True
layer4.1.sn2,20,127,0.15145422518253326,0.10498006913806465,1.389342217038047e-291,0.9999000099990001,True
layer4.1.sn2,20,128,0.05617299675941467,0.03893615348474972,1.2434355612354947e-99,0.9999000099990001,True
layer4.1.sn2,20,129,0.19106560945510864,0.13243659002770447,0.0,0.9999000099990001,True
layer4.1.sn2,20,130,0.012378174811601639,0.00857989696333672,1.1533311304755021e-18,0.9999000099990001,True
layer4.1.sn2,20,131,0.3656301200389862,0.253435484593883,0.0,0.9999000099990001,True
layer4.1.sn2,20,132,0.04776148498058319,0.033105738194547256,6.9568342567481675e-90,0.9999000099990001,True
layer4.1.sn2,20,133,0.27992233633995056,0.19402738384370147,0.0,0.9999000099990001,True
layer4.1.sn2,20,134,0.20671053230762482,0.14328081954263974,0.0,0.9999000099990001,True
layer4.1.sn2,20,135,0.06739745289087296,0.04671635194180177,1.9251673427677996e-176,0.9999000099990001,True
layer4.1.sn2,20,136,0.3165868818759918,0.21944129937049411,0.0,0.9999000099990001,True
layer4.1.sn2,20,137,0.11223888397216797,0.07779806345874016,5.716697405867045e-225,0.9999000099990001,True
layer4.1.sn2,20,138,0.14622418582439423,0.10135488612929269,1.317326069770862e-275,0.9999000099990001,True
layer4.1.sn2,20,139,0.07016006857156754,0.048631255240130594,3.9827576283442953e-147,0.9999000099990001,True
layer4.1.sn2,20,140,0.0988335981965065,0.06850622763779479,5.225244835115542e-227,0.9999000099990001,True
layer4.1.sn2,20,141,0.2854967415332794,0.19789127017448394,0.0,0.9999000099990001,True
layer4.1.sn2,20,142,0.06676667928695679,0.046279134738720244,2.9607955432639747e-134,0.9999000099990001,True
layer4.1.sn2,20,143,0.1747366189956665,0.1211181992667594,0.0,0.9999000099990001,True
layer4.1.sn2,20,144,0.20319809019565582,0.14084618186514147,0.0,0.9999000099990001,True
layer4.1.sn2,20,145,0.05724482983350754,0.03967909256361023,1.7972456969956717e-127,0.9999000099990001,True
layer4.1.sn2,20,146,0.05232218652963638,0.03626697497014015,8.510136954371562e-107,0.9999000099990001,True
layer4.1.sn2,20,147,0.04610403999686241,0.03195688417716215,4.477233490182335e-79,0.9999000099990001,True
layer4.1.sn2,20,148,0.10790269821882248,0.07479245009317274,1.0234134480367076e-235,0.9999000099990001,True
layer4.1.sn2,20,149,0.05977968871593475,0.041436122391537135,1.631511684299284e-127,0.9999000099990001,True
layer4.1.sn2,20,150,0.18604353070259094,0.12895555229785133,0.0,0.9999000099990001,True
layer4.1.sn2,20,151,,0.0953867344923168,,0.9900990099009901,False
layer4.1.sn2,20,152,0.15379419922828674,0.10660201736516414,0.0,0.9999000099990001,True
layer4.1.sn2,20,153,0.044110801070928574,0.030575277298638365,4.938326097281311e-101,0.9999000099990001,True
layer4.1.sn2,20,154,0.1321498602628708,0.09159930290115986,7.295016818990616e-243,0.9999000099990001,True
layer4.1.sn2,20,155,0.2705027461051941,0.18749821369211744,0.0,0.9999000099990001,True
layer4.1.sn2,20,156,0.10942403227090836,0.07584695821471131,1.3901272981879681e-202,0.9999000099990001,True
layer4.1.sn2,20,157,0.123468317091465,0.08558171829335319,3.9443889187721485e-231,0.9999000099990001,True
layer4.1.sn2,20,158,0.025377534329891205,0.017590365797147824,1.4935449056934946e-55,0.9999000099990001,True
layer4.1.sn2,20,159,0.06504665315151215,0.045086904648283334,3.6017796834280655e-119,0.9999000099990001,True
layer4.1.sn2,20,160,0.30749160051345825,0.21313694369970929,0.0,0.9999000099990001,True
layer4.1.sn2,20,161,0.11950044333934784,0.08283139624996083,2.341870099007546e-227,0.9999000099990001,True
layer4.1.sn2,20,162,0.2708827257156372,0.18776160060861474,0.0,0.9999000099990001,True
layer4.1.sn2,20,163,0.25645747780799866,0.17776278341296564,0.0,0.9999000099990001,True
layer4.1.sn2,20,164,0.23363126814365387,0.16194085530664723,0.0,0.9999000099990001,True
layer4.1.sn2,20,165,0.3918014168739319,0.27157605450776967,0.0,0.9999000099990001,True
layer4.1.sn2,20,166,0.09245115518569946,0.06408225779055923,4.652000116116432e-177,0.9999000099990001,True
layer4.1.sn2,20,167,0.03422700986266136,0.023724355708609812,1.0818926021572207e-58,0.9999000099990001,True
layer4.1.sn2,20,168,0.22583767771720886,0.1565387452943377,0.0,0.9999000099990001,True
layer4.1.sn2,20,169,0.12163636088371277,0.08431189967464939,2.7719800768866614e-235,0.9999000099990001,True
layer4.1.sn2,20,170,0.036669667810201645,0.025417478076700407,4.221260266053585e-68,0.9999000099990001,True
layer4.1.sn2,20,171,0.2854992747306824,0.19789302577727208,0.0,0.9999000099990001,True
layer4.1.sn2,20,172,0.16825443506240845,0.11662508337630373,3.7894158108152194e-291,0.9999000099990001,True
layer4.1.sn2,20,173,0.2122933268547058,0.14715052548001845,0.0,0.9999000099990001,True
layer4.1.sn2,20,174,0.3901320993900299,0.2704189562070459,0.0,0.9999000099990001,True
layer4.1.sn2,20,175,0.11175805330276489,0.07746478035568022,9.773861389543102e-194,0.9999000099990001,True
layer4.1.sn2,20,176,0.1655246913433075,0.11473297710006923,0.0,0.9999000099990001,True
layer4.1.sn2,20,177,0.20455078780651093,0.1417838011335522,0.0,0.9999000099990001,True
layer4.1.sn2,20,178,0.06488855183124542,0.04497731424757956,3.533033205516173e-91,0.9999000099990001,True
layer4.1.sn2,20,179,0.09399385750293732,0.06515157507248728,3.7618747768417602e-183,0.9999000099990001,True
layer4.1.sn2,20,180,0.07901044934988022,0.05476586938909372,1.1454440391465031e-176,0.9999000099990001,True
layer4.1.sn2,20,181,0.3276810050010681,0.22713117201451832,0.0,0.9999000099990001,True
layer4.1.sn2,20,182,0.077908955514431,0.05400237086363624,5.092801858370525e-127,0.9999000099990001,True
layer4.1.sn2,20,183,0.02457023225724697,0.01703078783150724,6.422979125551422e-35,0.9999000099990001,True
layer4.1.sn2,20,184,0.2755814790725708,0.1910185149164593,0.0,0.9999000099990001,True
layer4.1.sn2,20,185,0.11309473216533661,0.0783912948331834,9.356183089707336e-255,0.9999000099990001,True
layer4.1.sn2,20,186,0.24398142099380493,0.16911503556063484,0.0,0.9999000099990001,True
layer4.1.sn2,20,187,0.2271181344985962,0.1574262909237059,0.0,0.9999000099990001,True
layer4.1.sn2,20,188,0.04168349876999855,0.02889280011576843,3.60630079380953e-77,0.9999000099990001,True
layer4.1.sn2,20,189,0.19849224388599396,0.13758433420093497,0.0,0.9999000099990001,True
layer4.1.sn2,20,190,0.06452126055955887,0.044722731328072945,1.1278032720246806e-125,0.9999000099990001,True
layer4.1.sn2,20,191,0.17121180891990662,0.11867497863752172,0.0,0.9999000099990001,True
layer4.1.sn2,20,192,0.4360700845718384,0.30226075492259996,0.0,0.9999000099990001,True
layer4.1.sn2,20,193,0.3092193305492401,0.21433451307024803,0.0,0.9999000099990001,True
layer4.1.sn2,20,194,0.05539533868432045,0.038397122338445555,1.8867817420057357e-104,0.9999000099990001,True
layer4.1.sn2,20,195,0.019057270139455795,0.013209492718776195,8.314222688125283e-39,0.9999000099990001,True
layer4.1.sn2,20,196,0.3025319576263428,0.20969917067612764,0.0,0.9999000099990001,True
layer4.1.sn2,20,197,0.03475968912243843,0.0240935805512772,2.5711483697199575e-47,0.9999000099990001,True
layer4.1.sn2,20,198,0.034296028316020966,0.02377219408844885,4.8984854180806564e-37,0.9999000099990001,True
layer4.1.sn2,20,199,0.20445775985717773,0.1417193184676871,0.0,0.9999000099990001,True
layer4.1.sn2,20,200,0.05843033269047737,0.0405008195022084,6.888466392010917e-88,0.9999000099990001,True
layer4.1.sn2,20,201,0.09615675359964371,0.06665078247855659,1.0860593795069025e-216,0.9999000099990001,True
layer4.1.sn2,20,202,0.04043456166982651,0.02802710256544148,2.9017428151427597e-95,0.9999000099990001,True
layer4.1.sn2,20,203,0.04352247714996338,0.030167481139244827,4.413046110641764e-58,0.9999000099990001,True
layer4.1.sn2,20,204,0.1567084938287735,0.10862205432105121,2.2625938218679864e-270,0.9999000099990001,True
layer4.1.sn2,20,205,0.12340526282787323,0.08553800831451747,2.8786855287722835e-286,0.9999000099990001,True
layer4.1.sn2,20,206,0.03523095324635506,0.024420235433147624,4.065967165649285e-52,0.9999000099990001,True
layer4.1.sn2,20,207,0.306292861700058,0.2123060401098355,0.0,0.9999000099990001,True
layer4.1.sn2,20,208,0.026862643659114838,0.018619766037727508,9.629098789770189e-45,0.9999000099990001,True
layer4.1.sn2,20,209,0.1960548758506775,0.13589488455775384,0.0,0.9999000099990001,True
layer4.1.sn2,20,210,0.2510511577129364,0.17401541100327483,0.0,0.9999000099990001,True
layer4.1.sn2,20,211,0.40247929096221924,0.2789773885961941,0.0,0.9999000099990001,True
layer4.1.sn2,20,212,0.036342259496450424,0.02519053491932118,2.821994222308615e-74,0.9999000099990001,True
layer4.1.sn2,20,213,0.027505740523338318,0.019065527014876606,7.882624256790392e-48,0.9999000099990001,True
layer4.1.sn2,20,214,0.48457932472229004,0.33588479207337996,0.0,0.9999000099990001,True
layer4.1.sn2,20,215,0.02407996915280819,0.016690962758147042,2.4862956463825873e-42,0.9999000099990001,True
layer4.1.sn2,20,216,0.32967710494995117,0.22851474821193796,0.0,0.9999000099990001,True
layer4.1.sn2,20,217,0.30849653482437134,0.21383350519308494,0.0,0.9999000099990001,True
layer4.1.sn2,20,218,0.017791125923395157,0.012331868635053114,2.5449363435174936e-24,0.9999000099990001,True
layer4.1.sn2,20,219,0.08461357653141022,0.058649661010220906,8.47858898158507e-177,0.9999000099990001,True
layer4.1.sn2,20,220,0.18590690195560455,0.12886084541827966,0.0,0.9999000099990001,True
layer4.1.sn2,20,221,0.10312080383300781,0.07147789209311285,4.0002569789504656e-191,0.9999000099990001,True
layer4.1.sn2,20,222,0.08866632729768753,0.06145881494859455,4.6668580483308003e-181,0.9999000099990001,True
layer4.1.sn2,20,223,0.33409082889556885,0.23157411758856422,0.0,0.9999000099990001,True
layer4.1.sn2,20,224,0.3149445056915283,0.21830289529600555,0.0,0.9999000099990001,True
layer4.1.sn2,20,225,0.21694880723953247,0.15037745672955843,0.0,0.9999000099990001,True
layer4.1.sn2,20,226,0.08613714575767517,0.05970571851808455,4.2325778287790606e-144,0.9999000099990001,True
layer4.1.sn2,20,227,0.020922932773828506,0.014502672306910332,5.245184561555205e-16,0.9999000099990001,True
layer4.1.sn2,20,228,0.06971760094165802,0.04832455921036608,6.510234714312835e-164,0.9999000099990001,True
layer4.1.sn2,20,229,0.24838796257972717,0.17216941594084284,0.0,0.9999000099990001,True
layer4.1.sn2,20,230,0.10680292546749115,0.0740301476402494,7.428930532829336e-255,0.9999000099990001,True
layer4.1.sn2,20,231,0.27298927307128906,0.1892217471129027,0.0,0.9999000099990001,True
layer4.1.sn2,20,232,0.04916831851005554,0.03408088195580047,6.305729401069444e-102,0.9999000099990001,True
layer4.1.sn2,20,233,0.18114523589611053,0.12556030439557214,0.0,0.9999000099990001,True
layer4.1.sn2,20,234,0.11060826480388641,0.07666780458733623,7.358708146405844e-215,0.9999000099990001,True
layer4.1.sn2,20,235,0.20849208533763885,0.14451570337865416,0.0,0.9999000099990001,True
layer4.1.sn2,20,236,0.09342268854379654,0.06475567345120095,4.73655759242415e-216,0.9999000099990001,True
layer4.1.sn2,20,237,0.20849235355854034,0.1445158900832828,0.0,0.9999000099990001,True
layer4.1.sn2,20,238,0.2254832535982132,0.1562930854171595,0.0,0.9999000099990001,True
layer4.1.sn2,20,239,0.21532513201236725,0.14925201223054207,0.0,0.9999000099990001,True
layer4.1.sn2,20,240,,0.10343040458027387,,0.9900990099009901,False
layer4.1.sn2,20,241,0.3323722779750824,0.23038290705740688,0.0,0.9999000099990001,True
layer4.1.sn2,20,242,0.18534959852695465,0.12847455282733114,0.0,0.9999000099990001,True
layer4.1.sn2,20,243,0.1150323823094368,0.07973437299635559,8.978344177189725e-243,0.9999000099990001,True
layer4.1.sn2,20,244,0.15153244137763977,0.10503428740491921,0.0,0.9999000099990001,True
layer4.1.sn2,20,245,0.11319825053215027,0.07846304804148693,1.0851088549995097e-249,0.9999000099990001,True
layer4.1.sn2,20,246,0.0969291627407074,0.06718617724031821,3.8783671878412946e-215,0.9999000099990001,True
layer4.1.sn2,20,247,0.1109907403588295,0.07693291707582371,6.860859891521081e-204,0.9999000099990001,True
layer4.1.sn2,20,248,0.17390558123588562,0.12054216631603631,5.93678165365913e-302,0.9999000099990001,True
layer4.1.sn2,20,249,0.027225902304053307,0.018871557799982123,5.255099578528627e-40,0.9999000099990001,True
layer4.1.sn2,20,250,0.0896737277507782,0.06215709104227091,3.837457891786819e-271,0.9999000099990001,True
layer4.1.sn2,20,251,0.13981926441192627,0.09691533064857566,7.75781354065e-312,0.9999000099990001,True
layer4.1.sn2,20,252,0.12640480697155,0.08761713319892273,0.0,0.9999000099990001,True
layer4.1.sn2,20,253,0.052879463881254196,0.03665325232338901,2.9733311204305817e-72,0.9999000099990001,True
layer4.1.sn2,20,254,0.01423782017081976,0.009868904891739558,5.7698641931883785e-21,0.9999000099990001,True
layer4.1.sn2,20,255,0.10115191340446472,0.0701131635905427,2.22331283710554e-157,0.9999000099990001,True
layer4.1.sn2,20,256,0.39050284028053284,0.2706759434156101,0.0,0.9999000099990001,True
layer4.1.sn2,20,257,0.16904734075069427,0.11717469265157485,0.0,0.9999000099990001,True
layer4.1.sn2,20,258,0.10871291905641556,0.07535405307251664,2.165655554128649e-224,0.9999000099990001,True
layer4.1.sn2,20,259,0.07605350762605667,0.052716273372412185,9.483724004489044e-166,0.9999000099990001,True
layer4.1.sn2,20,260,0.13906212151050568,0.09639051637307323,2.99130491820824e-306,0.9999000099990001,True
layer4.1.sn2,20,261,0.025425415486097336,0.017623554599124343,1.3713514819786443e-30,0.9999000099990001,True
layer4.1.sn2,20,262,0.19353854656219482,0.13415070194272374,0.0,0.9999000099990001,True
layer4.1.sn2,20,263,0.04670615866780281,0.03237424260811314,5.538652564573587e-108,0.9999000099990001,True
layer4.1.sn2,20,264,0.3094688057899475,0.2145074221480818,0.0,0.9999000099990001,True
layer4.1.sn2,20,265,0.3501008152961731,0.2426713990837292,0.0,0.9999000099990001,True
layer4.1.sn2,20,266,0.1618812382221222,0.11220751888504946,0.0,0.9999000099990001,True
layer4.1.sn2,20,267,0.16845299303531647,0.11676271682713696,0.0,0.9999000099990001,True
layer4.1.sn2,20,268,0.06501844525337219,0.045067351256933744,1.4525319452223605e-124,0.9999000099990001,True
layer4.1.sn2,20,269,0.4345489740371704,0.3012063939568586,0.0,0.9999000099990001,True
layer4.1.sn2,20,270,0.06358536332845688,0.04407401373935722,1.0654076754914935e-122,0.9999000099990001,True
layer4.1.sn2,20,271,0.09119339287281036,0.06321044358614152,2.739149654755002e-171,0.9999000099990001,True
layer4.1.sn2,20,272,0.018379928544163704,0.012739995630502843,1.0159579382753515e-29,0.9999000099990001,True
layer4.1.sn2,20,273,0.2725317180156708,0.18890458427714824,0.0,0.9999000099990001,True
layer4.1.sn2,20,274,0.2320776730775833,0.16086398265662435,0.0,0.9999000099990001,True
layer4.1.sn2,20,275,0.28728505969047546,0.1991308391999438,0.0,0.9999000099990001,True
layer4.1.sn2,20,276,0.032675277441740036,0.022648776160975534,6.02182587976578e-34,0.9999000099990001,True
layer4.1.sn2,20,277,0.4318010210990906,0.2993016528439783,0.0,0.9999000099990001,True
layer4.1.sn2,20,278,0.1177438497543335,0.08161381772609139,2.56459629941735e-208,0.9999000099990001,True
layer4.1.sn2,20,279,0.031712569296360016,0.02198147925241803,8.911965578282462e-61,0.9999000099990001,True
layer4.1.sn2,20,280,0.2545589208602905,0.17644679967578245,0.0,0.9999000099990001,True
layer4.1.sn2,20,281,0.21289010345935822,0.14756417732665472,0.0,0.9999000099990001,True
layer4.1.sn2,20,282,0.07115201652050018,0.049318819663628416,9.905213626216296e-139,0.9999000099990001,True
layer4.1.sn2,20,283,0.12612026929855347,0.08741991023435464,1.5387190533555993e-302,0.9999000099990001,True
layer4.1.sn2,20,284,0.2642742395401001,0.1831809483044855,0.0,0.9999000099990001,True
layer4.1.sn2,20,285,0.04333172366023064,0.03003526218652628,6.300436074348382e-112,0.9999000099990001,True
layer4.1.sn2,20,286,0.041255950927734375,0.028596447338103046,1.0320915302681984e-82,0.9999000099990001,True
layer4.1.sn2,20,287,0.31596967577934265,0.21901348879974689,0.0,0.9999000099990001,True
layer4.1.sn2,20,288,0.3385452628135681,0.23466169804521247,0.0,0.9999000099990001,True
layer4.1.sn2,20,289,0.1571040004491806,0.10889619906952833,5.950420712226902e-253,0.9999000099990001,True
layer4.1.sn2,20,290,0.0871635302901268,0.06041715424736212,1.2124594044480938e-177,0.9999000099990001,True
layer4.1.sn2,20,291,0.22414350509643555,0.15536443522182786,0.0,0.9999000099990001,True
layer4.1.sn2,20,292,0.20201550424098969,0.1400264768989289,0.0,0.9999000099990001,True
layer4.1.sn2,20,293,0.03628023341298103,0.025147542526370695,2.118404512409883e-37,0.9999000099990001,True
layer4.1.sn2,20,294,0.2171918898820877,0.15054594444043876,0.0,0.9999000099990001,True
layer4.1.sn2,20,295,0.2844350039958954,0.19715532832698857,0.0,0.9999000099990001,True
layer4.1.sn2,20,296,0.029919523745775223,0.02073863366107129,1.6130350533418135e-61,0.9999000099990001,True
layer4.1.sn2,20,297,0.2327653467655182,0.16134064556806915,0.0,0.9999000099990001,True
layer4.1.sn2,20,298,0.10919748246669769,0.0756899281164638,5.068332705119722e-226,0.9999000099990001,True
layer4.1.sn2,20,299,0.16054287552833557,0.11127984128703519,2.3983239487756465e-288,0.9999000099990001,True
layer4.1.sn2,20,300,0.1994655430316925,0.13825897803780957,0.0,0.9999000099990001,True
layer4.1.sn2,20,301,0.04675875976681709,0.032410703324397036,6.3157629521302945e-65,0.9999000099990001,True
layer4.1.sn2,20,302,0.1051737442612648,0.0729008846519642,1.9322927817444368e-218,0.9999000099990001,True
layer4.1.sn2,20,303,0.3947744369506836,0.2736367796181527,0.0,0.9999000099990001,True
layer4.1.sn2,20,304,0.09900598227977753,0.06862571615150084,2.171575502224869e-236,0.9999000099990001,True
layer4.1.sn2,20,305,0.13770806789398193,0.09545195636070064,4.12375180977669e-262,0.9999000099990001,True
layer4.1.sn2,20,306,0.17584267258644104,0.12188485598784432,0.0,0.9999000099990001,True
layer4.1.sn2,20,307,0.1336207240819931,0.09261882435432692,2.3628784805957403e-305,0.9999000099990001,True
layer4.1.sn2,20,308,0.10922235250473022,0.07570716624603693,5.0000948281648304e-210,0.9999000099990001,True
layer4.1.sn2,20,309,0.15978868305683136,0.1107570710255468,2.175435595665844e-282,0.9999000099990001,True
layer4.1.sn2,20,310,0.07668671756982803,0.05315518453340421,2.6552464821979803e-170,0.9999000099990001,True
layer4.1.sn2,20,311,0.04564756900072098,0.031640483787461066,1.7639847525554914e-115,0.9999000099990001,True
layer4.1.sn2,20,312,0.07713308185338974,0.05346457786615296,8.968198093683533e-176,0.9999000099990001,True
layer4.1.sn2,20,313,0.013776433654129505,0.009549096459971937,2.749840953560465e-13,0.9999000099990001,True
layer4.1.sn2,20,314,0.0321468710899353,0.02228251196773926,9.18795984755015e-49,0.9999000099990001,True
layer4.1.sn2,20,315,0.05511193349957466,0.03820068059290409,3.1025294732462196e-81,0.9999000099990001,True
layer4.1.sn2,20,316,0.3018730878829956,0.20924248354728373,0.0,0.9999000099990001,True
layer4.1.sn2,20,317,0.09437461942434311,0.06541550098388221,1.8061594709745467e-213,0.9999000099990001,True
layer4.1.sn2,20,318,,0.11936373923871235,,0.9900990099009901,False
layer4.1.sn2,20,319,0.2954654395580292,0.2048010304868974,0.0,0.9999000099990001,True
layer4.1.sn2,20,320,0.19466529786586761,0.1349317047550501,0.0,0.9999000099990001,True
layer4.1.sn2,20,321,0.21167172491550446,0.14671966105265133,0.0,0.9999000099990001,True
layer4.1.sn2,20,322,0.2820016145706177,0.19546862943788668,0.0,0.9999000099990001,True
layer4.1.sn2,20,323,0.2924790680408478,0.20273104372317868,0.0,0.9999000099990001,True
layer4.1.sn2,20,324,0.09634479135274887,0.06678112116103932,2.346859930779656e-242,0.9999000099990001,True
layer4.1.sn2,20,325,0.24454769492149353,0.1695075464287784,0.0,0.9999000099990001,True
layer4.1.sn2,20,326,0.42451298236846924,0.29424998589894347,0.0,0.9999000099990001,True
layer4.1.sn2,20,327,0.024487197399139404,0.01697323170583436,3.152405069118424e-25,0.9999000099990001,True
layer4.1.sn2,20,328,0.13056981563568115,0.09050410109352339,1.6718586099984835e-289,0.9999000099990001,True
layer4.1.sn2,20,329,0.15132255852222443,0.10488880655142081,0.0,0.9999000099990001,True
layer4.1.sn2,20,330,0.2703995108604431,0.18742665966570568,0.0,0.9999000099990001,True
layer4.1.sn2,20,331,0.1733124554157257,0.12013104412670202,0.0,0.9999000099990001,True
layer4.1.sn2,20,332,0.2619127929210663,0.1815441055009369,0.0,0.9999000099990001,True
layer4.1.sn2,20,333,0.11611881852149963,0.08048742988528602,3.2476419461208776e-240,0.9999000099990001,True
layer4.1.sn2,20,334,0.43762320280075073,0.3033372864937119,0.0,0.9999000099990001,True
layer4.1.sn2,20,335,0.29887524247169495,0.20716453145327285,0.0,0.9999000099990001,True
layer4.1.sn2,20,336,0.13922956585884094,0.09650658588017923,2.0047395562225204e-265,0.9999000099990001,True
layer4.1.sn2,20,337,0.29229530692100525,0.20260367085694495,0.0,0.9999000099990001,True
layer4.1.sn2,20,338,0.1232970729470253,0.0854630165981541,2.593528349102126e-267,0.9999000099990001,True
layer4.1.sn2,20,339,0.04389113187789917,0.030423013087525687,1.2788486601180623e-56,0.9999000099990001,True
layer4.1.sn2,20,340,0.033983517438173294,0.02355557827366835,7.920495074510568e-53,0.9999000099990001,True
layer4.1.sn2,20,341,0.07371322065591812,0.05109410928726595,3.728802043752005e-130,0.9999000099990001,True
layer4.1.sn2,20,342,0.11100006848573685,0.07693938461744983,8.894531189686944e-182,0.9999000099990001,True
layer4.1.sn2,20,343,0.021769165992736816,0.015089236031240795,1.7589355491340247e-33,0.9999000099990001,True
layer4.1.sn2,20,344,0.15627382695674896,0.10832076656891937,2.0101049494099822e-296,0.9999000099990001,True
layer4.1.sn2,20,345,0.21912501752376556,0.15188588833682373,0.0,0.9999000099990001,True
layer4.1.sn2,20,346,0.18436038494110107,0.12778887900515945,0.0,0.9999000099990001,True
layer4.1.sn2,20,347,0.05505910515785217,0.0381640643323805,6.25989760350221e-113,0.9999000099990001,True
layer4.1.sn2,20,348,0.2618621289730072,0.1815090037955335,0.0,0.9999000099990001,True
layer4.1.sn2,20,349,0.11622952669858932,0.08056416696980037,3.6226231592831803e-230,0.9999000099990001,True
layer4.1.sn2,20,350,0.046081677079200745,0.03194138407661979,6.938596789758548e-80,0.9999000099990001,True
layer4.1.sn2,20,351,0.09494966268539429,0.06581409030576338,5.723842119660346e-197,0.9999000099990001,True
layer4.1.sn2,20,352,0.03098762221634388,0.02147898258091733,6.599419022290195e-63,0.9999000099990001,True
layer4.1.sn2,20,353,0.12013343721628189,0.0832701537993943,4.885438517490141e-254,0.9999000099990001,True
layer4.1.sn2,20,354,0.1412530541419983,0.09790915793780519,1.2361050485556741e-288,0.9999000099990001,True
layer4.1.sn2,20,355,0.1707175076007843,0.11833236278889428,0.0,0.9999000099990001,True
layer4.1.sn2,20,356,0.17088277637958527,0.11844691678100083,1.2619922075432636e-304,0.9999000099990001,True
layer4.1.sn2,20,357,0.16776680946350098,0.11628709295488891,0.0,0.9999000099990001,True
layer4.1.sn2,20,358,0.20564395189285278,0.14254152553531102,0.0,0.9999000099990001,True
layer4.1.sn2,20,359,0.03554343432188034,0.024636830022685696,2.207855049804422e-62,0.9999000099990001,True
layer4.1.sn2,20,360,0.13649119436740875,0.09460848838533298,3.703697506769551e-226,0.9999000099990001,True
layer4.1.sn2,20,361,0.34230905771255493,0.23727056193284624,0.0,0.9999000099990001,True
layer4.1.sn2,20,362,0.22912201285362244,0.15881528166775635,0.0,0.9999000099990001,True
layer4.1.sn2,20,363,0.06761984527111053,0.046870507339460014,4.3618726935664074e-88,0.9999000099990001,True
layer4.1.sn2,20,364,0.19338452816009521,0.13404393825344962,0.0,0.9999000099990001,True
layer4.1.sn2,20,365,0.15330813825130463,0.10626510500018531,0.0,0.9999000099990001,True
layer4.1.sn2,20,366,0.02546788565814495,0.017652993240509677,3.777246294426607e-36,0.9999000099990001,True
layer4.1.sn2,20,367,0.05029423534870148,0.03486130693815835,3.181243961076686e-99,0.9999000099990001,True
layer4.1.sn2,20,368,0.044943127781152725,0.031152202224053994,7.955994272907782e-94,0.9999000099990001,True
layer4.1.sn2,20,369,0.15737026929855347,0.10908076228833571,0.0,0.9999000099990001,True
layer4.1.sn2,20,370,0.24159806966781616,0.16746302057898016,0.0,0.9999000099990001,True
layer4.1.sn2,20,371,0.02956153266131878,0.020490493048516085,1.3329176358767993e-32,0.9999000099990001,True
layer4.1.sn2,20,372,0.16628405451774597,0.11525932562265673,6.078002222570193e-296,0.9999000099990001,True
layer4.1.sn2,20,373,0.036584317684173584,0.02535831684989537,5.266624175227314e-39,0.9999000099990001,True
layer4.1.sn2,20,374,0.12397643178701401,0.08593391507619708,1.826750679276165e-287,0.9999000099990001,True
layer4.1.sn2,20,375,0.07561491429805756,0.05241226387063457,8.755933419652499e-188,0.9999000099990001,True
layer4.1.sn2,20,376,0.2460734099149704,0.17056508838533696,0.0,0.9999000099990001,True
layer4.1.sn2,20,377,0.3487381041049957,0.24172683756737887,0.0,0.9999000099990001,True
layer4.1.sn2,20,378,0.03974427655339241,0.027548634086081505,2.902326697764725e-56,0.9999000099990001,True
layer4.1.sn2,20,379,0.04587685689330101,0.03179941523117886,6.352373746642069e-103,0.9999000099990001,True
layer4.1.sn2,20,380,0.17163537442684174,0.11896857997887168,8.576069733617606e-292,0.9999000099990001,True
layer4.1.sn2,20,381,0.28615301847457886,0.19834614819918367,0.0,0.9999000099990001,True
layer4.1.sn2,20,382,0.1938484013080597,0.13436547676016308,0.0,0.9999000099990001,True
layer4.1.sn2,20,383,0.06047489866614342,0.04191800623215147,8.116028205148317e-124,0.9999000099990001,True
layer4.1.sn2,20,384,0.4411163628101349,0.30575855646648786,0.0,0.9999000099990001,True
layer4.1.sn2,20,385,0.04535854607820511,0.03144014874947718,4.9096956745605396e-74,0.9999000099990001,True
layer4.1.sn2,20,386,0.007034680340439081,0.004876068992255974,0.0006311853306890774,0.999000099990001,False
layer4.1.sn2,20,387,0.1422518789768219,0.09860148715106676,1.729163283690779e-242,0.9999000099990001,True
layer4.1.sn2,20,388,0.32927876710891724,0.22823865429508,0.0,0.9999000099990001,True
layer4.1.sn2,20,389,0.24108779430389404,0.16710932685134616,0.0,0.9999000099990001,True
layer4.1.sn2,20,390,0.028007276356220245,0.019413164780146562,3.101004635185983e-41,0.9999000099990001,True
layer4.1.sn2,20,391,0.05403105169534683,0.03745147083465816,2.9500477070888686e-92,0.9999000099990001,True
layer4.1.sn2,20,392,0.06986858695745468,0.048429214681891646,3.189001868832322e-135,0.9999000099990001,True
layer4.1.sn2,20,393,0.14720797538757324,0.10203679354119005,3.4241761486978503e-233,0.9999000099990001,True
layer4.1.sn2,20,394,0.27440962195396423,0.19020624689238147,0.0,0.9999000099990001,True
layer4.1.sn2,20,395,0.07243816554546356,0.05021031165779341,3.5170580580605324e-134,0.9999000099990001,True
layer4.1.sn2,20,396,0.05857458710670471,0.0406008106810855,4.325991286775474e-125,0.9999000099990001,True
layer4.1.sn2,20,397,0.0702582374215126,0.04869929753370737,2.4101356390564795e-130,0.9999000099990001,True
layer4.1.sn2,20,398,0.11973661184310913,0.08299509599649829,2.816821038208018e-242,0.9999000099990001,True
layer4.1.sn2,20,399,0.07686052471399307,0.05327565665117384,6.829639023757612e-182,0.9999000099990001,True
layer4.1.sn2,20,400,,0.09005979960011197,,0.9900990099009901,False
layer4.1.sn2,20,401,0.27117279171943665,0.18796265986444588,0.0,0.9999000099990001,True
layer4.1.sn2,20,402,0.1439448595046997,0.09977497150954473,2.3410642739246255e-257,0.9999000099990001,True
layer4.1.sn2,20,403,0.2605471611022949,0.18059754007192752,0.0,0.9999000099990001,True
layer4.1.sn2,20,404,0.15385988354682922,0.10664754893113292,0.0,0.9999000099990001,True
layer4.1.sn2,20,405,0.3702307641506195,0.256624403042866,0.0,0.9999000099990001,True
layer4.1.sn2,20,406,0.13227121531963348,0.09168342072589157,4.427948189541e-311,0.9999000099990001,True
layer4.1.sn2,20,407,0.37862470746040344,0.262442638343952,0.0,0.9999000099990001,True
layer4.1.sn2,20,408,0.13459014892578125,0.09329077829098506,2.0190427188271594e-222,0.9999000099990001,True
layer4.1.sn2,20,409,0.04100343957543373,0.028421418122586688,3.0036400503454626e-61,0.9999000099990001,True
layer4.1.sn2,20,410,0.36683303117752075,0.2542692784093695,0.0,0.9999000099990001,True
layer4.1.sn2,20,411,0.34728074073791504,0.24071666463223218,0.0,0.9999000099990001,True
layer4.1.sn2,20,412,0.08416891098022461,0.05834144493780387,2.7063739402745637e-171,0.9999000099990001,True
layer4.1.sn2,20,413,0.2393256574869156,0.16588790867513722,0.0,0.9999000099990001,True
layer4.1.sn2,20,414,0.25286558270454407,0.17527306025097714,0.0,0.9999000099990001,True
layer4.1.sn2,20,415,0.119320347905159,0.08270656230143429,1.6019624436692074e-194,0.9999000099990001,True
layer4.1.sn2,20,416,0.3266424238681793,0.22641127072656367,0.0,0.9999000099990001,True
layer4.1.sn2,20,417,0.11867755651473999,0.0822610142986502,1.9689024199218134e-241,0.9999000099990001,True
layer4.1.sn2,20,418,0.1968734860420227,0.1364623049368044,0.0,0.9999000099990001,True
layer4.1.sn2,20,419,0.1916237771511078,0.1328234794366024,0.0,0.9999000099990001,True
layer4.1.sn2,20,420,0.0712144747376442,0.04936211464364597,1.554464598921512e-138,0.9999000099990001,True
layer4.1.sn2,20,421,0.03321116045117378,0.02302022237115563,1.2572910655805762e-28,0.9999000099990001,True
layer4.1.sn2,20,422,0.31594476103782654,0.21899621893184862,0.0,0.9999000099990001,True
layer4.1.sn2,20,423,0.05246949940919876,0.036369084585875705,1.082193899394862e-94,0.9999000099990001,True
layer4.1.sn2,20,424,0.19749727845191956,0.13689467903943894,0.0,0.9999000099990001,True
layer4.1.sn2,20,425,0.1156422421336174,0.08015709161270956,2.627228122519645e-199,0.9999000099990001,True
layer4.1.sn2,20,426,0.05192311108112335,0.03599035779286712,1.1896310195393541e-79,0.9999000099990001,True
layer4.1.sn2,20,427,0.29608210921287537,0.20522848306759148,0.0,0.9999000099990001,True
layer4.1.sn2,20,428,0.12389937043190002,0.08588049969847217,7.654464327309437e-242,0.9999000099990001,True
layer4.1.sn2,20,429,0.041167497634887695,0.028535135550645567,7.23045961339805e-67,0.9999000099990001,True
layer4.1.sn2,20,430,0.15533418953418732,0.10766946048968995,3.3688520721672054e-297,0.9999000099990001,True
layer4.1.sn2,20,431,0.013774382881820202,0.009547674626451333,2.041512502973336e-21,0.9999000099990001,True
layer4.1.sn2,20,432,0.05696273222565651,0.039483556593003045,2.789445224933049e-99,0.9999000099990001,True
layer4.1.sn2,20,433,0.3458596467971802,0.23973164804228192,0.0,0.9999000099990001,True
layer4.1.sn2,20,434,0.18387171626091003,0.1274501613075413,0.0,0.9999000099990001,True
layer4.1.sn2,20,435,0.056493718177080154,0.03915846156832492,1.4418484083580628e-124,0.9999000099990001,True
layer4.1.sn2,20,436,0.19387699663639069,0.13438529450129408,0.0,0.9999000099990001,True
layer4.1.sn2,20,437,0.2713322043418884,0.1880731445330445,0.0,0.9999000099990001,True
layer4.1.sn2,20,438,0.031055493280291557,0.02152602785752764,9.484663767165387e-41,0.9999000099990001,True
layer4.1.sn2,20,439,0.22869819402694702,0.1585215048946796,0.0,0.9999000099990001,True
layer4.1.sn2,20,440,0.06347323954105377,0.043996296758236,7.134793995689715e-134,0.9999000099990001,True
layer4.1.sn2,20,441,0.10449223965406418,0.07242850231626938,1.5496125450460127e-201,0.9999000099990001,True
layer4.1.sn2,20,442,0.33777302503585815,0.234126412879957,0.0,0.9999000099990001,True
layer4.1.sn2,20,443,0.03339836001396179,0.023149977897529934,6.958962154302282e-51,0.9999000099990001,True
layer4.1.sn2,20,444,0.3642907440662384,0.2525070974007324,0.0,0.9999000099990001,True
layer4.1.sn2,20,445,,0.038898542380451005,,0.9900990099009901,False
layer4.1.sn2,20,446,0.046686191111803055,0.03236040135792808,9.813791809801116e-73,0.9999000099990001,True
layer4.1.sn2,20,447,0.12773415446281433,0.08853857403931202,2.455197051445176e-229,0.9999000099990001,True
layer4.1.sn2,20,448,0.06904560327529907,0.04785876283522464,3.1392056494852145e-155,0.9999000099990001,True
layer4.1.sn2,20,449,0.3940998911857605,0.2731692215628456,0.0,0.9999000099990001,True
layer4.1.sn2,20,450,0.10934820026159286,0.07579439840204547,4.5468134513311434e-189,0.9999000099990001,True
layer4.1.sn2,20,451,0.032572876662015915,0.022577796365168372,5.0992432087982766e-70,0.9999000099990001,True
layer4.1.sn2,20,452,0.17999842762947083,0.12476540585516731,4.994082287942e-311,0.9999000099990001,True
layer4.1.sn2,20,453,0.25002041459083557,0.1733009553417066,0.0,0.9999000099990001,True
layer4.1.sn2,20,454,0.19162382185459137,0.13282351541663384,0.0,0.9999000099990001,True
layer4.1.sn2,20,455,0.09828739613294601,0.06812763347872944,3.856685228210325e-186,0.9999000099990001,True
layer4.1.sn2,20,456,0.04832260683178902,0.03349467748270888,8.212711987129512e-80,0.9999000099990001,True
layer4.1.sn2,20,457,0.3951621353626251,0.2739055138735274,0.0,0.9999000099990001,True
layer4.1.sn2,20,458,0.316760390996933,0.2195615668308198,0.0,0.9999000099990001,True
layer4.1.sn2,20,459,0.2284773588180542,0.15836843864536054,0.0,0.9999000099990001,True
layer4.1.sn2,20,460,0.25390270352363586,0.17599194293794934,0.0,0.9999000099990001,True
layer4.1.sn2,20,461,0.15943780541419983,0.1105138685966751,0.0,0.9999000099990001,True
layer4.1.sn2,20,462,0.16490735113620758,0.1143050674450678,0.0,0.9999000099990001,True
layer4.1.sn2,20,463,0.29413649439811707,0.2038798904774906,0.0,0.9999000099990001,True
layer4.1.sn2,20,464,0.08508867770433426,0.05897897598345949,1.4005294516407112e-132,0.9999000099990001,True
layer4.1.sn2,20,465,0.10153510421514511,0.0703787728433174,2.197419947280976e-217,0.9999000099990001,True
layer4.1.sn2,20,466,0.2192409783601761,0.15196626411134323,0.0,0.9999000099990001,True
layer4.1.sn2,20,467,0.02750326134264469,0.019063807774573123,1.007879769346708e-42,0.9999000099990001,True
layer4.1.sn2,20,468,0.267902672290802,0.1856959778704179,0.0,0.9999000099990001,True
layer4.1.sn2,20,469,0.06156042590737343,0.04267043499715735,5.674040313830174e-128,0.9999000099990001,True
layer4.1.sn2,20,470,0.036555998027324677,0.025338686162158258,2.2842459049328382e-51,0.9999000099990001,True
layer4.1.sn2,20,471,0.21904252469539642,0.1518287068181439,0.0,0.9999000099990001,True
layer4.1.sn2,20,472,0.1101343035697937,0.07633928306525764,4.4634134624493256e-203,0.9999000099990001,True
layer4.1.sn2,20,473,0.3506893515586853,0.24307933572102958,0.0,0.9999000099990001,True
layer4.1.sn2,20,474,0.2208118736743927,0.1530551327496414,0.0,0.9999000099990001,True
layer4.1.sn2,20,475,0.0644422098994255,0.04466793816095674,2.839030993712283e-143,0.9999000099990001,True
layer4.1.sn2,20,476,0.06392882019281387,0.044312083867691615,6.853362731168591e-144,0.9999000099990001,True
layer4.1.sn2,20,477,0.10418368875980377,0.07221463236768358,1.0396214314226922e-211,0.9999000099990001,True
layer4.1.sn2,20,478,0.22088398039340973,0.15310510734031363,0.0,0.9999000099990001,True
layer4.1.sn2,20,479,0.10494217276573181,0.0727403719491178,5.079333537752472e-234,0.9999000099990001,True
layer4.1.sn2,20,480,0.4002026915550232,0.27739935857940085,0.0,0.9999000099990001,True
layer4.1.sn2,20,481,0.4586629867553711,0.3179209474578136,0.0,0.9999000099990001,True
layer4.1.sn2,20,482,0.28649526834487915,0.19858337821391592,0.0,0.9999000099990001,True
layer4.1.sn2,20,483,0.1560577005147934,0.10817095005868112,1.0018282591674637e-275,0.9999000099990001,True
layer4.1.sn2,20,484,0.0431218221783638,0.029889769889988784,3.3108277414166915e-102,0.9999000099990001,True
layer4.1.sn2,20,485,0.054989080876111984,0.038115526045884675,1.716849392705113e-116,0.9999000099990001,True
layer4.1.sn2,20,486,0.044799406081438065,0.031052583055081875,1.5723270123377023e-75,0.9999000099990001,True
layer4.1.sn2,20,487,0.0676540732383728,0.04689422851098558,1.1246336086566443e-116,0.9999000099990001,True
layer4.1.sn2,20,488,0.39720240235328674,0.2753197256572114,0.0,0.9999000099990001,True
layer4.1.sn2,20,489,0.065076544880867,0.04510762295860125,1.0945241972236624e-133,0.9999000099990001,True
layer4.1.sn2,20,490,0.40667590498924255,0.2818862549199004,0.0,0.9999000099990001,True
layer4.1.sn2,20,491,0.03292785584926605,0.022823851689317054,1.7232664959919438e-40,0.9999000099990001,True
layer4.1.sn2,20,492,0.28622615337371826,0.19839686078099622,0.0,0.9999000099990001,True
layer4.1.sn2,20,493,0.10685432702302933,0.07406577797710763,7.293439462283826e-247,0.9999000099990001,True
layer4.1.sn2,20,494,0.006928237620741129,0.004802288503364653,0.00031418825156399313,0.9994000599940006,False
layer4.1.sn2,20,495,0.024751916527748108,0.017156721504568692,2.4210684753676784e-32,0.9999000099990001,True
layer4.1.sn2,20,496,0.2235299050807953,0.1549391191170877,0.0,0.9999000099990001,True
layer4.1.sn2,20,497,0.0576653890311718,0.03997060301726905,1.3749097837779303e-137,0.9999000099990001,True
layer4.1.sn2,20,498,0.053160056471824646,0.03684774353134673,1.9972185557607168e-107,0.9999000099990001,True
layer4.1.sn2,20,499,0.024059725925326347,0.01667693121389465,1.1021362225659635e-31,0.9999000099990001,True
layer4.1.sn2,20,500,0.12630806863307953,0.0875500841469737,2.762740590495215e-290,0.9999000099990001,True
layer4.1.sn2,20,501,0.4880806505680084,0.3383117258281728,0.0,0.9999000099990001,True
layer4.1.sn2,20,502,0.014701341278851032,0.010190193544660681,4.6230485056702835e-17,0.9999000099990001,True
layer4.1.sn2,20,503,0.04703417047858238,0.032601601514606504,9.509047557466251e-77,0.9999000099990001,True
layer4.1.sn2,20,504,0.014568702317774296,0.010098254837779388,6.58854875416823e-17,0.9999000099990001,True
layer4.1.sn2,20,505,0.005097358487546444,0.003533219565531129,0.005694321209739145,0.9892010798920108,False
layer4.1.sn2,20,506,0.04938245564699173,0.034229308723100094,7.1070773253105595e-78,0.9999000099990001,True
layer4.1.sn2,20,507,0.08649139106273651,0.05995126524217488,2.0574689786085265e-196,0.9999000099990001,True
layer4.1.sn2,20,508,0.09859108179807663,0.06833813200189738,1.3274971988788903e-216,0.9999000099990001,True
layer4.1.sn2,20,509,0.3316980004310608,0.22991553939825535,0.0,0.9999000099990001,True
layer4.1.sn2,20,510,0.31992655992507935,0.22175618887872975,0.0,0.9999000099990001,True
layer4.1.sn2,20,511,0.09903024882078171,0.06864253715088868,3.9024369158246597e-222,0.9999000099990001,True
sn1,30,0,0.0673472210764885,0.03869850705001983,6.758697758196082e-104,0.9999000099990001,True
sn1,30,1,,0.0,,0.009900990099009901,False
sn1,30,2,0.2627220153808594,0.20488979397040183,2.2519756146494206e-257,0.9999000099990001,True
sn1,30,3,0.004268864635378122,0.0018415532388618865,2.8401053858607564e-05,0.9999000099990001,True
sn1,30,4,0.13031552731990814,0.10221638841080352,1.126673709967087e-145,0.9999000099990001,True
sn1,30,5,0.07337018102407455,0.04799064083614414,2.7686937958865102e-137,0.9999000099990001,True
sn1,30,6,0.0823245719075203,0.05423787325410317,1.446752031819214e-100,0.9999000099990001,True
sn1,30,7,0.21459296345710754,0.16199554846469194,4.272915756170797e-213,0.9999000099990001,True
sn1,30,8,0.06251987814903259,0.03539974998341978,1.2716947370323457e-162,0.9999000099990001,True
sn1,30,9,,0.0,,0.5445544554455446,False
sn1,30,10,,0.0006908805734227708,,0.6534653465346535,False
sn1,30,11,0.05487747862935066,0.029091935540022887,8.452554259150635e-113,0.9999000099990001,True
sn1,30,12,0.1222880408167839,0.08324474604236527,1.289293682086992e-141,0.9999000099990001,True
sn1,30,13,0.10365438461303711,0.10529880014379331,3.5612056808228945e-122,0.9999000099990001,True
sn1,30,14,,0.0,,0.009900990099009901,False
sn1,30,15,0.05200207605957985,0.03262268155188972,1.1658407088509562e-74,0.9999000099990001,True
sn1,30,16,,0.0,,0.009900990099009901,False
sn1,30,17,0.2609797418117523,0.1867343446447014,1.0327120556057818e-251,0.9999000099990001,True
sn1,30,18,,0.0,,0.009900990099009901,False
sn1,30,19,0.10163963586091995,0.0633833608195183,3.049000343427598e-127,0.9999000099990001,True
sn1,30,20,0.11634736508131027,0.06932140684233981,1.9734660187276409e-255,0.9999000099990001,True
sn1,30,21,0.15972134470939636,0.1226046105145899,2.491898957263799e-180,0.9999000099990001,True
sn1,30,22,,0.005793883485138791,,0.9900990099009901,False
sn1,30,23,0.04180992394685745,0.025183998421509056,5.275493525190009e-87,0.9999000099990001,True
sn1,30,24,0.15599185228347778,0.10887957310978459,1.4310751400249702e-173,0.9999000099990001,True
sn1,30,25,0.09305375814437866,0.06464290055589682,4.1164012485061557e-116,0.9999000099990001,True
sn1,30,26,0.041516825556755066,0.02469752588367,7.249719396831366e-50,0.9999000099990001,True
sn1,30,27,,0.0,,0.7128712871287128,False
sn1,30,28,0.003120245411992073,0.0020429006572901375,0.016936165963870313,0.9802019798020198,False
sn1,30,29,0.17346659302711487,0.12678407231825428,1.0276784908266018e-193,0.9999000099990001,True
sn1,30,30,,0.0,,0.009900990099009901,False
sn1,30,31,0.08692581951618195,0.07800748779896657,3.7000082146358266e-107,0.9999000099990001,True
sn1,30,32,0.21206505596637726,0.14396457108211796,8.690673760982805e-223,0.9999000099990001,True
sn1,30,33,0.09185933321714401,0.051430464891087393,3.014554549627654e-110,0.9999000099990001,True
sn1,30,34,,0.0005053658850097968,,0.37623762376237624,False
sn1,30,35,,0.0,,0.009900990099009901,False
sn1,30,36,0.2772141993045807,0.22457299860484753,1.293597328709539e-268,0.9999000099990001,True
sn1,30,37,0.17071831226348877,0.11061329754608393,1.4823379961785653e-185,0.9999000099990001,True
sn1,30,38,0.19311414659023285,0.13052155691481057,3.087093131584305e-206,0.9999000099990001,True
sn1,30,39,,0.00023030352580856396,,0.009900990099009901,False
sn1,30,40,,0.0,,0.009900990099009901,False
sn1,30,41,0.3288162052631378,0.2598280288822215,1.870167193271741e-284,0.9999000099990001,True
sn1,30,42,0.006166148465126753,0.001885918881210665,5.726152372848855e-09,0.9999000099990001,True
sn1,30,43,0.08231395483016968,0.05498925738266373,9.42764386951704e-110,0.9999000099990001,True
sn1,30,44,0.12248555570840836,0.10938485765805928,2.2581866584805957e-144,0.9999000099990001,True
sn1,30,45,0.0713488757610321,0.03459735031641144,6.27078635619477e-93,0.9999000099990001,True
sn1,30,46,0.2362370640039444,0.17996521099975632,6.205388489696494e-243,0.9999000099990001,True
sn1,30,47,,0.0,,0.009900990099009901,False
sn1,30,48,,0.0,,0.009900990099009901,False
sn1,30,49,0.07818224281072617,0.05354028530659011,5.4369778970499565e-96,0.9999000099990001,True
sn1,30,50,0.0178543608635664,0.004145604759967511,2.0569123500379512e-48,0.9999000099990001,True
sn1,30,51,0.04479653388261795,0.03755117567165315,8.13177145254664e-58,0.9999000099990001,True
sn1,30,52,,0.0,,0.009900990099009901,False
sn1,30,53,0.04441331699490547,0.02837290056734311,4.504858457318726e-46,0.9999000099990001,True
sn1,30,54,0.04209095612168312,0.01783542986924969,4.4564453043489057e-125,0.9999000099990001,True
sn1,30,55,,0.0,,0.009900990099009901,False
sn1,30,56,,0.0004605970506175994,,0.8712871287128713,False
sn1,30,57,0.1502765417098999,0.10432330123084854,3.0026923965402083e-164,0.9999000099990001,True
sn1,30,58,,0.0,,0.009900990099009901,False
sn1,30,59,0.12123943120241165,0.07472087812722947,1.6922055917745121e-143,0.9999000099990001,True
sn1,30,60,0.14190176129341125,0.08160286245077948,2.428676426735085e-163,0.9999000099990001,True
sn1,30,61,0.1577843874692917,0.1093845226034048,5.88497108040389e-178,0.9999000099990001,True
sn1,30,62,0.19749900698661804,0.14929858385256134,3.29622954728917e-210,0.9999000099990001,True
sn1,30,63,,0.0,,0.009900990099009901,False
layer1.1.sn2,30,0,0.08937378227710724,0.06941085400095337,1.904276759851419e-110,0.9999000099990001,True
layer1.1.sn2,30,1,0.5619328022003174,0.41544302724280063,0.0,0.9999000099990001,True
layer1.1.sn2,30,2,0.45090991258621216,0.33025242806604826,0.0,0.9999000099990001,True
layer1.1.sn2,30,3,0.11174483597278595,0.08985882207167015,5.592710872437433e-133,0.9999000099990001,True
layer1.1.sn2,30,4,0.12231555581092834,0.09739814612724614,7.118955968735008e-145,0.9999000099990001,True
layer1.1.sn2,30,5,0.4973468780517578,0.35086567379557426,0.0,0.9999000099990001,True
layer1.1.sn2,30,6,0.18499964475631714,0.14160407900175825,3.4517551676707054e-197,0.9999000099990001,True
layer1.1.sn2,30,7,0.45798367261886597,0.33059016128182017,0.0,0.9999000099990001,True
layer1.1.sn2,30,8,0.4847148060798645,0.3518886730008358,0.0,0.9999000099990001,True
layer1.1.sn2,30,9,0.26582759618759155,0.1828965727716723,9.790829219784996e-250,0.9999000099990001,True
layer1.1.sn2,30,10,0.27904966473579407,0.20821297577879852,3.5868761610223962e-264,0.9999000099990001,True
layer1.1.sn2,30,11,0.41277721524238586,0.29561081532402533,0.0,0.9999000099990001,True
layer1.1.sn2,30,12,0.1831398457288742,0.12669178496353228,1.0450727405959264e-195,0.9999000099990001,True
layer1.1.sn2,30,13,0.13069798052310944,0.10109030443686107,8.737767788191321e-152,0.9999000099990001,True
layer1.1.sn2,30,14,0.49347931146621704,0.3783048691207217,0.0,0.9999000099990001,True
layer1.1.sn2,30,15,0.1806052178144455,0.15252348433727553,2.1701819322049155e-194,0.9999000099990001,True
layer1.1.sn2,30,16,0.1922593116760254,0.15603460248214757,5.404811960565875e-204,0.9999000099990001,True
layer1.1.sn2,30,17,0.5560813546180725,0.401423399586353,0.0,0.9999000099990001,True
layer1.1.sn2,30,18,0.07504847645759583,0.06193778493258706,1.4748993138074033e-95,0.9999000099990001,True
layer1.1.sn2,30,19,0.20454658567905426,0.14799016640213603,1.5273116190384812e-216,0.9999000099990001,True
layer1.1.sn2,30,20,0.554023265838623,0.4065764544647492,0.0,0.9999000099990001,True
layer1.1.sn2,30,21,0.21669575572013855,0.1773866753397481,7.073107094851749e-220,0.9999000099990001,True
layer1.1.sn2,30,22,0.5355064272880554,0.4023019554515019,0.0,0.9999000099990001,True
layer1.1.sn2,30,23,0.21433572471141815,0.154755287134491,1.5771805895799887e-213,0.9999000099990001,True
layer1.1.sn2,30,24,0.44318321347236633,0.3184543006504067,0.0,0.9999000099990001,True
layer1.1.sn2,30,25,0.5771380662918091,0.41489916525840315,0.0,0.9999000099990001,True
layer1.1.sn2,30,26,0.20219936966896057,0.14249307773053532,3.4591168269417507e-202,0.9999000099990001,True
layer1.1.sn2,30,27,0.3090016841888428,0.23440530180423935,2.4192218149679973e-278,0.9999000099990001,True
layer1.1.sn2,30,28,0.3052859902381897,0.21658449242949404,1.7811489869256103e-282,0.9999000099990001,True
layer1.1.sn2,30,29,0.2851020395755768,0.19323438211063204,1.0694833882012988e-270,0.9999000099990001,True
layer1.1.sn2,30,30,0.15954850614070892,0.12499765521473971,1.3379888517550034e-176,0.9999000099990001,True
layer1.1.sn2,30,31,0.1689949929714203,0.1332887148318932,7.425530582436673e-189,0.9999000099990001,True
layer1.1.sn2,30,32,0.5859497785568237,0.44050640659829826,0.0,0.9999000099990001,True
layer1.1.sn2,30,33,0.21810048818588257,0.16320905877952352,2.450057337557944e-222,0.9999000099990001,True
layer1.1.sn2,30,34,0.3116399347782135,0.22762041502690852,6.750753218644411e-278,0.9999000099990001,True
layer1.1.sn2,30,35,0.2884620130062103,0.20847645983782218,1.9296419557888926e-262,0.9999000099990001,True
layer1.1.sn2,30,36,0.49611788988113403,0.36210256595866597,0.0,0.9999000099990001,True
layer1.1.sn2,30,37,0.5083522200584412,0.3658922879415658,0.0,0.9999000099990001,True
layer1.1.sn2,30,38,0.5395442247390747,0.39235858182937167,0.0,0.9999000099990001,True
layer1.1.sn2,30,39,0.3291981816291809,0.24013300657955128,1.1673620474353305e-283,0.9999000099990001,True
layer1.1.sn2,30,40,0.13485610485076904,0.10386590388800618,9.1570815260872e-159,0.9999000099990001,True
layer1.1.sn2,30,41,0.5406067967414856,0.39056294679431736,0.0,0.9999000099990001,True
layer1.1.sn2,30,42,0.23562094569206238,0.1729884435314108,2.114185672729574e-250,0.9999000099990001,True
layer1.1.sn2,30,43,0.20663921535015106,0.15570123609432535,8.381302634719493e-209,0.9999000099990001,True
layer1.1.sn2,30,44,0.17363789677619934,0.1485116076417054,2.3644818922437224e-194,0.9999000099990001,True
layer1.1.sn2,30,45,0.23241424560546875,0.17542035357509733,6.892587659355034e-232,0.9999000099990001,True
layer1.1.sn2,30,46,0.256325900554657,0.1754767365800268,1.2579039242987933e-243,0.9999000099990001,True
layer1.1.sn2,30,47,0.19913296401500702,0.14462912542670248,4.310318333883341e-206,0.9999000099990001,True
layer1.1.sn2,30,48,0.24671587347984314,0.18637856598289032,1.8157643555247771e-233,0.9999000099990001,True
layer1.1.sn2,30,49,0.36997491121292114,0.2719386826665502,2.28725157120565e-310,0.9999000099990001,True
layer1.1.sn2,30,50,0.3025107979774475,0.20094824590840302,0.0,0.9999000099990001,True
layer1.1.sn2,30,51,0.30062350630760193,0.2197053332524324,3.6480986334431346e-268,0.9999000099990001,True
layer1.1.sn2,30,52,0.22679364681243896,0.17068059569278526,9.237600344296812e-228,0.9999000099990001,True
layer1.1.sn2,30,53,0.4093516767024994,0.2972724504798883,0.0,0.9999000099990001,True
layer1.1.sn2,30,54,0.14613907039165497,0.10852177409515333,2.2319941393474358e-167,0.9999000099990001,True
layer1.1.sn2,30,55,0.12322176247835159,0.09424496660600544,2.1078693813918535e-144,0.9999000099990001,True
layer1.1.sn2,30,56,0.34091946482658386,0.2579087063972043,6.214433268475961e-295,0.9999000099990001,True
layer1.1.sn2,30,57,0.5483875274658203,0.39452852068406635,0.0,0.9999000099990001,True
layer1.1.sn2,30,58,0.3929826319217682,0.28960060355190487,0.0,0.9999000099990001,True
layer1.1.sn2,30,59,0.20795993506908417,0.1560691715273308,2.420842638765944e-220,0.9999000099990001,True
layer1.1.sn2,30,60,0.31323379278182983,0.23079703604963595,4.4010966893029736e-290,0.9999000099990001,True
layer1.1.sn2,30,61,0.29183241724967957,0.2118127450342845,5.681751776532388e-270,0.9999000099990001,True
layer1.1.sn2,30,62,0.5318869948387146,0.38313291130251237,0.0,0.9999000099990001,True
layer1.1.sn2,30,63,0.16763484477996826,0.1260329631783601,4.9337583311959305e-182,0.9999000099990001,True
layer2.1.sn2,30,0,0.4011172950267792,0.2791440011122216,0.0,0.9999000099990001,True
layer2.1.sn2,30,1,0.5310970544815063,0.36858332223435675,0.0,0.9999000099990001,True
layer2.1.sn2,30,2,0.5715126991271973,0.4212109804202462,0.0,0.9999000099990001,True
layer2.1.sn2,30,3,0.22720587253570557,0.16805184553799224,1.2788286857365712e-230,0.9999000099990001,True
layer2.1.sn2,30,4,0.32081955671310425,0.23644755599671466,7.404115614205298e-279,0.9999000099990001,True
layer2.1.sn2,30,5,0.2476876676082611,0.15333715422091268,4.1406932315307735e-248,0.9999000099990001,True
layer2.1.sn2,30,6,0.5251599550247192,0.375507603946703,0.0,0.9999000099990001,True
layer2.1.sn2,30,7,0.17984753847122192,0.13180693530257856,3.0847166618205664e-186,0.9999000099990001,True
layer2.1.sn2,30,8,0.5775982141494751,0.44561574163713885,0.0,0.9999000099990001,True
layer2.1.sn2,30,9,0.26745426654815674,0.18738436712204729,3.89472721057236e-254,0.9999000099990001,True
layer2.1.sn2,30,10,0.2529648244380951,0.18710779617420215,1.7201062788538856e-253,0.9999000099990001,True
layer2.1.sn2,30,11,0.63251131772995,0.4652558615994906,0.0,0.9999000099990001,True
layer2.1.sn2,30,12,0.1998063325881958,0.153935800610566,1.905015415546774e-213,0.9999000099990001,True
layer2.1.sn2,30,13,0.132513627409935,0.10198145132611536,8.879231445677964e-156,0.9999000099990001,True
layer2.1.sn2,30,14,0.2977331280708313,0.2126756698597017,1.0589989764316105e-286,0.9999000099990001,True
layer2.1.sn2,30,15,0.24556653201580048,0.1823969361472939,1.6974848341710937e-238,0.9999000099990001,True
layer2.1.sn2,30,16,0.248808354139328,0.18780555570446794,6.948296039864731e-238,0.9999000099990001,True
layer2.1.sn2,30,17,0.503766655921936,0.34980046446873114,0.0,0.9999000099990001,True
layer2.1.sn2,30,18,0.20004621148109436,0.13975806481197983,4.502578621243286e-212,0.9999000099990001,True
layer2.1.sn2,30,19,0.6718797087669373,0.48889298692302313,0.0,0.9999000099990001,True
layer2.1.sn2,30,20,0.32507798075675964,0.23430257713619132,2.0832929073821693e-285,0.9999000099990001,True
layer2.1.sn2,30,21,0.3407173752784729,0.24143099630277504,3.9833216623859866e-296,0.9999000099990001,True
layer2.1.sn2,30,22,0.23074102401733398,0.1775070332324946,6.91646962931605e-230,0.9999000099990001,True
layer2.1.sn2,30,23,0.5176049470901489,0.36037658858187693,0.0,0.9999000099990001,True
layer2.1.sn2,30,24,0.2868482768535614,0.20033083305641824,2.1109112641684575e-269,0.9999000099990001,True
layer2.1.sn2,30,25,0.5778746008872986,0.4272520667567087,0.0,0.9999000099990001,True
layer2.1.sn2,30,26,0.3298153579235077,0.250481011849751,6.784435169481595e-291,0.9999000099990001,True
layer2.1.sn2,30,27,0.3143857717514038,0.21929186965677405,6.025879995833886e-288,0.9999000099990001,True
layer2.1.sn2,30,28,0.5413024425506592,0.398125748735505,0.0,0.9999000099990001,True
layer2.1.sn2,30,29,0.2268354892730713,0.16414348330596418,9.122886589395948e-227,0.9999000099990001,True
layer2.1.sn2,30,30,0.33678293228149414,0.20743319684880873,0.0,0.9999000099990001,True
layer2.1.sn2,30,31,0.34368008375167847,0.24111379149739598,1.3717875022835592e-294,0.9999000099990001,True
layer2.1.sn2,30,32,0.16085273027420044,0.12528496855665683,2.969470259864103e-178,0.9999000099990001,True
layer2.1.sn2,30,33,0.39082348346710205,0.2603119365122605,0.0,0.9999000099990001,True
layer2.1.sn2,30,34,0.19422532618045807,0.14444309950565357,4.7889209924284755e-201,0.9999000099990001,True
layer2.1.sn2,30,35,0.6011766195297241,0.4385016673919012,0.0,0.9999000099990001,True
layer2.1.sn2,30,36,0.3785015642642975,0.2556478915929018,0.0,0.9999000099990001,True
layer2.1.sn2,30,37,0.31619855761528015,0.2179179785153073,5.525524356932378e-287,0.9999000099990001,True
layer2.1.sn2,30,38,0.2928820848464966,0.19350382690157159,4.840424562125217e-277,0.9999000099990001,True
layer2.1.sn2,30,39,0.28776171803474426,0.22378919488719717,3.351627871938223e-264,0.9999000099990001,True
layer2.1.sn2,30,40,0.471221387386322,0.3424316491908447,0.0,0.9999000099990001,True
layer2.1.sn2,30,41,0.11437525600194931,0.08260625566250986,5.870573512145796e-135,0.9999000099990001,True
layer2.1.sn2,30,42,0.6286309957504272,0.47161109298055764,0.0,0.9999000099990001,True
layer2.1.sn2,30,43,0.207034170627594,0.15784718823844257,1.4268293277490383e-217,0.9999000099990001,True
layer2.1.sn2,30,44,0.4706083834171295,0.33287773453291375,0.0,0.9999000099990001,True
layer2.1.sn2,30,45,0.5356401801109314,0.3935226866229534,0.0,0.9999000099990001,True
layer2.1.sn2,30,46,0.5780384540557861,0.4264112706844626,0.0,0.9999000099990001,True
layer2.1.sn2,30,47,0.17838208377361298,0.14038428889281043,2.2848574414522194e-195,0.9999000099990001,True
layer2.1.sn2,30,48,0.09980475157499313,0.0754100427358212,5.114483147646624e-124,0.9999000099990001,True
layer2.1.sn2,30,49,0.32667243480682373,0.24168345530208254,2.3717569877184526e-289,0.9999000099990001,True
layer2.1.sn2,30,50,0.29752790927886963,0.21934708002348574,3.1671057119386965e-273,0.9999000099990001,True
layer2.1.sn2,30,51,0.6138357520103455,0.4468261583939313,0.0,0.9999000099990001,True
layer2.1.sn2,30,52,0.40095922350883484,0.3020851547473609,0.0,0.9999000099990001,True
layer2.1.sn2,30,53,0.31600064039230347,0.2349425412368444,1.483564645792156e-289,0.9999000099990001,True
layer2.1.sn2,30,54,0.42590227723121643,0.3096520797287853,0.0,0.9999000099990001,True
layer2.1.sn2,30,55,0.6638237833976746,0.49254589214620614,0.0,0.9999000099990001,True
layer2.1.sn2,30,56,0.2822500765323639,0.20662470854081239,1.2252315984051926e-259,0.9999000099990001,True
layer2.1.sn2,30,57,0.5764786005020142,0.4237160419790534,0.0,0.9999000099990001,True
layer2.1.sn2,30,58,0.3601773977279663,0.23069192320140575,2.6910042094492914e-307,0.9999000099990001,True
layer2.1.sn2,30,59,0.3234805166721344,0.23396026607871823,2.3112300003992215e-294,0.9999000099990001,True
layer2.1.sn2,30,60,0.48971226811408997,0.34049610592296875,0.0,0.9999000099990001,True
layer2.1.sn2,30,61,0.35916605591773987,0.247933180864036,1.297870677920946e-304,0.9999000099990001,True
layer2.1.sn2,30,62,0.29357197880744934,0.22762948094504049,8.776167392987909e-270,0.9999000099990001,True
layer2.1.sn2,30,63,0.649547815322876,0.48356369890690143,0.0,0.9999000099990001,True
layer2.1.sn2,30,64,0.29373762011528015,0.21777213035021514,5.688402924610942e-271,0.9999000099990001,True
layer2.1.sn2,30,65,0.1579843908548355,0.1101954879519689,6.167606495499138e-176,0.9999000099990001,True
layer2.1.sn2,30,66,0.3861669898033142,0.30026759029264505,0.0,0.9999000099990001,True
layer2.1.sn2,30,67,0.331314355134964,0.2431736141057976,4.4371304864784415e-302,0.9999000099990001,True
layer2.1.sn2,30,68,0.27988719940185547,0.2067722531070698,1.0523374799034442e-271,0.9999000099990001,True
layer2.1.sn2,30,69,0.45099160075187683,0.3206218259059744,0.0,0.9999000099990001,True
layer2.1.sn2,30,70,0.3752535283565521,0.2794954294759595,0.0,0.9999000099990001,True
layer2.1.sn2,30,71,0.1578882485628128,0.1167762398282077,5.688727845953641e-171,0.9999000099990001,True
layer2.1.sn2,30,72,0.3570038378238678,0.2666710692551873,9.551045767033345e-309,0.9999000099990001,True
layer2.1.sn2,30,73,0.41571807861328125,0.2881094230423192,0.0,0.9999000099990001,True
layer2.1.sn2,30,74,0.19920755922794342,0.15375475207348505,8.181612535390446e-209,0.9999000099990001,True
layer2.1.sn2,30,75,0.25172945857048035,0.18334565153398624,4.495271460354326e-250,0.9999000099990001,True
layer2.1.sn2,30,76,0.23633451759815216,0.17749974375628672,3.8188629202899365e-238,0.9999000099990001,True
layer2.1.sn2,30,77,0.3224502503871918,0.22714585666510154,8.354893617537598e-287,0.9999000099990001,True
layer2.1.sn2,30,78,0.5693531036376953,0.424047243105775,0.0,0.9999000099990001,True
layer2.1.sn2,30,79,0.3899396061897278,0.2732628498025901,0.0,0.9999000099990001,True
layer2.1.sn2,30,80,0.5391290783882141,0.3958804571760238,0.0,0.9999000099990001,True
layer2.1.sn2,30,81,0.11348418891429901,0.08723936775667658,5.735280781260888e-136,0.9999000099990001,True
layer2.1.sn2,30,82,0.34925228357315063,0.24656392454452164,1.764161638351123e-300,0.9999000099990001,True
layer2.1.sn2,30,83,0.25800445675849915,0.18603375863486288,6.2557232226151585e-257,0.9999000099990001,True
layer2.1.sn2,30,84,0.3336751461029053,0.2658086366465625,1.7199806501298317e-294,0.9999000099990001,True
layer2.1.sn2,30,85,0.5968436002731323,0.4515476159183901,0.0,0.9999000099990001,True
layer2.1.sn2,30,86,0.5987933874130249,0.4316301034615262,0.0,0.9999000099990001,True
layer2.1.sn2,30,87,0.4442521929740906,0.3294356390391777,0.0,0.9999000099990001,True
layer2.1.sn2,30,88,0.35240161418914795,0.2650156430480859,5.2105495133538234e-300,0.9999000099990001,True
layer2.1.sn2,30,89,0.45043230056762695,0.31473554725964736,0.0,0.9999000099990001,True
layer2.1.sn2,30,90,0.23802590370178223,0.18025300516042456,1.165167336670721e-239,0.9999000099990001,True
layer2.1.sn2,30,91,0.1945718377828598,0.14797855553025788,2.2166858199294145e-197,0.9999000099990001,True
layer2.1.sn2,30,92,0.5254015326499939,0.38921578365118215,0.0,0.9999000099990001,True
layer2.1.sn2,30,93,0.5534769296646118,0.4091134723738445,0.0,0.9999000099990001,True
layer2.1.sn2,30,94,0.49905696511268616,0.36335396346932963,0.0,0.9999000099990001,True
layer2.1.sn2,30,95,0.4200591444969177,0.2732992385315539,0.0,0.9999000099990001,True
layer2.1.sn2,30,96,0.4549625515937805,0.3199625891050776,0.0,0.9999000099990001,True
layer2.1.sn2,30,97,0.2283535897731781,0.15209469930706548,1.1231025941117744e-231,0.9999000099990001,True
layer2.1.sn2,30,98,0.6123406887054443,0.4527283113468147,0.0,0.9999000099990001,True
layer2.1.sn2,30,99,0.370722234249115,0.27091397673649037,0.0,0.9999000099990001,True
layer2.1.sn2,30,100,0.1391105353832245,0.11969100195960905,2.0393184012862817e-159,0.9999000099990001,True
layer2.1.sn2,30,101,0.183433398604393,0.10967080623397238,0.0,0.9999000099990001,True
layer2.1.sn2,30,102,0.26522332429885864,0.2002450296174523,4.597760378124139e-256,0.9999000099990001,True
layer2.1.sn2,30,103,0.4847598969936371,0.35286649286966815,0.0,0.9999000099990001,True
layer2.1.sn2,30,104,0.5578080415725708,0.37483719721136427,0.0,0.9999000099990001,True
layer2.1.sn2,30,105,0.2429162561893463,0.17665804576672084,2.4476469242126514e-246,0.9999000099990001,True
layer2.1.sn2,30,106,0.36913466453552246,0.2762324065780587,2.93317021523797e-305,0.9999000099990001,True
layer2.1.sn2,30,107,0.1907961368560791,0.12991513595917567,1.982625696164591e-205,0.9999000099990001,True
layer2.1.sn2,30,108,0.5654054880142212,0.3976985340616347,0.0,0.9999000099990001,True
layer2.1.sn2,30,109,0.2705146372318268,0.19898098865647262,7.405147863084395e-255,0.9999000099990001,True
layer2.1.sn2,30,110,0.4215698540210724,0.3010698509751355,0.0,0.9999000099990001,True
layer2.1.sn2,30,111,0.23285998404026031,0.1467546840029707,5.734163650495047e-235,0.9999000099990001,True
layer2.1.sn2,30,112,0.24822573363780975,0.19205100796374908,4.875596794182465e-240,0.9999000099990001,True
layer2.1.sn2,30,113,0.4310027062892914,0.29599022177298806,0.0,0.9999000099990001,True
layer2.1.sn2,30,114,0.3076857626438141,0.22549067316772656,1.2140317554788095e-276,0.9999000099990001,True
layer2.1.sn2,30,115,0.3861551880836487,0.28785860253019424,0.0,0.9999000099990001,True
layer2.1.sn2,30,116,0.20514261722564697,0.1770477606175509,6.552893049927394e-215,0.9999000099990001,True
layer2.1.sn2,30,117,0.22063834965229034,0.16610624484901204,2.2241001756659265e-222,0.9999000099990001,True
layer2.1.sn2,30,118,0.2987804412841797,0.21819877903289553,1.4265641727954746e-277,0.9999000099990001,True
layer2.1.sn2,30,119,0.17892487347126007,0.12408864787138686,2.9254348702339804e-198,0.9999000099990001,True
layer2.1.sn2,30,120,0.15935075283050537,0.11828876535865163,1.5538073662203456e-175,0.9999000099990001,True
layer2.1.sn2,30,121,0.3033266067504883,0.2168345196565356,7.936932914310004e-276,0.9999000099990001,True
layer2.1.sn2,30,122,0.2963935136795044,0.2155358470473918,5.6102894453887094e-273,0.9999000099990001,True
layer2.1.sn2,30,123,0.1530027687549591,0.11965070557852128,1.6368414564394031e-167,0.9999000099990001,True
layer2.1.sn2,30,124,0.23886506259441376,0.1857664387747821,3.1689812954470577e-243,0.9999000099990001,True
layer2.1.sn2,30,125,0.38010460138320923,0.25505401163198566,0.0,0.9999000099990001,True
layer2.1.sn2,30,126,0.6122750639915466,0.43895981190842587,0.0,0.9999000099990001,True
layer2.1.sn2,30,127,0.3413635492324829,0.2572676043898541,1.1992772388360796e-294,0.9999000099990001,True
layer3.1.sn2,30,0,0.648134171962738,0.4469770499147014,0.0,0.9999000099990001,True
layer3.1.sn2,30,1,0.41989102959632874,0.340112920270917,0.0,0.9999000099990001,True
layer3.1.sn2,30,2,0.35594284534454346,0.3083412985424327,0.0,0.9999000099990001,True
layer3.1.sn2,30,3,0.339610755443573,0.2570095851405013,7.247271289979457e-293,0.9999000099990001,True
layer3.1.sn2,30,4,0.31419727206230164,0.26736553177840816,4.316351433602232e-283,0.9999000099990001,True
layer3.1.sn2,30,5,0.428129106760025,0.3188979549044041,0.0,0.9999000099990001,True
layer3.1.sn2,30,6,0.3704458773136139,0.28113748738651023,1.864118046436444e-307,0.9999000099990001,True
layer3.1.sn2,30,7,0.5566821694374084,0.445783405385038,0.0,0.9999000099990001,True
layer3.1.sn2,30,8,0.41635218262672424,0.32754821718935734,0.0,0.9999000099990001,True
layer3.1.sn2,30,9,0.36139166355133057,0.25039439594249474,0.0,0.9999000099990001,True
layer3.1.sn2,30,10,0.4327670931816101,0.3382342899150264,0.0,0.9999000099990001,True
layer3.1.sn2,30,11,0.5338343381881714,0.4282491403774585,0.0,0.9999000099990001,True
layer3.1.sn2,30,12,0.38054585456848145,0.3219539281266204,0.0,0.9999000099990001,True
layer3.1.sn2,30,13,0.5256409049034119,0.3609246773159698,0.0,0.9999000099990001,True
layer3.1.sn2,30,14,0.5588019490242004,0.4288806467098635,0.0,0.9999000099990001,True
layer3.1.sn2,30,15,0.5882114768028259,0.46624252485491324,0.0,0.9999000099990001,True
layer3.1.sn2,30,16,0.5546157956123352,0.381938121055451,0.0,0.9999000099990001,True
layer3.1.sn2,30,17,0.5687705874443054,0.43783608837045795,0.0,0.9999000099990001,True
layer3.1.sn2,30,18,0.4170686602592468,0.32005182844777247,0.0,0.9999000099990001,True
layer3.1.sn2,30,19,0.3609182834625244,0.27118736585344116,0.0,0.9999000099990001,True
layer3.1.sn2,30,20,0.29118573665618896,0.20372271749104498,0.0,0.9999000099990001,True
layer3.1.sn2,30,21,0.4789716601371765,0.36168957803455,0.0,0.9999000099990001,True
layer3.1.sn2,30,22,0.3112276792526245,0.24611442196499497,4.513075016376039e-283,0.9999000099990001,True
layer3.1.sn2,30,23,0.23370754718780518,0.1826464038461948,1.4085908884847307e-235,0.9999000099990001,True
layer3.1.sn2,30,24,0.2979257106781006,0.24446508973883546,1.881995688230207e-274,0.9999000099990001,True
layer3.1.sn2,30,25,0.37516769766807556,0.3144710426244509,0.0,0.9999000099990001,True
layer3.1.sn2,30,26,0.562657356262207,0.388167079420046,0.0,0.9999000099990001,True
layer3.1.sn2,30,27,0.3172283470630646,0.2686443968219747,1.3774174226059302e-285,0.9999000099990001,True
layer3.1.sn2,30,28,0.43910321593284607,0.30132901117208044,0.0,0.9999000099990001,True
layer3.1.sn2,30,29,0.21772369742393494,0.1900419745831924,1.4021735148357815e-220,0.9999000099990001,True
layer3.1.sn2,30,30,0.5201402306556702,0.35488673469010024,0.0,0.9999000099990001,True
layer3.1.sn2,30,31,0.6343436241149902,0.4380151387538917,0.0,0.9999000099990001,True
layer3.1.sn2,30,32,0.518859326839447,0.3959196952613795,0.0,0.9999000099990001,True
layer3.1.sn2,30,33,0.3907252848148346,0.30320312303108443,0.0,0.9999000099990001,True
layer3.1.sn2,30,34,0.3606020212173462,0.30442520121095346,4.2768537663233e-311,0.9999000099990001,True
layer3.1.sn2,30,35,0.464636892080307,0.35601108975301543,0.0,0.9999000099990001,True
layer3.1.sn2,30,36,0.523112952709198,0.42163328064955463,0.0,0.9999000099990001,True
layer3.1.sn2,30,37,0.5705253481864929,0.451130070666952,0.0,0.9999000099990001,True
layer3.1.sn2,30,38,0.6514333486557007,0.4477560359007776,0.0,0.9999000099990001,True
layer3.1.sn2,30,39,0.41276487708091736,0.2871813793966471,0.0,0.9999000099990001,True
layer3.1.sn2,30,40,0.34306320548057556,0.2812706406428881,2.7907664277056936e-297,0.9999000099990001,True
layer3.1.sn2,30,41,0.5140900611877441,0.384239018560382,0.0,0.9999000099990001,True
layer3.1.sn2,30,42,0.32688602805137634,0.2564189847239646,8.258952061450391e-281,0.9999000099990001,True
layer3.1.sn2,30,43,0.6827602982521057,0.47087258502398344,0.0,0.9999000099990001,True
layer3.1.sn2,30,44,0.3299191892147064,0.2533269109639874,3.587468463630316e-299,0.9999000099990001,True
layer3.1.sn2,30,45,0.47386473417282104,0.35441360658484583,0.0,0.9999000099990001,True
layer3.1.sn2,30,46,0.5509461164474487,0.4157499630232204,0.0,0.9999000099990001,True
layer3.1.sn2,30,47,0.5038337707519531,0.3857547690795001,0.0,0.9999000099990001,True
layer3.1.sn2,30,48,0.4507906436920166,0.35317248793675454,0.0,0.9999000099990001,True
layer3.1.sn2,30,49,0.5292878746986389,0.40713782409899557,0.0,0.9999000099990001,True
layer3.1.sn2,30,50,0.34637290239334106,0.27093653202933526,4.159952978182039e-297,0.9999000099990001,True
layer3.1.sn2,30,51,0.6057834625244141,0.4849034244026613,0.0,0.9999000099990001,True
layer3.1.sn2,30,52,0.6477143168449402,0.5073044626107467,0.0,0.9999000099990001,True
layer3.1.sn2,30,53,0.5182799696922302,0.3563750659845454,0.0,0.9999000099990001,True
layer3.1.sn2,30,54,0.6481618285179138,0.44392592163185257,0.0,0.9999000099990001,True
layer3.1.sn2,30,55,0.3348226547241211,0.25145344259703517,1.831776044573632e-304,0.9999000099990001,True
layer3.1.sn2,30,56,0.5999912619590759,0.4795124242077369,0.0,0.9999000099990001,True
layer3.1.sn2,30,57,0.3743912875652313,0.29598441215222815,2.6370722440346e-309,0.9999000099990001,True
layer3.1.sn2,30,58,0.4968152642250061,0.4057245613927096,0.0,0.9999000099990001,True
layer3.1.sn2,30,59,0.3821078836917877,0.2905941288884103,1.7330904541862e-310,0.9999000099990001,True
layer3.1.sn2,30,60,0.45014113187789917,0.30745652231320614,0.0,0.9999000099990001,True
layer3.1.sn2,30,61,0.34217119216918945,0.23783356945953482,0.0,0.9999000099990001,True
layer3.1.sn2,30,62,0.541321337223053,0.4174887962186322,0.0,0.9999000099990001,True
layer3.1.sn2,30,63,0.612799882888794,0.4167103323932459,0.0,0.9999000099990001,True
layer3.1.sn2,30,64,0.5686960816383362,0.46524002370560824,0.0,0.9999000099990001,True
layer3.1.sn2,30,65,0.28773781657218933,0.2317732292769462,1.5852772892421051e-273,0.9999000099990001,True
layer3.1.sn2,30,66,0.4328118562698364,0.3623938956255015,0.0,0.9999000099990001,True
layer3.1.sn2,30,67,0.5428484082221985,0.42597996517484266,0.0,0.9999000099990001,True
layer3.1.sn2,30,68,0.5169662237167358,0.40049879137897904,0.0,0.9999000099990001,True
layer3.1.sn2,30,69,0.6063446402549744,0.4631251149847806,0.0,0.9999000099990001,True
layer3.1.sn2,30,70,0.28821423649787903,0.2536658684902577,1.3736435018382529e-269,0.9999000099990001,True
layer3.1.sn2,30,71,0.3086502254009247,0.23295012984088256,2.387137917007593e-283,0.9999000099990001,True
layer3.1.sn2,30,72,0.4289555251598358,0.296140781917967,0.0,0.9999000099990001,True
layer3.1.sn2,30,73,0.5084078311920166,0.43799366730943284,0.0,0.9999000099990001,True
layer3.1.sn2,30,74,0.6508486866950989,0.4497559850674622,0.0,0.9999000099990001,True
layer3.1.sn2,30,75,0.4043106734752655,0.30367632857017873,0.0,0.9999000099990001,True
layer3.1.sn2,30,76,0.2959815561771393,0.24184532866547565,5.955828488481876e-273,0.9999000099990001,True
layer3.1.sn2,30,77,0.6894131302833557,0.476491480475822,0.0,0.9999000099990001,True
layer3.1.sn2,30,78,0.5211023092269897,0.4213748910310334,0.0,0.9999000099990001,True
layer3.1.sn2,30,79,0.4171380400657654,0.2893724643708078,0.0,0.9999000099990001,True
layer3.1.sn2,30,80,0.36344197392463684,0.2692769464211526,0.0,0.9999000099990001,True
layer3.1.sn2,30,81,0.32085707783699036,0.24412793748785777,4.2192003883006635e-284,0.9999000099990001,True
layer3.1.sn2,30,82,0.5958490967750549,0.4781298542844582,0.0,0.9999000099990001,True
layer3.1.sn2,30,83,0.2974427342414856,0.23542154923522968,3.1630425461921286e-270,0.9999000099990001,True
layer3.1.sn2,30,84,0.5937915444374084,0.40535670630313814,0.0,0.9999000099990001,True
layer3.1.sn2,30,85,0.2984345257282257,0.25012037909821944,1.743473379245208e-277,0.9999000099990001,True
layer3.1.sn2,30,86,0.5400413274765015,0.42654096137393677,0.0,0.9999000099990001,True
layer3.1.sn2,30,87,0.5554569959640503,0.38437462102520037,0.0,0.9999000099990001,True
layer3.1.sn2,30,88,0.37974873185157776,0.26397372307655126,0.0,0.9999000099990001,True
layer3.1.sn2,30,89,0.18775813281536102,0.1505243821162159,2.0965828397902702e-200,0.9999000099990001,True
layer3.1.sn2,30,90,0.29060909152030945,0.2002655377053449,0.0,0.9999000099990001,True
layer3.1.sn2,30,91,0.335111528635025,0.23173120092153882,0.0,0.9999000099990001,True
layer3.1.sn2,30,92,0.41062289476394653,0.3175570509984752,0.0,0.9999000099990001,True
layer3.1.sn2,30,93,0.33744484186172485,0.2493274001314648,1.1927148396803527e-300,0.9999000099990001,True
layer3.1.sn2,30,94,0.7180079221725464,0.49765006834869835,0.0,0.9999000099990001,True
layer3.1.sn2,30,95,0.3660457730293274,0.2533608416164036,0.0,0.9999000099990001,True
layer3.1.sn2,30,96,0.4019395411014557,0.27918094534460214,0.0,0.9999000099990001,True
layer3.1.sn2,30,97,0.26567789912223816,0.21399795302833313,1.230620634779115e-253,0.9999000099990001,True
layer3.1.sn2,30,98,0.19525837898254395,0.16367815468966201,7.517652978680779e-207,0.9999000099990001,True
layer3.1.sn2,30,99,0.23043963313102722,0.19056373169815963,7.126107847915752e-235,0.9999000099990001,True
layer3.1.sn2,30,100,0.5192007422447205,0.3563265430830133,0.0,0.9999000099990001,True
layer3.1.sn2,30,101,0.5143162608146667,0.41737250880663695,0.0,0.9999000099990001,True
layer3.1.sn2,30,102,0.5088486671447754,0.38971971455217,0.0,0.9999000099990001,True
layer3.1.sn2,30,103,0.4994291067123413,0.3641589923713756,0.0,0.9999000099990001,True
layer3.1.sn2,30,104,0.320971816778183,0.23497417777639004,6.469787377191427e-283,0.9999000099990001,True
layer3.1.sn2,30,105,0.4248126149177551,0.33095326864918106,0.0,0.9999000099990001,True
layer3.1.sn2,30,106,0.33468398451805115,0.2580121888494152,6.419531361363533e-291,0.9999000099990001,True
layer3.1.sn2,30,107,0.5449897646903992,0.4237083446184981,0.0,0.9999000099990001,True
layer3.1.sn2,30,108,0.6292513012886047,0.43196193080646983,0.0,0.9999000099990001,True
layer3.1.sn2,30,109,0.36729511618614197,0.27918318732362335,4.21584615281e-312,0.9999000099990001,True
layer3.1.sn2,30,110,0.4365580976009369,0.3436820729038028,0.0,0.9999000099990001,True
layer3.1.sn2,30,111,0.45843270421028137,0.31123996695776684,0.0,0.9999000099990001,True
layer3.1.sn2,30,112,0.3026139438152313,0.20426208028791756,0.0,0.9999000099990001,True
layer3.1.sn2,30,113,0.4470769166946411,0.3798825947185395,0.0,0.9999000099990001,True
layer3.1.sn2,30,114,0.3668530583381653,0.2793801034054926,5.505333218362871e-303,0.9999000099990001,True
layer3.1.sn2,30,115,0.3271579146385193,0.22044356545116991,0.0,0.9999000099990001,True
layer3.1.sn2,30,116,0.5298386216163635,0.3656836480815512,0.0,0.9999000099990001,True
layer3.1.sn2,30,117,0.6404393315315247,0.444840537561625,0.0,0.9999000099990001,True
layer3.1.sn2,30,118,0.4592558443546295,0.34972187898347196,0.0,0.9999000099990001,True
layer3.1.sn2,30,119,0.4644536077976227,0.3572973108276548,0.0,0.9999000099990001,True
layer3.1.sn2,30,120,0.40923115611076355,0.3188111205224654,0.0,0.9999000099990001,True
layer3.1.sn2,30,121,0.6241466999053955,0.4310849776034964,0.0,0.9999000099990001,True
layer3.1.sn2,30,122,0.29003146290779114,0.2007454355759574,0.0,0.9999000099990001,True
layer3.1.sn2,30,123,0.3053898811340332,0.24470761860905305,6.107100970045681e-273,0.9999000099990001,True
layer3.1.sn2,30,124,0.3949037194252014,0.2683228865510458,0.0,0.9999000099990001,True
layer3.1.sn2,30,125,0.33235377073287964,0.2517887638075544,3.760119187770881e-295,0.9999000099990001,True
layer3.1.sn2,30,126,0.4345567524433136,0.34920822861973033,0.0,0.9999000099990001,True
layer3.1.sn2,30,127,0.4888148605823517,0.38601864794975294,0.0,0.9999000099990001,True
layer3.1.sn2,30,128,0.6505609750747681,0.4493116755466064,0.0,0.9999000099990001,True
layer3.1.sn2,30,129,0.6961991190910339,0.47758960633633607,0.0,0.9999000099990001,True
layer3.1.sn2,30,130,0.5772119760513306,0.452686637944295,0.0,0.9999000099990001,True
layer3.1.sn2,30,131,0.40494754910469055,0.2797956376648481,0.0,0.9999000099990001,True
layer3.1.sn2,30,132,0.5363591313362122,0.43659842436174756,0.0,0.9999000099990001,True
layer3.1.sn2,30,133,0.32494139671325684,0.2599759134470244,4.871046285991006e-284,0.9999000099990001,True
layer3.1.sn2,30,134,0.45667997002601624,0.3158007668720174,0.0,0.9999000099990001,True
layer3.1.sn2,30,135,0.6540552377700806,0.4509165596660674,0.0,0.9999000099990001,True
layer3.1.sn2,30,136,0.21378764510154724,0.18692837456359032,1.5257206931181725e-219,0.9999000099990001,True
layer3.1.sn2,30,137,0.6033101677894592,0.46590428016209373,0.0,0.9999000099990001,True
layer3.1.sn2,30,138,0.3875161111354828,0.31544149224088414,0.0,0.9999000099990001,True
layer3.1.sn2,30,139,0.5255399942398071,0.40104956362100946,0.0,0.9999000099990001,True
layer3.1.sn2,30,140,0.5466971397399902,0.4152293774146786,0.0,0.9999000099990001,True
layer3.1.sn2,30,141,0.43527013063430786,0.29821396356000035,0.0,0.9999000099990001,True
layer3.1.sn2,30,142,0.397144615650177,0.31808419455463555,0.0,0.9999000099990001,True
layer3.1.sn2,30,143,0.2783994674682617,0.20702805361847232,5.505630996491353e-264,0.9999000099990001,True
layer3.1.sn2,30,144,0.3555130362510681,0.2902571101465882,0.0,0.9999000099990001,True
layer3.1.sn2,30,145,0.39340171217918396,0.31027870936718216,0.0,0.9999000099990001,True
layer3.1.sn2,30,146,0.36213263869285583,0.2870233116572445,9.311594631493883e-303,0.9999000099990001,True
layer3.1.sn2,30,147,0.47355160117149353,0.430167197699611,0.0,0.9999000099990001,True
layer3.1.sn2,30,148,0.5412550568580627,0.4023860130015477,0.0,0.9999000099990001,True
layer3.1.sn2,30,149,0.42640456557273865,0.3529227471157689,0.0,0.9999000099990001,True
layer3.1.sn2,30,150,0.4376222789287567,0.3021805334852917,0.0,0.9999000099990001,True
layer3.1.sn2,30,151,,0.25733225870198495,,0.9900990099009901,False
layer3.1.sn2,30,152,0.4979352355003357,0.34429579156242274,0.0,0.9999000099990001,True
layer3.1.sn2,30,153,0.33550935983657837,0.26807046242362115,8.377436973639147e-293,0.9999000099990001,True
layer3.1.sn2,30,154,0.5302380919456482,0.4075215788909587,0.0,0.9999000099990001,True
layer3.1.sn2,30,155,0.23880153894424438,0.18726453455458816,1.4837093138654834e-232,0.9999000099990001,True
layer3.1.sn2,30,156,0.3562361001968384,0.27456060370262475,1.3524833494997006e-301,0.9999000099990001,True
layer3.1.sn2,30,157,0.4887557029724121,0.3904791567465986,0.0,0.9999000099990001,True
layer3.1.sn2,30,158,0.4590621590614319,0.3127975214819975,0.0,0.9999000099990001,True
layer3.1.sn2,30,159,0.2474183589220047,0.2388970699689626,3.022842805683816e-244,0.9999000099990001,True
layer3.1.sn2,30,160,0.6389088034629822,0.43933435333339016,0.0,0.9999000099990001,True
layer3.1.sn2,30,161,0.42828962206840515,0.32913161872050334,0.0,0.9999000099990001,True
layer3.1.sn2,30,162,0.3707858622074127,0.2939349521980641,0.0,0.9999000099990001,True
layer3.1.sn2,30,163,0.22650644183158875,0.1897668305264748,2.2824888143976274e-227,0.9999000099990001,True
layer3.1.sn2,30,164,0.43171781301498413,0.3219604927384232,0.0,0.9999000099990001,True
layer3.1.sn2,30,165,0.5058127641677856,0.3931711756616294,0.0,0.9999000099990001,True
layer3.1.sn2,30,166,0.2694586217403412,0.220572601172107,5.0435570679272413e-256,0.9999000099990001,True
layer3.1.sn2,30,167,0.5869659185409546,0.40834165588112015,0.0,0.9999000099990001,True
layer3.1.sn2,30,168,0.36587268114089966,0.24959971641366488,0.0,0.9999000099990001,True
layer3.1.sn2,30,169,0.469388484954834,0.38270993378129636,0.0,0.9999000099990001,True
layer3.1.sn2,30,170,0.27633947134017944,0.20850640439287643,5.361818365014161e-254,0.9999000099990001,True
layer3.1.sn2,30,171,0.6243350505828857,0.4294709072867317,0.0,0.9999000099990001,True
layer3.1.sn2,30,172,0.6134277582168579,0.4642314918093654,0.0,0.9999000099990001,True
layer3.1.sn2,30,173,0.5163350105285645,0.350634631967225,0.0,0.9999000099990001,True
layer3.1.sn2,30,174,0.5542289614677429,0.44372256029310775,0.0,0.9999000099990001,True
layer3.1.sn2,30,175,0.5445295572280884,0.4298732818859751,0.0,0.9999000099990001,True
layer3.1.sn2,30,176,0.4418686330318451,0.3512114025985299,0.0,0.9999000099990001,True
layer3.1.sn2,30,177,0.5212724804878235,0.3901971893885383,0.0,0.9999000099990001,True
layer3.1.sn2,30,178,0.31824207305908203,0.25670356630348395,7.906526588467272e-284,0.9999000099990001,True
layer3.1.sn2,30,179,0.48574113845825195,0.3354517263665649,0.0,0.9999000099990001,True
layer3.1.sn2,30,180,0.3580493628978729,0.2687286713003015,6.81320191086386e-310,0.9999000099990001,True
layer3.1.sn2,30,181,0.17001116275787354,0.15316230697748967,6.359349085009659e-187,0.9999000099990001,True
layer3.1.sn2,30,182,0.3164074420928955,0.24400218221296177,1.0331990296300558e-277,0.9999000099990001,True
layer3.1.sn2,30,183,0.5636147856712341,0.3888248847888453,0.0,0.9999000099990001,True
layer3.1.sn2,30,184,0.4225296676158905,0.36651945700903443,0.0,0.9999000099990001,True
layer3.1.sn2,30,185,0.6832937002182007,0.4690662773447389,0.0,0.9999000099990001,True
layer3.1.sn2,30,186,0.4986964464187622,0.34713694850191656,0.0,0.9999000099990001,True
layer3.1.sn2,30,187,0.29855552315711975,0.22313849309970774,4.351726921593066e-266,0.9999000099990001,True
layer3.1.sn2,30,188,0.34371766448020935,0.23727673413384753,0.0,0.9999000099990001,True
layer3.1.sn2,30,189,0.46542879939079285,0.3677417838662924,0.0,0.9999000099990001,True
layer3.1.sn2,30,190,0.5019946098327637,0.40002552151277737,0.0,0.9999000099990001,True
layer3.1.sn2,30,191,0.3764929175376892,0.2571713247011389,0.0,0.9999000099990001,True
layer3.1.sn2,30,192,0.5141252279281616,0.35432333120193343,0.0,0.9999000099990001,True
layer3.1.sn2,30,193,0.5584577322006226,0.3843259118304183,0.0,0.9999000099990001,True
layer3.1.sn2,30,194,0.3495877683162689,0.2658337415551829,6.243477451020196e-295,0.9999000099990001,True
layer3.1.sn2,30,195,0.2511636018753052,0.22071322331730925,1.337157812409847e-241,0.9999000099990001,True
layer3.1.sn2,30,196,0.4070410132408142,0.31317231752235586,0.0,0.9999000099990001,True
layer3.1.sn2,30,197,0.336590439081192,0.257712772982865,1.1769514830914812e-292,0.9999000099990001,True
layer3.1.sn2,30,198,0.3705601692199707,0.2918114836911282,5.5703885979424e-311,0.9999000099990001,True
layer3.1.sn2,30,199,0.5768036842346191,0.44997287220843146,0.0,0.9999000099990001,True
layer3.1.sn2,30,200,0.544961154460907,0.44156281215937765,0.0,0.9999000099990001,True
layer3.1.sn2,30,201,0.3310474157333374,0.25440513794265046,9.976211067729902e-295,0.9999000099990001,True
layer3.1.sn2,30,202,0.6926571726799011,0.47636669249758323,0.0,0.9999000099990001,True
layer3.1.sn2,30,203,0.39283615350723267,0.30265630712236485,0.0,0.9999000099990001,True
layer3.1.sn2,30,204,0.5411080121994019,0.36954918622665844,0.0,0.9999000099990001,True
layer3.1.sn2,30,205,0.3906106650829315,0.2716889520908574,0.0,0.9999000099990001,True
layer3.1.sn2,30,206,0.21186935901641846,0.14891727472865393,0.0,0.9999000099990001,True
layer3.1.sn2,30,207,0.40429890155792236,0.27934193742663904,0.0,0.9999000099990001,True
layer3.1.sn2,30,208,0.18978701531887054,0.155468123622531,2.3811968760635217e-200,0.9999000099990001,True
layer3.1.sn2,30,209,0.5524182915687561,0.4454717580299087,0.0,0.9999000099990001,True
layer3.1.sn2,30,210,0.23333752155303955,0.18689893085300463,1.765530650067579e-232,0.9999000099990001,True
layer3.1.sn2,30,211,0.36137041449546814,0.25236352143003016,0.0,0.9999000099990001,True
layer3.1.sn2,30,212,0.3806625008583069,0.28815984245535786,0.0,0.9999000099990001,True
layer3.1.sn2,30,213,0.2376144826412201,0.16645378834181923,0.0,0.9999000099990001,True
layer3.1.sn2,30,214,0.4135393798351288,0.28053604105031227,0.0,0.9999000099990001,True
layer3.1.sn2,30,215,0.32552632689476013,0.2563262938364337,1.375243218860848e-290,0.9999000099990001,True
layer3.1.sn2,30,216,0.43786001205444336,0.3016441423299078,0.0,0.9999000099990001,True
layer3.1.sn2,30,217,0.32938316464424133,0.22646333460439086,0.0,0.9999000099990001,True
layer3.1.sn2,30,218,0.388296902179718,0.29069853644444976,0.0,0.9999000099990001,True
layer3.1.sn2,30,219,0.6378406286239624,0.4416037312409902,0.0,0.9999000099990001,True
layer3.1.sn2,30,220,0.2025497555732727,0.17246461420739814,2.2635804795428416e-209,0.9999000099990001,True
layer3.1.sn2,30,221,0.41611605882644653,0.3261840637788965,0.0,0.9999000099990001,True
layer3.1.sn2,30,222,0.4923531115055084,0.4008913254124551,0.0,0.9999000099990001,True
layer3.1.sn2,30,223,0.19042442739009857,0.15834892469637774,1.4648850071427432e-195,0.9999000099990001,True
layer3.1.sn2,30,224,0.4554719030857086,0.3116750617489389,0.0,0.9999000099990001,True
layer3.1.sn2,30,225,0.3501199185848236,0.26955854561493126,1.2701457551151692e-297,0.9999000099990001,True
layer3.1.sn2,30,226,0.4630540609359741,0.3236590888111298,0.0,0.9999000099990001,True
layer3.1.sn2,30,227,0.3119051158428192,0.25086095807818454,5.530288176642582e-283,0.9999000099990001,True
layer3.1.sn2,30,228,0.4267555773258209,0.3245517223760568,0.0,0.9999000099990001,True
layer3.1.sn2,30,229,0.40807268023490906,0.28060011609131064,0.0,0.9999000099990001,True
layer3.1.sn2,30,230,0.5397539734840393,0.3719748947586613,0.0,0.9999000099990001,True
layer3.1.sn2,30,231,0.23101873695850372,0.1553382212867523,0.0,0.9999000099990001,True
layer3.1.sn2,30,232,0.44497132301330566,0.34125739472627054,0.0,0.9999000099990001,True
layer3.1.sn2,30,233,0.22518740594387054,0.18421472608340975,7.0206546157239545e-230,0.9999000099990001,True
layer3.1.sn2,30,234,0.6712979078292847,0.46510213379048015,0.0,0.9999000099990001,True
layer3.1.sn2,30,235,0.41820263862609863,0.3408481333678899,0.0,0.9999000099990001,True
layer3.1.sn2,30,236,0.45638781785964966,0.34458322734623603,0.0,0.9999000099990001,True
layer3.1.sn2,30,237,0.5229220390319824,0.41376916987529755,0.0,0.9999000099990001,True
layer3.1.sn2,30,238,0.40220728516578674,0.3194859541114121,0.0,0.9999000099990001,True
layer3.1.sn2,30,239,0.5803438425064087,0.3984346413760179,0.0,0.9999000099990001,True
layer3.1.sn2,30,240,,0.38510864758100594,,0.9900990099009901,False
layer3.1.sn2,30,241,0.5023915767669678,0.4075806384492217,0.0,0.9999000099990001,True
layer3.1.sn2,30,242,0.39535170793533325,0.2688147363355563,0.0,0.9999000099990001,True
layer3.1.sn2,30,243,0.14775893092155457,0.14194778302070435,2.5850652672731088e-165,0.9999000099990001,True
layer3.1.sn2,30,244,0.4423961937427521,0.33658173915246603,0.0,0.9999000099990001,True
layer3.1.sn2,30,245,0.33803826570510864,0.23036275263777772,0.0,0.9999000099990001,True
layer3.1.sn2,30,246,0.6759011149406433,0.4667356113161979,0.0,0.9999000099990001,True
layer3.1.sn2,30,247,0.5578386783599854,0.37990253379496763,0.0,0.9999000099990001,True
layer3.1.sn2,30,248,0.49306783080101013,0.37297649010622175,0.0,0.9999000099990001,True
layer3.1.sn2,30,249,0.385988712310791,0.29228410881408656,0.0,0.9999000099990001,True
layer3.1.sn2,30,250,0.4776754379272461,0.36108614812921225,0.0,0.9999000099990001,True
layer3.1.sn2,30,251,0.5432812571525574,0.42110701251378224,0.0,0.9999000099990001,True
layer3.1.sn2,30,252,0.2609401047229767,0.197875873225832,3.192677730528993e-247,0.9999000099990001,True
layer3.1.sn2,30,253,0.5136195421218872,0.35280449003130937,0.0,0.9999000099990001,True
layer3.1.sn2,30,254,0.5448979139328003,0.37352151703905334,0.0,0.9999000099990001,True
layer3.1.sn2,30,255,0.7490196228027344,0.5163057008489128,0.0,0.9999000099990001,True
layer4.1.sn2,30,0,0.10865631699562073,0.07531481719691642,5.833667091116834e-201,0.9999000099990001,True
layer4.1.sn2,30,1,0.3896107077598572,0.27005755375838275,0.0,0.9999000099990001,True
layer4.1.sn2,30,2,0.2267041802406311,0.1571393630945098,0.0,0.9999000099990001,True
layer4.1.sn2,30,3,0.06382723897695541,0.04424167234195078,1.1849030405378446e-158,0.9999000099990001,True
layer4.1.sn2,30,4,0.12175942957401276,0.08439720588769595,4.71000816440551e-263,0.9999000099990001,True
layer4.1.sn2,30,5,0.08476294577121735,0.05875319777747333,3.8997936742966525e-228,0.9999000099990001,True
layer4.1.sn2,30,6,0.229012131690979,0.15873911346814756,0.0,0.9999000099990001,True
layer4.1.sn2,30,7,0.011263897642493248,0.007807539026397666,4.4455375674022804e-11,0.9999000099990001,True
layer4.1.sn2,30,8,0.18836601078510284,0.1305653654847804,0.0,0.9999000099990001,True
layer4.1.sn2,30,9,0.2766262888908386,0.19174272600246522,0.0,0.9999000099990001,True
layer4.1.sn2,30,10,0.059582795947790146,0.041299647970758954,1.9460272539435824e-94,0.9999000099990001,True
layer4.1.sn2,30,11,0.04854586347937584,0.03364942749139774,2.8042179659461588e-64,0.9999000099990001,True
layer4.1.sn2,30,12,0.11216286569833755,0.07774537158896674,6.433613348118722e-190,0.9999000099990001,True
layer4.1.sn2,30,13,0.11381946504116058,0.07889363877558986,2.0270956916495955e-237,0.9999000099990001,True
layer4.1.sn2,30,14,0.027083327993750572,0.018772731801726138,9.144472092325231e-43,0.9999000099990001,True
layer4.1.sn2,30,15,0.15793763101100922,0.10947402217200328,1.0162403804461736e-278,0.9999000099990001,True
layer4.1.sn2,30,16,0.2373325228691101,0.16450636935090984,0.0,0.9999000099990001,True
layer4.1.sn2,30,17,0.09694445133209229,0.06719677383647944,3.481806136104665e-175,0.9999000099990001,True
layer4.1.sn2,30,18,0.018113067373633385,0.012555022154855416,3.240936312611893e-30,0.9999000099990001,True
layer4.1.sn2,30,19,0.06989096850156784,0.04844472727105396,1.263885622649624e-170,0.9999000099990001,True
layer4.1.sn2,30,20,0.039388641715049744,0.027302125698602374,8.29469610857047e-104,0.9999000099990001,True
layer4.1.sn2,30,21,0.2615679204463959,0.18130506724577622,0.0,0.9999000099990001,True
layer4.1.sn2,30,22,0.06917131692171097,0.04794590128670445,1.1688132682625008e-134,0.9999000099990001,True
layer4.1.sn2,30,23,0.020534833893179893,0.01423366270351743,7.7534615293232085e-31,0.9999000099990001,True
layer4.1.sn2,30,24,0.2816886603832245,0.19525170404356862,0.0,0.9999000099990001,True
layer4.1.sn2,30,25,0.28213563561439514,0.19556151978456682,0.0,0.9999000099990001,True
layer4.1.sn2,30,26,0.30987927317619324,0.21479194964507864,0.0,0.9999000099990001,True
layer4.1.sn2,30,27,0.047665394842624664,0.03303913309549407,9.381965357682154e-89,0.9999000099990001,True
layer4.1.sn2,30,28,0.08438687771558762,0.05849252820762749,6.370208842374124e-165,0.9999000099990001,True
layer4.1.sn2,30,29,0.06968120485544205,0.0482993331736579,6.45806865131349e-151,0.9999000099990001,True
layer4.1.sn2,30,30,0.29808229207992554,0.2066149054896038,0.0,0.9999000099990001,True
layer4.1.sn2,30,31,0.19158068299293518,0.13279361410299595,0.0,0.9999000099990001,True
layer4.1.sn2,30,32,0.3519209921360016,0.24393303378026432,0.0,0.9999000099990001,True
layer4.1.sn2,30,33,0.38227176666259766,0.2649705927219969,0.0,0.9999000099990001,True
layer4.1.sn2,30,34,0.30972060561180115,0.2146819747915108,0.0,0.9999000099990001,True
layer4.1.sn2,30,35,0.36609551310539246,0.25375808114286336,0.0,0.9999000099990001,True
layer4.1.sn2,30,36,0.09993960708379745,0.06927285582878885,3.669979757925517e-190,0.9999000099990001,True
layer4.1.sn2,30,37,0.23991328477859497,0.16629521240317705,0.0,0.9999000099990001,True
layer4.1.sn2,30,38,0.03296739235520363,0.022851255321714028,4.157762120802282e-60,0.9999000099990001,True
layer4.1.sn2,30,39,0.03535150736570358,0.024503798580650646,2.4908967149256868e-79,0.9999000099990001,True
layer4.1.sn2,30,40,0.15602271258831024,0.10814670560701861,8.591458487860079e-279,0.9999000099990001,True
layer4.1.sn2,30,41,0.3301588296890259,0.22884865207997787,0.0,0.9999000099990001,True
layer4.1.sn2,30,42,0.3695484399795532,0.25615145725777977,0.0,0.9999000099990001,True
layer4.1.sn2,30,43,0.19380174577236176,0.13433313468496463,0.0,0.9999000099990001,True
layer4.1.sn2,30,44,0.18814605474472046,0.13041290253829144,0.0,0.9999000099990001,True
layer4.1.sn2,30,45,0.20578929781913757,0.14264226790050016,0.0,0.9999000099990001,True
layer4.1.sn2,30,46,0.17541322112083435,0.12158718478981473,7.527579457521028e-296,0.9999000099990001,True
layer4.1.sn2,30,47,0.08072399348020554,0.055953610112609825,2.8990187007542114e-150,0.9999000099990001,True
layer4.1.sn2,30,48,0.13030590116977692,0.09032117203147365,2.4452451995839485e-281,0.9999000099990001,True
layer4.1.sn2,30,49,0.23260082304477692,0.16122660688201856,0.0,0.9999000099990001,True
layer4.1.sn2,30,50,0.1487247496843338,0.10308814263503133,8.7068596716075e-311,0.9999000099990001,True
layer4.1.sn2,30,51,0.43448156118392944,0.3011596615482641,0.0,0.9999000099990001,True
layer4.1.sn2,30,52,0.3621298372745514,0.25100927956991953,0.0,0.9999000099990001,True
layer4.1.sn2,30,53,0.12920226156711578,0.08955617940999043,6.620640192938904e-278,0.9999000099990001,True
layer4.1.sn2,30,54,0.07590003311634064,0.05260989429774877,3.5401675018232272e-171,0.9999000099990001,True
layer4.1.sn2,30,55,0.06112196668982506,0.042366518744143225,7.22979960621119e-132,0.9999000099990001,True
layer4.1.sn2,30,56,0.169711172580719,0.11763482042500081,4.5078598437008367e-290,0.9999000099990001,True
layer4.1.sn2,30,57,0.2134971022605896,0.14798491679478093,0.0,0.9999000099990001,True
layer4.1.sn2,30,58,0.16728805005550385,0.1159552361428048,0.0,0.9999000099990001,True
layer4.1.sn2,30,59,0.09248871356248856,0.0641082885213779,1.4305840711120731e-217,0.9999000099990001,True
layer4.1.sn2,30,60,0.43048229813575745,0.29838759611101084,0.0,0.9999000099990001,True
layer4.1.sn2,30,61,0.019014840945601463,0.013180084033858891,3.5973714000004334e-38,0.9999000099990001,True
layer4.1.sn2,30,62,0.18821850419044495,0.1304631221211356,0.0,0.9999000099990001,True
layer4.1.sn2,30,63,0.4199838638305664,0.29111062829778134,0.0,0.9999000099990001,True
layer4.1.sn2,30,64,0.39700421690940857,0.2751823608782316,0.0,0.9999000099990001,True
layer4.1.sn2,30,65,0.1488344669342041,0.10316419046073727,7.077213862277297e-276,0.9999000099990001,True
layer4.1.sn2,30,66,0.28996679186820984,0.20098966023371842,0.0,0.9999000099990001,True
layer4.1.sn2,30,67,0.24878251552581787,0.17244290164260165,0.0,0.9999000099990001,True
layer4.1.sn2,30,68,0.2023104727268219,0.14023092879245516,0.0,0.9999000099990001,True
layer4.1.sn2,30,69,0.28659772872924805,0.19865440436376355,0.0,0.9999000099990001,True
layer4.1.sn2,30,70,0.1042662262916565,0.0722718429741388,2.4612707344891043e-205,0.9999000099990001,True
layer4.1.sn2,30,71,0.2115810066461563,0.14665678261565296,0.0,0.9999000099990001,True
layer4.1.sn2,30,72,0.2269478142261505,0.15730823598991434,0.0,0.9999000099990001,True
layer4.1.sn2,30,73,0.18935663998126984,0.13125202475365588,0.0,0.9999000099990001,True
layer4.1.sn2,30,74,0.19392704963684082,0.13441999100666685,0.0,0.9999000099990001,True
layer4.1.sn2,30,75,0.32065439224243164,0.22226068676100608,0.0,0.9999000099990001,True
layer4.1.sn2,30,76,0.09345094114542007,0.06477525640465084,2.8544152975230666e-194,0.9999000099990001,True
layer4.1.sn2,30,77,0.03812815621495247,0.02642842302597326,2.5074131959668016e-56,0.9999000099990001,True
layer4.1.sn2,30,78,0.0854983702301979,0.05926295672850494,3.691978509325289e-191,0.9999000099990001,True
layer4.1.sn2,30,79,0.13152354955673218,0.09116517421755943,1.915536143425452e-278,0.9999000099990001,True
layer4.1.sn2,30,80,0.0488571897149086,0.03386522445258375,1.1173097168147166e-95,0.9999000099990001,True
layer4.1.sn2,30,81,0.11536571383476257,0.07996542118600566,1.4067923751082514e-224,0.9999000099990001,True
layer4.1.sn2,30,82,0.011839395388960838,0.008206443841795261,2.2180037642518354e-12,0.9999000099990001,True
layer4.1.sn2,30,83,0.15010365843772888,0.10404393236437522,0.0,0.9999000099990001,True
layer4.1.sn2,30,84,0.2869291305541992,0.19888412435120018,0.0,0.9999000099990001,True
layer4.1.sn2,30,85,0.41073471307754517,0.2846996033333626,0.0,0.9999000099990001,True
layer4.1.sn2,30,86,0.3918552100658417,0.2716133300114638,0.0,0.9999000099990001,True
layer4.1.sn2,30,87,0.3358341157436371,0.23278247656097495,0.0,0.9999000099990001,True
layer4.1.sn2,30,88,0.31964194774627686,0.2215589227537041,0.0,0.9999000099990001,True
layer4.1.sn2,30,89,0.05864532291889191,0.040649840525956424,1.2435807416574848e-127,0.9999000099990001,True
layer4.1.sn2,30,90,0.27751559019088745,0.1923591489903687,0.0,0.9999000099990001,True
layer4.1.sn2,30,91,0.1996472030878067,0.1383849007385372,0.0,0.9999000099990001,True
layer4.1.sn2,30,92,0.46265172958374023,0.320685734322223,0.0,0.9999000099990001,True
layer4.1.sn2,30,93,0.22377821803092957,0.15511124026759596,0.0,0.9999000099990001,True
layer4.1.sn2,30,94,0.09875275939702988,0.06845019418437451,4.857422494057927e-175,0.9999000099990001,True
layer4.1.sn2,30,95,0.2974812388420105,0.2061982753019947,0.0,0.9999000099990001,True
layer4.1.sn2,30,96,0.35875341296195984,0.2486689129631967,0.0,0.9999000099990001,True
layer4.1.sn2,30,97,0.347659707069397,0.24097934004490962,0.0,0.9999000099990001,True
layer4.1.sn2,30,98,0.3704208731651306,0.2567561861501646,0.0,0.9999000099990001,True
layer4.1.sn2,30,99,0.22863154113292694,0.1584753116983808,0.0,0.9999000099990001,True
layer4.1.sn2,30,100,0.06289193034172058,0.043593363778468106,1.6604780561584246e-130,0.9999000099990001,True
layer4.1.sn2,30,101,0.2500000596046448,0.1732868286028356,0.0,0.9999000099990001,True
layer4.1.sn2,30,102,0.2378024458885193,0.1648320912297661,0.0,0.9999000099990001,True
layer4.1.sn2,30,103,0.2538517415523529,0.1759566152977203,0.0,0.9999000099990001,True
layer4.1.sn2,30,104,0.023863758891820908,0.016541096961751132,1.1412555812504547e-41,0.9999000099990001,True
layer4.1.sn2,30,105,0.24684055149555206,0.1710968289010586,0.0,0.9999000099990001,True
layer4.1.sn2,30,106,0.1674504429101944,0.11606780545780986,0.0,0.9999000099990001,True
layer4.1.sn2,30,107,0.25073984265327454,0.17379961306949293,0.0,0.9999000099990001,True
layer4.1.sn2,30,108,0.25666308403015137,0.17790528970166833,0.0,0.9999000099990001,True
layer4.1.sn2,30,109,0.07613131403923035,0.05277020337977518,1.4040389850897436e-210,0.9999000099990001,True
layer4.1.sn2,30,110,0.11936566233634949,0.08273797279472461,3.092815444574316e-238,0.9999000099990001,True
layer4.1.sn2,30,111,0.11680310219526291,0.08096173971009177,7.976310870600905e-268,0.9999000099990001,True
layer4.1.sn2,30,112,0.2663145363330841,0.1845951634238664,0.0,0.9999000099990001,True
layer4.1.sn2,30,113,0.31093668937683105,0.2155248956616782,0.0,0.9999000099990001,True
layer4.1.sn2,30,114,0.4375307559967041,0.30327320159688625,0.0,0.9999000099990001,True
layer4.1.sn2,30,115,0.07362714409828186,0.051034449293168374,1.825312338945593e-132,0.9999000099990001,True
layer4.1.sn2,30,116,0.19642218947410583,0.13614948439296737,0.0,0.9999000099990001,True
layer4.1.sn2,30,117,0.03854135796427727,0.02671483393861292,2.7670884302089334e-62,0.9999000099990001,True
layer4.1.sn2,30,118,0.22333821654319763,0.1548062520274442,0.0,0.9999000099990001,True
layer4.1.sn2,30,119,0.1605481505393982,0.1112834978700797,0.0,0.9999000099990001,True
layer4.1.sn2,30,120,0.19852985441684723,0.1376104117340612,0.0,0.9999000099990001,True
layer4.1.sn2,30,121,0.020187929272651672,0.013993206342153541,8.494644400145098e-30,0.9999000099990001,True
layer4.1.sn2,30,122,0.12483489513397217,0.08652895763223667,6.470903840985123e-259,0.9999000099990001,True
layer4.1.sn2,30,123,0.16849063336849213,0.11678881015748646,2.60297585568829e-309,0.9999000099990001,True
layer4.1.sn2,30,124,0.10854796320199966,0.0752397159277448,8.522798910921652e-215,0.9999000099990001,True
layer4.1.sn2,30,125,0.34610381722450256,0.23990088887320793,0.0,0.9999000099990001,True
layer4.1.sn2,30,126,0.026317548006772995,0.018241933864593746,3.190603833711626e-42,0.9999000099990001,True
layer4.1.sn2,30,127,0.09479440003633499,0.0657064725604431,1.0401597844365285e-161,0.9999000099990001,True
layer4.1.sn2,30,128,0.09122776985168457,0.06323427058485184,1.2491720243475389e-173,0.9999000099990001,True
layer4.1.sn2,30,129,0.25254303216934204,0.17504949539085923,0.0,0.9999000099990001,True
layer4.1.sn2,30,130,0.010416275821626186,0.007220012057975066,2.9971422654714115e-11,0.9999000099990001,True
layer4.1.sn2,30,131,0.4384583532810211,0.30391617714971986,0.0,0.9999000099990001,True
layer4.1.sn2,30,132,0.032260648906230927,0.022361377806059908,7.09909176041072e-57,0.9999000099990001,True
layer4.1.sn2,30,133,0.21926699578762054,0.15198429712587191,0.0,0.9999000099990001,True
layer4.1.sn2,30,134,0.2155931442975998,0.14943778272485092,0.0,0.9999000099990001,True
layer4.1.sn2,30,135,0.039785731583833694,0.027577367726452893,7.374131680120526e-79,0.9999000099990001,True
layer4.1.sn2,30,136,0.4146731495857239,0.28742951967817,0.0,0.9999000099990001,True
layer4.1.sn2,30,137,0.09224387258291245,0.06393857871487638,2.4834433141381506e-178,0.9999000099990001,True
layer4.1.sn2,30,138,0.17076367139816284,0.11836435365999187,0.0,0.9999000099990001,True
layer4.1.sn2,30,139,0.13632355630397797,0.09449228895249032,9.639844252397547e-303,0.9999000099990001,True
layer4.1.sn2,30,140,0.03306278958916664,0.022917379298969743,5.1173294440622724e-61,0.9999000099990001,True
layer4.1.sn2,30,141,0.25511986017227173,0.17683560176204954,0.0,0.9999000099990001,True
layer4.1.sn2,30,142,0.06683314591646194,0.04632520479366009,9.441426981531579e-136,0.9999000099990001,True
layer4.1.sn2,30,143,0.09969939291477203,0.06910635125836295,2.5005499809589742e-202,0.9999000099990001,True
layer4.1.sn2,30,144,0.24449197947978973,0.16946893067763302,0.0,0.9999000099990001,True
layer4.1.sn2,30,145,0.08826380968093872,0.06117980884637287,1.261852589803894e-195,0.9999000099990001,True
layer4.1.sn2,30,146,0.044500235468149185,0.030845212987231876,4.3127688538460653e-100,0.9999000099990001,True
layer4.1.sn2,30,147,0.05832120403647423,0.040425178405935014,1.6215247422865728e-117,0.9999000099990001,True
layer4.1.sn2,30,148,0.176500603556633,0.12234089191804262,0.0,0.9999000099990001,True
layer4.1.sn2,30,149,0.1897893249988556,0.13155193410101423,0.0,0.9999000099990001,True
layer4.1.sn2,30,150,0.24672827124595642,0.171019006547276,0.0,0.9999000099990001,True
layer4.1.sn2,30,151,,0.1036790483849992,,0.9900990099009901,False
layer4.1.sn2,30,152,0.22451575100421906,0.15562245639950767,0.0,0.9999000099990001,True
layer4.1.sn2,30,153,0.06976911425590515,0.04836026598369372,4.14383144548545e-183,0.9999000099990001,True
layer4.1.sn2,30,154,0.15957960486412048,0.11061215584300917,3.7321252926689125e-301,0.9999000099990001,True
layer4.1.sn2,30,155,0.23848770558834076,0.1653070852325178,0.0,0.9999000099990001,True
layer4.1.sn2,30,156,0.1254676878452301,0.0869675690571342,4.3364830284267205e-249,0.9999000099990001,True
layer4.1.sn2,30,157,0.12523315846920013,0.08680500925773713,1.1602974157119573e-257,0.9999000099990001,True
layer4.1.sn2,30,158,0.035537321120500565,0.024632592650079367,3.122330807961703e-84,0.9999000099990001,True
layer4.1.sn2,30,159,0.14125299453735352,0.09790911163662165,2.967948313054669e-283,0.9999000099990001,True
layer4.1.sn2,30,160,0.2521483898162842,0.17477593830874083,0.0,0.9999000099990001,True
layer4.1.sn2,30,161,0.07545121759176254,0.05229879868111727,1.5518476716283963e-148,0.9999000099990001,True
layer4.1.sn2,30,162,0.2617287039756775,0.1814165047820503,0.0,0.9999000099990001,True
layer4.1.sn2,30,163,0.24502351880073547,0.16983735940957428,0.0,0.9999000099990001,True
layer4.1.sn2,30,164,0.302388459444046,0.20959971066040084,0.0,0.9999000099990001,True
layer4.1.sn2,30,165,0.32726356387138367,0.22684181551764956,0.0,0.9999000099990001,True
layer4.1.sn2,30,166,0.1355019509792328,0.09392279980489743,4.237264209340249e-255,0.9999000099990001,True
layer4.1.sn2,30,167,0.11669027805328369,0.08088353561552229,1.9491754514556323e-228,0.9999000099990001,True
layer4.1.sn2,30,168,0.22903473675251007,0.1587547806739944,0.0,0.9999000099990001,True
layer4.1.sn2,30,169,0.03607052192091942,0.025002179339552587,1.8097787448907525e-52,0.9999000099990001,True
layer4.1.sn2,30,170,0.09411630779504776,0.06523645280627505,8.773945096344054e-237,0.9999000099990001,True
layer4.1.sn2,30,171,0.21098032593727112,0.1462404150283923,0.0,0.9999000099990001,True
layer4.1.sn2,30,172,0.27602100372314453,0.1913231783594691,0.0,0.9999000099990001,True
layer4.1.sn2,30,173,0.22473284602165222,0.15577293969117684,0.0,0.9999000099990001,True
layer4.1.sn2,30,174,0.4412027895450592,0.30581847700160864,0.0,0.9999000099990001,True
layer4.1.sn2,30,175,0.16594764590263367,0.11502614176168102,7.747060068465563e-290,0.9999000099990001,True
layer4.1.sn2,30,176,0.14085830748081207,0.0976355385411067,0.0,0.9999000099990001,True
layer4.1.sn2,30,177,0.15519367158412933,0.10757205535615784,5.646651660546217e-300,0.9999000099990001,True
layer4.1.sn2,30,178,0.15683208405971527,0.10870771235888835,1.1458006749075902e-299,0.9999000099990001,True
layer4.1.sn2,30,179,0.12385346740484238,0.08584868145003377,5.1979470432263396e-275,0.9999000099990001,True
layer4.1.sn2,30,180,0.0751725360751152,0.05210563047971244,1.1319038659748453e-203,0.9999000099990001,True
layer4.1.sn2,30,181,0.353192538022995,0.24481441683508312,0.0,0.9999000099990001,True
layer4.1.sn2,30,182,0.12372741103172302,0.08576130676025087,4.985644224703486e-247,0.9999000099990001,True
layer4.1.sn2,30,183,0.035583991557359695,0.024664943339262474,7.199752076428463e-49,0.9999000099990001,True
layer4.1.sn2,30,184,0.35434800386428833,0.24561532809741363,0.0,0.9999000099990001,True
layer4.1.sn2,30,185,0.07454598695039749,0.05167134138960608,9.941549036109444e-147,0.9999000099990001,True
layer4.1.sn2,30,186,0.26223477721214294,0.18176728849044443,0.0,0.9999000099990001,True
layer4.1.sn2,30,187,0.2297665774822235,0.159262059945361,0.0,0.9999000099990001,True
layer4.1.sn2,30,188,0.12469974905252457,0.08643527776749932,6.408494518437495e-254,0.9999000099990001,True
layer4.1.sn2,30,189,0.19402988255023956,0.13449127100557745,0.0,0.9999000099990001,True
layer4.1.sn2,30,190,0.11352961510419846,0.07869273486019644,4.974835760814341e-214,0.9999000099990001,True
layer4.1.sn2,30,191,0.1917072981595993,0.13288137248895393,0.0,0.9999000099990001,True
layer4.1.sn2,30,192,0.3606850206851959,0.25000781534188754,0.0,0.9999000099990001,True
layer4.1.sn2,30,193,0.17310328781604767,0.1199860561873187,0.0,0.9999000099990001,True
layer4.1.sn2,30,194,0.06347743421792984,0.043999204442273315,2.6949583623543134e-148,0.9999000099990001,True
layer4.1.sn2,30,195,0.026059508323669434,0.018063074936453292,1.0323942126238536e-34,0.9999000099990001,True
layer4.1.sn2,30,196,0.32533931732177734,0.2255080259350269,0.0,0.9999000099990001,True
layer4.1.sn2,30,197,0.023426072672009468,0.016237716753431903,2.81006445079667e-20,0.9999000099990001,True
layer4.1.sn2,30,198,0.11337202042341232,0.07858349416414473,9.397682227118728e-224,0.9999000099990001,True
layer4.1.sn2,30,199,0.18032489717006683,0.12499169653443956,0.0,0.9999000099990001,True
layer4.1.sn2,30,200,0.11439736932516098,0.07929421347649279,1.3212837723282363e-207,0.9999000099990001,True
layer4.1.sn2,30,201,0.09183178842067719,0.06365294409587034,1.1401918473936691e-197,0.9999000099990001,True
layer4.1.sn2,30,202,0.06715860962867737,0.04655079994040971,7.058974879459777e-158,0.9999000099990001,True
layer4.1.sn2,30,203,0.0870320051908493,0.060325990811463545,6.983325675888103e-140,0.9999000099990001,True
layer4.1.sn2,30,204,0.19420760869979858,0.13461445737598496,0.0,0.9999000099990001,True
layer4.1.sn2,30,205,0.13017487525939941,0.0902303459129976,5.197945819894462e-296,0.9999000099990001,True
layer4.1.sn2,30,206,0.036730654537677765,0.025459750789482108,1.7148096512922777e-58,0.9999000099990001,True
layer4.1.sn2,30,207,0.3039562702178955,0.21068643936436024,0.0,0.9999000099990001,True
layer4.1.sn2,30,208,0.05218198150396347,0.03616979225487738,5.621753659905617e-100,0.9999000099990001,True
layer4.1.sn2,30,209,0.15568198263645172,0.10791053245337465,0.0,0.9999000099990001,True
layer4.1.sn2,30,210,0.2661159038543701,0.18445748971954792,0.0,0.9999000099990001,True
layer4.1.sn2,30,211,0.31827691197395325,0.2206127536528758,0.0,0.9999000099990001,True
layer4.1.sn2,30,212,0.05047781020402908,0.034988551858944665,6.855641041841116e-79,0.9999000099990001,True
layer4.1.sn2,30,213,0.043024878948926926,0.029822573863559826,6.163040824918127e-69,0.9999000099990001,True
layer4.1.sn2,30,214,0.43205615878105164,0.29947851644767753,0.0,0.9999000099990001,True
layer4.1.sn2,30,215,0.033438101410865784,0.023177524488864145,1.633765695236993e-73,0.9999000099990001,True
layer4.1.sn2,30,216,0.3530347943305969,0.24470506849170237,0.0,0.9999000099990001,True
layer4.1.sn2,30,217,0.19962705671787262,0.13837093521943786,0.0,0.9999000099990001,True
layer4.1.sn2,30,218,0.05973193049430847,0.04140301940542502,2.95356112979987e-135,0.9999000099990001,True
layer4.1.sn2,30,219,0.04299920052289963,0.0298047736775418,2.302665560287815e-83,0.9999000099990001,True
layer4.1.sn2,30,220,0.06876816600561142,0.04766646086606925,1.656337911971013e-120,0.9999000099990001,True
layer4.1.sn2,30,221,0.06140648201107979,0.04256373113659795,3.4554771081080816e-121,0.9999000099990001,True
layer4.1.sn2,30,222,0.04912678897380829,0.034052094566917275,1.2365728324099737e-79,0.9999000099990001,True
layer4.1.sn2,30,223,0.33648622035980225,0.23323448512999445,0.0,0.9999000099990001,True
layer4.1.sn2,30,224,0.27081888914108276,0.18771733933015428,0.0,0.9999000099990001,True
layer4.1.sn2,30,225,0.24795708060264587,0.17187074735844862,0.0,0.9999000099990001,True
layer4.1.sn2,30,226,0.0869535282254219,0.06027159489564973,4.573499141962815e-151,0.9999000099990001,True
layer4.1.sn2,30,227,0.04301084205508232,0.02981284384827149,3.458747251368177e-78,0.9999000099990001,True
layer4.1.sn2,30,228,0.1070438101887703,0.07419711524887779,2.55220121892464e-242,0.9999000099990001,True
layer4.1.sn2,30,229,0.2509341239929199,0.17393427524139046,0.0,0.9999000099990001,True
layer4.1.sn2,30,230,0.07930625975131989,0.05497090940009365,6.260288870817323e-182,0.9999000099990001,True
layer4.1.sn2,30,231,0.23934894800186157,0.16590404831179126,0.0,0.9999000099990001,True
layer4.1.sn2,30,232,0.043685488402843475,0.030280472824744116,2.1342494046825246e-96,0.9999000099990001,True
layer4.1.sn2,30,233,0.10969570279121399,0.07603526495069347,8.17152976054448e-192,0.9999000099990001,True
layer4.1.sn2,30,234,0.13937631249427795,0.09660829620638846,8.227622644236867e-284,0.9999000099990001,True
layer4.1.sn2,30,235,0.14012983441352844,0.09713060358985046,0.0,0.9999000099990001,True
layer4.1.sn2,30,236,0.1129537895321846,0.07829360214129638,6.248967493380061e-239,0.9999000099990001,True
layer4.1.sn2,30,237,0.16926543414592743,0.11732585625832291,0.0,0.9999000099990001,True
layer4.1.sn2,30,238,0.2441524714231491,0.1692336014958037,0.0,0.9999000099990001,True
layer4.1.sn2,30,239,0.28616973757743835,0.19835773782454796,0.0,0.9999000099990001,True
layer4.1.sn2,30,240,,0.07316437186979337,,0.9900990099009901,False
layer4.1.sn2,30,241,0.2779821455478668,0.19268253245843814,0.0,0.9999000099990001,True
layer4.1.sn2,30,242,0.21442778408527374,0.14863001210412644,0.0,0.9999000099990001,True
layer4.1.sn2,30,243,0.10088592767715454,0.06992879508114297,3.858432405491268e-185,0.9999000099990001,True
layer4.1.sn2,30,244,0.11720563471317291,0.08124075618826346,5.012826626168377e-245,0.9999000099990001,True
layer4.1.sn2,30,245,0.12315436452627182,0.08536410060155857,1.1229699017951092e-267,0.9999000099990001,True
layer4.1.sn2,30,246,0.1157490611076355,0.08023113766669061,1.567598459949557e-230,0.9999000099990001,True
layer4.1.sn2,30,247,0.12505492568016052,0.086681467593753,2.474570254156735e-232,0.9999000099990001,True
layer4.1.sn2,30,248,0.2315911501646042,0.1605267504777237,0.0,0.9999000099990001,True
layer4.1.sn2,30,249,0.0873207300901413,0.06052611685029988,2.07515702742395e-177,0.9999000099990001,True
layer4.1.sn2,30,250,0.1829800307750702,0.12683209752260632,0.0,0.9999000099990001,True
layer4.1.sn2,30,251,0.17787492275238037,0.12329349791792876,0.0,0.9999000099990001,True
layer4.1.sn2,30,252,0.2516094446182251,0.17440237320117108,0.0,0.9999000099990001,True
layer4.1.sn2,30,253,0.07181674987077713,0.049779576876060716,4.651599342909432e-118,0.9999000099990001,True
layer4.1.sn2,30,254,0.046179160475730896,0.032008954774138135,5.681063330197122e-73,0.9999000099990001,True
layer4.1.sn2,30,255,0.15767039358615875,0.10928879040506147,3.433599893751095e-289,0.9999000099990001,True
layer4.1.sn2,30,256,0.33499523997306824,0.23220100409226707,0.0,0.9999000099990001,True
layer4.1.sn2,30,257,0.2555817663669586,0.17715577854166903,0.0,0.9999000099990001,True
layer4.1.sn2,30,258,0.08617892116308212,0.05973467607114911,1.0678115974178051e-175,0.9999000099990001,True
layer4.1.sn2,30,259,0.0759478360414505,0.05264302588623237,2.158131730630709e-186,0.9999000099990001,True
layer4.1.sn2,30,260,0.08778949826955795,0.060851040686185236,2.0232030919359795e-197,0.9999000099990001,True
layer4.1.sn2,30,261,0.059641964733600616,0.041340659763934764,7.494664512197018e-130,0.9999000099990001,True
layer4.1.sn2,30,262,0.24917647242546082,0.1727159723365508,0.0,0.9999000099990001,True
layer4.1.sn2,30,263,0.059543676674366,0.041272530914514716,1.7908991079169422e-148,0.9999000099990001,True
layer4.1.sn2,30,264,0.3047941327095032,0.21126718744601783,0.0,0.9999000099990001,True
layer4.1.sn2,30,265,0.358954519033432,0.24880831987381957,0.0,0.9999000099990001,True
layer4.1.sn2,30,266,0.17677512764930725,0.12253117912018366,0.0,0.9999000099990001,True
layer4.1.sn2,30,267,0.08757969737052917,0.06070561962449655,5.380659324101815e-138,0.9999000099990001,True
layer4.1.sn2,30,268,0.11408320814371109,0.0790764529364342,8.348611222783941e-242,0.9999000099990001,True
layer4.1.sn2,30,269,0.44126206636428833,0.30585956119500424,0.0,0.9999000099990001,True
layer4.1.sn2,30,270,0.1252608746290207,0.08682421779715283,1.0364310233370152e-253,0.9999000099990001,True
layer4.1.sn2,30,271,0.15943503379821777,0.1105119477445437,7.12762367013347e-309,0.9999000099990001,True
layer4.1.sn2,30,272,0.06239607185125351,0.04324966102092539,3.596197969259991e-136,0.9999000099990001,True
layer4.1.sn2,30,273,0.3224024176597595,0.2234723270637783,0.0,0.9999000099990001,True
layer4.1.sn2,30,274,0.2941276729106903,0.2038737638451709,0.0,0.9999000099990001,True
layer4.1.sn2,30,275,0.284123957157135,0.19693972554467531,0.0,0.9999000099990001,True
layer4.1.sn2,30,276,0.046139925718307495,0.03198176002721878,9.729519554689533e-71,0.9999000099990001,True
layer4.1.sn2,30,277,0.4817206859588623,0.3339033443400361,0.0,0.9999000099990001,True
layer4.1.sn2,30,278,0.1630435436964035,0.11301316896149399,1.6458427008740203e-302,0.9999000099990001,True
layer4.1.sn2,30,279,0.11893678456544876,0.08244069840375116,1.5044323269908453e-283,0.9999000099990001,True
layer4.1.sn2,30,280,0.273078590631485,0.18928365844049647,0.0,0.9999000099990001,True
layer4.1.sn2,30,281,0.2973744869232178,0.2061242955128328,0.0,0.9999000099990001,True
layer4.1.sn2,30,282,0.22326093912124634,0.15475269170621503,0.0,0.9999000099990001,True
layer4.1.sn2,30,283,0.10027191042900085,0.06950319253642376,6.645078930289141e-218,0.9999000099990001,True
layer4.1.sn2,30,284,0.3193214535713196,0.22133675644367087,0.0,0.9999000099990001,True
layer4.1.sn2,30,285,0.05743065103888512,0.039807892758855094,1.940422502470618e-148,0.9999000099990001,True
layer4.1.sn2,30,286,0.04309253767132759,0.02986947110337391,1.0207790171772284e-96,0.9999000099990001,True
layer4.1.sn2,30,287,0.36988407373428345,0.25638409273112717,0.0,0.9999000099990001,True
layer4.1.sn2,30,288,0.30192023515701294,0.2092751683591299,0.0,0.9999000099990001,True
layer4.1.sn2,30,289,0.21071183681488037,0.14605431549147158,0.0,0.9999000099990001,True
layer4.1.sn2,30,290,0.1881677359342575,0.13042793648927428,0.0,0.9999000099990001,True
layer4.1.sn2,30,291,0.28940993547439575,0.20060367463712803,0.0,0.9999000099990001,True
layer4.1.sn2,30,292,0.3054801821708679,0.21174273570437746,0.0,0.9999000099990001,True
layer4.1.sn2,30,293,0.0712047889828682,0.04935540006982801,4.429734673504043e-136,0.9999000099990001,True
layer4.1.sn2,30,294,0.24167250096797943,0.16751461260409947,0.0,0.9999000099990001,True
layer4.1.sn2,30,295,0.31742802262306213,0.22002434620775557,0.0,0.9999000099990001,True
layer4.1.sn2,30,296,0.07660571485757828,0.0530990355052217,2.1232524084088568e-172,0.9999000099990001,True
layer4.1.sn2,30,297,0.27411916851997375,0.1900049357093207,0.0,0.9999000099990001,True
layer4.1.sn2,30,298,0.19102157652378082,0.13240606656110288,0.0,0.9999000099990001,True
layer4.1.sn2,30,299,0.19597549736499786,0.13583986774909862,0.0,0.9999000099990001,True
layer4.1.sn2,30,300,0.31680384278297424,0.21959169920250135,0.0,0.9999000099990001,True
layer4.1.sn2,30,301,0.052264560014009476,0.03622703285669737,9.210263870552653e-83,0.9999000099990001,True
layer4.1.sn2,30,302,0.12183400243520737,0.08444889340684567,3.515863970091943e-276,0.9999000099990001,True
layer4.1.sn2,30,303,0.451232373714447,0.3127704502689943,0.0,0.9999000099990001,True
layer4.1.sn2,30,304,0.10104011744260788,0.07003567245460703,4.439968787589177e-233,0.9999000099990001,True
layer4.1.sn2,30,305,0.20791645348072052,0.14411669960142082,0.0,0.9999000099990001,True
layer4.1.sn2,30,306,0.1530035436153412,0.10605397457976973,0.0,0.9999000099990001,True
layer4.1.sn2,30,307,0.048744868487119675,0.03378736899364965,8.3799588294138055e-106,0.9999000099990001,True
layer4.1.sn2,30,308,0.15097661316394806,0.1046490154458412,4.19529114054778e-309,0.9999000099990001,True
layer4.1.sn2,30,309,0.2522587478160858,0.1748524371353565,0.0,0.9999000099990001,True
layer4.1.sn2,30,310,0.12081962823867798,0.08374578502223083,1.4216637437544477e-275,0.9999000099990001,True
layer4.1.sn2,30,311,0.054465923458337784,0.03775290050934539,1.3907478717041665e-115,0.9999000099990001,True
layer4.1.sn2,30,312,0.03275885805487633,0.022706711164002143,6.168159267815181e-73,0.9999000099990001,True
layer4.1.sn2,30,313,0.030855897814035416,0.02138767825189626,4.809686720262549e-58,0.9999000099990001,True
layer4.1.sn2,30,314,0.048133525997400284,0.03336361659173565,1.6368220452428577e-101,0.9999000099990001,True
layer4.1.sn2,30,315,0.05508164316415787,0.0381796869167609,2.567448886556781e-98,0.9999000099990001,True
layer4.1.sn2,30,316,0.28801822662353516,0.19963903133174687,0.0,0.9999000099990001,True
layer4.1.sn2,30,317,0.03410762920975685,0.023641605972178195,7.753707726489197e-64,0.9999000099990001,True
layer4.1.sn2,30,318,,0.05865798106770772,,0.9900990099009901,False
layer4.1.sn2,30,319,0.2027955949306488,0.14056719747213178,0.0,0.9999000099990001,True
layer4.1.sn2,30,320,0.21022386848926544,0.14571608229864905,0.0,0.9999000099990001,True
layer4.1.sn2,30,321,0.17217165231704712,0.1193402923054178,0.0,0.9999000099990001,True
layer4.1.sn2,30,322,0.3099267780780792,0.21482486954770444,0.0,0.9999000099990001,True
layer4.1.sn2,30,323,0.2868095338344574,0.19880121833852488,0.0,0.9999000099990001,True
layer4.1.sn2,30,324,0.07793953269720078,0.05402356715866441,4.47258165712822e-193,0.9999000099990001,True
layer4.1.sn2,30,325,0.19260156154632568,0.1335012296798206,0.0,0.9999000099990001,True
layer4.1.sn2,30,326,0.47027134895324707,0.3259672516265248,0.0,0.9999000099990001,True
layer4.1.sn2,30,327,0.04506593570113182,0.031237325718655957,6.11706736492928e-84,0.9999000099990001,True
layer4.1.sn2,30,328,0.09813472628593445,0.06802180870023877,3.632049014201182e-226,0.9999000099990001,True
layer4.1.sn2,30,329,0.16409951448440552,0.1137451191296814,0.0,0.9999000099990001,True
layer4.1.sn2,30,330,0.2707505226135254,0.18766997102751162,0.0,0.9999000099990001,True
layer4.1.sn2,30,331,0.16839222609996796,0.11672060127839536,0.0,0.9999000099990001,True
layer4.1.sn2,30,332,0.32917264103889465,0.22816509065478216,0.0,0.9999000099990001,True
layer4.1.sn2,30,333,0.24081137776374817,0.16691772839359387,0.0,0.9999000099990001,True
layer4.1.sn2,30,334,0.4359842836856842,0.30220127048629375,0.0,0.9999000099990001,True
layer4.1.sn2,30,335,0.2947418689727783,0.20429949929604352,0.0,0.9999000099990001,True
layer4.1.sn2,30,336,0.1383282095193863,0.09588181088541942,5.196259096325893e-290,0.9999000099990001,True
layer4.1.sn2,30,337,0.28135383129119873,0.1950196087857275,0.0,0.9999000099990001,True
layer4.1.sn2,30,338,0.11431743949651718,0.07923881241856814,3.633026467982949e-240,0.9999000099990001,True
layer4.1.sn2,30,339,0.09584881365299225,0.06643733571040383,6.588458879809537e-174,0.9999000099990001,True
layer4.1.sn2,30,340,0.05583510547876358,0.03870194656317324,1.65649559626477e-126,0.9999000099990001,True
layer4.1.sn2,30,341,0.08389096707105637,0.05814878829957185,1.0665658149713613e-147,0.9999000099990001,True
layer4.1.sn2,30,342,0.09451073408126831,0.06550984935158187,2.361788773173974e-162,0.9999000099990001,True
layer4.1.sn2,30,343,0.012402615509927273,0.008596837969684976,2.968530349029833e-15,0.9999000099990001,True
layer4.1.sn2,30,344,0.27541404962539673,0.19090246844259848,0.0,0.9999000099990001,True
layer4.1.sn2,30,345,0.01472989097237587,0.010209982529203179,1.0990667939027345e-18,0.9999000099990001,True
layer4.1.sn2,30,346,0.09664391726255417,0.06698845874113242,2.54104208201043e-164,0.9999000099990001,True
layer4.1.sn2,30,347,0.014465528540313244,0.010026740585536903,2.3064166633010416e-19,0.9999000099990001,True
layer4.1.sn2,30,348,0.33954504132270813,0.23535469491575967,0.0,0.9999000099990001,True
layer4.1.sn2,30,349,0.1601477414369583,0.11100595814906697,1.3986253118452436e-301,0.9999000099990001,True
layer4.1.sn2,30,350,0.08127845078706741,0.05633792896388527,5.959663348096163e-166,0.9999000099990001,True
layer4.1.sn2,30,351,0.15670132637023926,0.10861707916464933,2.350743154991258e-305,0.9999000099990001,True
layer4.1.sn2,30,352,0.07235407084226608,0.05015202190037188,2.3112497409953346e-172,0.9999000099990001,True
layer4.1.sn2,30,353,0.20200753211975098,0.14002095485835583,0.0,0.9999000099990001,True
layer4.1.sn2,30,354,0.23617708683013916,0.16370548509742838,0.0,0.9999000099990001,True
layer4.1.sn2,30,355,0.24778397381305695,0.1717507666947607,0.0,0.9999000099990001,True
layer4.1.sn2,30,356,0.18412353098392487,0.12762470261520137,0.0,0.9999000099990001,True
layer4.1.sn2,30,357,0.23241926729679108,0.16110076046163405,0.0,0.9999000099990001,True
layer4.1.sn2,30,358,0.1095246821641922,0.0759167268677804,1.6080506844962935e-196,0.9999000099990001,True
layer4.1.sn2,30,359,0.18877650797367096,0.13084990064382276,0.0,0.9999000099990001,True
layer4.1.sn2,30,360,0.18108391761779785,0.12551780974559879,0.0,0.9999000099990001,True
layer4.1.sn2,30,361,0.3545595705509186,0.2457619713442147,0.0,0.9999000099990001,True
layer4.1.sn2,30,362,0.2214556783437729,0.15350137512847395,0.0,0.9999000099990001,True
layer4.1.sn2,30,363,0.08964978158473969,0.06214049514798974,4.841766019128797e-163,0.9999000099990001,True
layer4.1.sn2,30,364,0.12103580683469772,0.08389562955272516,1.0530821201414017e-204,0.9999000099990001,True
layer4.1.sn2,30,365,0.16911955177783966,0.1172247382732212,0.0,0.9999000099990001,True
layer4.1.sn2,30,366,0.039006736129522324,0.027037409074658524,7.982929455167302e-74,0.9999000099990001,True
layer4.1.sn2,30,367,0.04942904785275459,0.03426160566075029,2.6716466483678023e-103,0.9999000099990001,True
layer4.1.sn2,30,368,0.037467412650585175,0.02597043206870899,1.4142908730009187e-61,0.9999000099990001,True
layer4.1.sn2,30,369,0.12165380269289017,0.08432398851105614,4.2210284522571575e-264,0.9999000099990001,True
layer4.1.sn2,30,370,0.24230536818504333,0.16795328436508916,0.0,0.9999000099990001,True
layer4.1.sn2,30,371,0.03768209367990494,0.026119235801611684,1.090619789424418e-46,0.9999000099990001,True
layer4.1.sn2,30,372,0.27574679255485535,0.19113311495615748,0.0,0.9999000099990001,True
layer4.1.sn2,30,373,0.04808284342288971,0.033328486550013095,3.9176473748653186e-69,0.9999000099990001,True
layer4.1.sn2,30,374,0.14930549263954163,0.10349068320986726,0.0,0.9999000099990001,True
layer4.1.sn2,30,375,0.085094153881073,0.05898277446986713,6.844581254458554e-219,0.9999000099990001,True
layer4.1.sn2,30,376,0.27529019117355347,0.19081662681166944,0.0,0.9999000099990001,True
layer4.1.sn2,30,377,0.28112900257110596,0.19486376741197195,0.0,0.9999000099990001,True
layer4.1.sn2,30,378,0.030630070716142654,0.021231146733312653,1.0082692782821558e-33,0.9999000099990001,True
layer4.1.sn2,30,379,0.052238430827856064,0.03620892211138786,3.23662870268964e-83,0.9999000099990001,True
layer4.1.sn2,30,380,0.2529173195362091,0.1753089217478514,0.0,0.9999000099990001,True
layer4.1.sn2,30,381,0.34986233711242676,0.24250610269450276,0.0,0.9999000099990001,True
layer4.1.sn2,30,382,0.29406309127807617,0.20382901074440382,0.0,0.9999000099990001,True
layer4.1.sn2,30,383,0.019883213564753532,0.013781994064207881,7.032665367055062e-16,0.9999000099990001,True
layer4.1.sn2,30,384,0.4398781955242157,0.3049003210897771,0.0,0.9999000099990001,True
layer4.1.sn2,30,385,0.09384443610906601,0.065048004947828,1.8663643926875458e-194,0.9999000099990001,True
layer4.1.sn2,30,386,0.03699139505624771,0.025640482023431495,4.456106207733538e-94,0.9999000099990001,True
layer4.1.sn2,30,387,0.11109642684459686,0.07700617740959431,4.201229532839377e-201,0.9999000099990001,True
layer4.1.sn2,30,388,0.3752935230731964,0.26013364508294207,0.0,0.9999000099990001,True
layer4.1.sn2,30,389,0.21177935600280762,0.14679425868807106,0.0,0.9999000099990001,True
layer4.1.sn2,30,390,0.060749322175979614,0.04210822205947498,1.178409981881361e-129,0.9999000099990001,True
layer4.1.sn2,30,391,0.039019614458084106,0.027046335418776858,1.5175713394687938e-55,0.9999000099990001,True
layer4.1.sn2,30,392,0.10710915923118591,0.07424241094857223,7.476571838611139e-233,0.9999000099990001,True
layer4.1.sn2,30,393,0.2406751811504364,0.16682332827826002,0.0,0.9999000099990001,True
layer4.1.sn2,30,394,0.3185711205005646,0.22081666903677794,0.0,0.9999000099990001,True
layer4.1.sn2,30,395,0.12456000596284866,0.08633841638572233,7.789707083354182e-248,0.9999000099990001,True
layer4.1.sn2,30,396,0.07512339949607849,0.052071573401787405,8.129582663613265e-178,0.9999000099990001,True
layer4.1.sn2,30,397,0.08054551482200623,0.05582989596484816,5.262573059416731e-172,0.9999000099990001,True
layer4.1.sn2,30,398,0.1567627191543579,0.10865963597026884,0.0,0.9999000099990001,True
layer4.1.sn2,30,399,0.0766591876745224,0.05313609948517079,5.235642888440776e-172,0.9999000099990001,True
layer4.1.sn2,30,400,,0.151791380407169,,0.9900990099009901,False
layer4.1.sn2,30,401,0.30616477131843567,0.21221725621926196,0.0,0.9999000099990001,True
layer4.1.sn2,30,402,0.20474939048290253,0.14192145911844117,0.0,0.9999000099990001,True
layer4.1.sn2,30,403,0.3386072516441345,0.2347046689248127,0.0,0.9999000099990001,True
layer4.1.sn2,30,404,0.1919141262769699,0.13302473710514182,0.0,0.9999000099990001,True
layer4.1.sn2,30,405,0.4113702178001404,0.2851401073037084,0.0,0.9999000099990001,True
layer4.1.sn2,30,406,0.0885874554514885,0.06140414441620268,3.5877733957243105e-193,0.9999000099990001,True
layer4.1.sn2,30,407,0.4473644495010376,0.310089405478741,0.0,0.9999000099990001,True
layer4.1.sn2,30,408,0.21260884404182434,0.14736922483744896,0.0,0.9999000099990001,True
layer4.1.sn2,30,409,0.06438077986240387,0.04462535530154227,9.308367235810912e-99,0.9999000099990001,True
layer4.1.sn2,30,410,0.31851571798324585,0.2207782643374147,0.0,0.9999000099990001,True
layer4.1.sn2,30,411,0.3632246255874634,0.25176812185264263,0.0,0.9999000099990001,True
layer4.1.sn2,30,412,0.06119529530405998,0.042417346913660364,1.0685607444795318e-110,0.9999000099990001,True
layer4.1.sn2,30,413,0.2293470799922943,0.15897128226467377,0.0,0.9999000099990001,True
layer4.1.sn2,30,414,0.19546431303024292,0.13548553965321877,0.0,0.9999000099990001,True
layer4.1.sn2,30,415,0.18216513097286224,0.12626724512720844,0.0,0.9999000099990001,True
layer4.1.sn2,30,416,0.4586767256259918,0.31793047315114487,0.0,0.9999000099990001,True
layer4.1.sn2,30,417,0.1391710788011551,0.0964660374737691,1.1429469909152604e-291,0.9999000099990001,True
layer4.1.sn2,30,418,0.16978667676448822,0.11768715389528557,0.0,0.9999000099990001,True
layer4.1.sn2,30,419,0.25336194038391113,0.17561711922776774,0.0,0.9999000099990001,True
layer4.1.sn2,30,420,0.1246025413274765,0.08636790141161357,1.2260187404047246e-267,0.9999000099990001,True
layer4.1.sn2,30,421,0.038504913449287415,0.02668957154309021,9.657435397225815e-45,0.9999000099990001,True
layer4.1.sn2,30,422,0.32501882314682007,0.22528588264404825,0.0,0.9999000099990001,True
layer4.1.sn2,30,423,0.052995771169662476,0.03673387037901895,3.552702504922693e-103,0.9999000099990001,True
layer4.1.sn2,30,424,0.2758423089981079,0.19119932902322878,0.0,0.9999000099990001,True
layer4.1.sn2,30,425,0.1433156281709671,0.09933882704342706,5.154902883223227e-254,0.9999000099990001,True
layer4.1.sn2,30,426,0.11498450487852097,0.07970118679611583,2.5978017370147073e-218,0.9999000099990001,True
layer4.1.sn2,30,427,0.2587425410747528,0.17934666763242982,0.0,0.9999000099990001,True
layer4.1.sn2,30,428,0.13736848533153534,0.09521657632500335,1.629649502388684e-293,0.9999000099990001,True
layer4.1.sn2,30,429,0.0846509039402008,0.05867553489877416,1.0508470878033816e-163,0.9999000099990001,True
layer4.1.sn2,30,430,0.25309085845947266,0.1754292064294733,0.0,0.9999000099990001,True
layer4.1.sn2,30,431,0.044428661465644836,0.030795602062232825,2.2826563240237354e-81,0.9999000099990001,True
layer4.1.sn2,30,432,0.06149710714817047,0.04262654596428508,1.217556376490418e-108,0.9999000099990001,True
layer4.1.sn2,30,433,0.3451939821243286,0.23927022774616366,0.0,0.9999000099990001,True
layer4.1.sn2,30,434,0.2064400464296341,0.1430933351551238,0.0,0.9999000099990001,True
layer4.1.sn2,30,435,0.05540287494659424,0.038402346017558306,8.179343702000559e-124,0.9999000099990001,True
layer4.1.sn2,30,436,0.235232874751091,0.16305100328123082,0.0,0.9999000099990001,True
layer4.1.sn2,30,437,0.1937306970357895,0.13428388543172598,0.0,0.9999000099990001,True
layer4.1.sn2,30,438,0.03865553066134453,0.02679397294356499,8.90588471476079e-74,0.9999000099990001,True
layer4.1.sn2,30,439,0.22010280191898346,0.1525636414072883,0.0,0.9999000099990001,True
layer4.1.sn2,30,440,0.0964101180434227,0.0668264004346623,8.022786797514751e-208,0.9999000099990001,True
layer4.1.sn2,30,441,0.08748351037502289,0.06063894889832645,7.409298807060294e-186,0.9999000099990001,True
layer4.1.sn2,30,442,0.26872265338897705,0.1862643472059764,0.0,0.9999000099990001,True
layer4.1.sn2,30,443,0.028710588812828064,0.01990066413453654,3.7856487049498776e-53,0.9999000099990001,True
layer4.1.sn2,30,444,0.3500719964504242,0.24265141405808155,0.0,0.9999000099990001,True
layer4.1.sn2,30,445,,0.033259066921811534,,0.9900990099009901,False
layer4.1.sn2,30,446,0.09822963923215866,0.06808759823899588,6.539672290502712e-249,0.9999000099990001,True
layer4.1.sn2,30,447,0.2743678390979767,0.190177290576517,0.0,0.9999000099990001,True
layer4.1.sn2,30,448,0.08897611498832703,0.06167354202592106,1.3558903881134804e-192,0.9999000099990001,True
layer4.1.sn2,30,449,0.3520289957523346,0.24400789959980995,0.0,0.9999000099990001,True
layer4.1.sn2,30,450,0.1908339411020279,0.13227600725034816,0.0,0.9999000099990001,True
layer4.1.sn2,30,451,0.03472649306058884,0.024070571421279743,8.227722355125101e-61,0.9999000099990001,True
layer4.1.sn2,30,452,0.21214836835861206,0.1470500444327955,0.0,0.9999000099990001,True
layer4.1.sn2,30,453,0.3061034381389618,0.2121747323832896,0.0,0.9999000099990001,True
layer4.1.sn2,30,454,0.14205703139305115,0.09846643280609232,9.912998115451257e-305,0.9999000099990001,True
layer4.1.sn2,30,455,0.17242929339408875,0.11951887436463919,0.0,0.9999000099990001,True
layer4.1.sn2,30,456,0.05291591212153435,0.036678515770959104,3.046454073600129e-86,0.9999000099990001,True
layer4.1.sn2,30,457,0.4919761121273041,0.34101185852342575,0.0,0.9999000099990001,True
layer4.1.sn2,30,458,0.39562398195266724,0.27422564226027873,0.0,0.9999000099990001,True
layer4.1.sn2,30,459,0.2700459659099579,0.18718160582601684,0.0,0.9999000099990001,True
layer4.1.sn2,30,460,0.3734368085861206,0.25884667017297397,0.0,0.9999000099990001,True
layer4.1.sn2,30,461,0.16167351603507996,0.11206353904532336,0.0,0.9999000099990001,True
layer4.1.sn2,30,462,0.10353554040193558,0.07176536912997176,1.5368822847795217e-200,0.9999000099990001,True
layer4.1.sn2,30,463,0.33555176854133606,0.23258675497522796,0.0,0.9999000099990001,True
layer4.1.sn2,30,464,0.13308455049991608,0.09224718562283485,3.225803579318956e-263,0.9999000099990001,True
layer4.1.sn2,30,465,0.11885910481214523,0.08238685275612556,1.976524375904835e-278,0.9999000099990001,True
layer4.1.sn2,30,466,0.11960859596729279,0.08290636362920123,1.851265630701134e-260,0.9999000099990001,True
layer4.1.sn2,30,467,0.07920436561107635,0.054900282956876933,8.36699013332661e-152,0.9999000099990001,True
layer4.1.sn2,30,468,0.2189677506685257,0.15177688064626485,0.0,0.9999000099990001,True
layer4.1.sn2,30,469,0.20858535170555115,0.14458034528870156,0.0,0.9999000099990001,True
layer4.1.sn2,30,470,0.035469900816679,0.024585862997921797,5.6639316882153576e-55,0.9999000099990001,True
layer4.1.sn2,30,471,0.20406955480575562,0.14145024056179947,0.0,0.9999000099990001,True
layer4.1.sn2,30,472,0.11363235861063004,0.07876394958528407,1.8868241876132767e-215,0.9999000099990001,True
layer4.1.sn2,30,473,0.46227532625198364,0.3204248353561583,0.0,0.9999000099990001,True
layer4.1.sn2,30,474,0.28643879294395447,0.1985442468686947,0.0,0.9999000099990001,True
layer4.1.sn2,30,475,0.06256477534770966,0.043366596542568095,9.256101030209532e-141,0.9999000099990001,True
layer4.1.sn2,30,476,0.06128048896789551,0.04247639715273771,9.720268620620095e-132,0.9999000099990001,True
layer4.1.sn2,30,477,0.13226546347141266,0.09167942947273364,1.2419145760632274e-266,0.9999000099990001,True
layer4.1.sn2,30,478,0.2716403603553772,0.18828675440573736,0.0,0.9999000099990001,True
layer4.1.sn2,30,479,0.14927314221858978,0.10346826249733077,0.0,0.9999000099990001,True
layer4.1.sn2,30,480,0.3736661970615387,0.25900567457947676,0.0,0.9999000099990001,True
layer4.1.sn2,30,481,0.4321850836277008,0.29956787224793835,0.0,0.9999000099990001,True
layer4.1.sn2,30,482,0.3348018229007721,0.23206693379469204,0.0,0.9999000099990001,True
layer4.1.sn2,30,483,0.27532294392585754,0.19083932600689582,0.0,0.9999000099990001,True
layer4.1.sn2,30,484,0.061652619391679764,0.04273433996617776,3.4569667916119715e-133,0.9999000099990001,True
layer4.1.sn2,30,485,0.1013806089758873,0.07027168102437376,2.027659791944515e-191,0.9999000099990001,True
layer4.1.sn2,30,486,0.16086356341838837,0.11150212716970864,0.0,0.9999000099990001,True
layer4.1.sn2,30,487,0.131417378783226,0.09109158085786792,3.6242393384235223e-274,0.9999000099990001,True
layer4.1.sn2,30,488,0.3562140464782715,0.24690875354737937,0.0,0.9999000099990001,True
layer4.1.sn2,30,489,0.08342733234167099,0.05782742073300294,3.139584864731263e-191,0.9999000099990001,True
layer4.1.sn2,30,490,0.3527926504611969,0.2445372353916389,0.0,0.9999000099990001,True
layer4.1.sn2,30,491,0.14520640671253204,0.10064941273246193,0.0,0.9999000099990001,True
layer4.1.sn2,30,492,0.33007335662841797,0.22878942324200352,0.0,0.9999000099990001,True
layer4.1.sn2,30,493,0.07093557715415955,0.0491687943552098,1.2712179616733658e-136,0.9999000099990001,True
layer4.1.sn2,30,494,0.0640624463558197,0.04440470598472286,2.7944042126953612e-168,0.9999000099990001,True
layer4.1.sn2,30,495,0.019809868186712265,0.013731154369912565,2.3230229700375993e-28,0.9999000099990001,True
layer4.1.sn2,30,496,0.21588794887065887,0.14964212179414754,0.0,0.9999000099990001,True
layer4.1.sn2,30,497,0.08099312335252762,0.05614015545970766,1.4588486244019977e-181,0.9999000099990001,True
layer4.1.sn2,30,498,0.05046536773443222,0.03497992670476375,1.8215987544452648e-100,0.9999000099990001,True
layer4.1.sn2,30,499,0.03238357976078987,0.022446586639576906,2.2168707204002728e-33,0.9999000099990001,True
layer4.1.sn2,30,500,0.0680205300450325,0.04714823848921001,4.769654191660689e-151,0.9999000099990001,True
layer4.1.sn2,30,501,0.5073884725570679,0.35169486924985227,0.0,0.9999000099990001,True
layer4.1.sn2,30,502,0.03357308730483055,0.023271089725369964,3.800340056048993e-66,0.9999000099990001,True
layer4.1.sn2,30,503,0.051491204649209976,0.03569098306562654,4.694765577974491e-81,0.9999000099990001,True
layer4.1.sn2,30,504,0.021686123684048653,0.015031674851893918,2.1218043886928184e-42,0.9999000099990001,True
layer4.1.sn2,30,505,0.00581847270950675,0.004033057988829285,4.008552375083064e-06,0.9999000099990001,True
layer4.1.sn2,30,506,0.09227106720209122,0.06395743081855848,1.057219758401575e-180,0.9999000099990001,True
layer4.1.sn2,30,507,0.09238924086093903,0.06403933933072085,8.897547123632983e-213,0.9999000099990001,True
layer4.1.sn2,30,508,0.11575879901647568,0.08023788671280878,6.372652701398092e-268,0.9999000099990001,True
layer4.1.sn2,30,509,0.4089934527873993,0.28349266056020433,0.0,0.9999000099990001,True
layer4.1.sn2,30,510,0.3105640113353729,0.2152665654855426,0.0,0.9999000099990001,True
layer4.1.sn2,30,511,0.10104881972074509,0.07004170253496177,4.693992515985844e-248,0.9999000099990001,True
sn1,50,0,0.08161617070436478,0.05098031404592693,3.355091008107767e-107,0.9999000099990001,True
sn1,50,1,,0.0,,0.009900990099009901,False
sn1,50,2,0.2774328589439392,0.2176169168609111,1.3266925077004098e-263,0.9999000099990001,True
sn1,50,3,0.02280195616185665,0.010112273442591791,1.512247410938912e-50,0.9999000099990001,True
sn1,50,4,0.12062951177358627,0.09710726282173662,3.927526450982028e-135,0.9999000099990001,True
sn1,50,5,0.05940265208482742,0.036124042333166594,3.475074010193559e-151,0.9999000099990001,True
sn1,50,6,0.09005928784608841,0.07938487678880099,4.798256478113211e-111,0.9999000099990001,True
sn1,50,7,0.25597861409187317,0.19285175359728,1.2708376592442987e-244,0.9999000099990001,True
sn1,50,8,0.061480335891246796,0.0338909054163855,1.189948131890302e-152,0.9999000099990001,True
sn1,50,9,,0.0005053658850097968,,0.9702970297029703,False
sn1,50,10,0.03905269131064415,0.026891852727278426,3.959128033132489e-33,0.9999000099990001,True
sn1,50,11,0.08930648118257523,0.04981494039821413,1.3940396594467944e-109,0.9999000099990001,True
sn1,50,12,0.11960466206073761,0.09710146991605395,7.022862930311933e-139,0.9999000099990001,True
sn1,50,13,0.09411169588565826,0.09567157648729135,1.9319764860308868e-113,0.9999000099990001,True
sn1,50,14,,0.0,,0.009900990099009901,False
sn1,50,15,0.0750923678278923,0.04782854441342363,2.0379374803582664e-108,0.9999000099990001,True
sn1,50,16,,0.0,,0.009900990099009901,False
sn1,50,17,0.2757048010826111,0.1979225671321141,3.011536804185621e-261,0.9999000099990001,True
sn1,50,18,,0.0,,0.009900990099009901,False
sn1,50,19,0.13289114832878113,0.09288068110894623,6.690597931131789e-154,0.9999000099990001,True
sn1,50,20,0.07776308059692383,0.04942948210134496,7.604576370481006e-141,0.9999000099990001,True
sn1,50,21,0.11420809477567673,0.08939838956342322,1.3401087181640598e-134,0.9999000099990001,True
sn1,50,22,,0.0033746314285563643,,0.9801980198019802,False
sn1,50,23,0.035490985959768295,0.020471680128885086,4.843316991271877e-72,0.9999000099990001,True
sn1,50,24,0.14317694306373596,0.098976233418637,2.4667559016729094e-161,0.9999000099990001,True
sn1,50,25,0.09024655073881149,0.06601928870735531,7.144463471732584e-108,0.9999000099990001,True
sn1,50,26,0.03428829461336136,0.019777228047391265,8.617320262536517e-71,0.9999000099990001,True
sn1,50,27,0.006119946949183941,0.0009216967956950709,8.595565208598065e-17,0.9999000099990001,True
sn1,50,28,0.023628849536180496,0.0073861836440744216,8.220778444046014e-60,0.9999000099990001,True
sn1,50,29,0.15430839359760284,0.10380706839678909,1.2174957417076791e-174,0.9999000099990001,True
sn1,50,30,,0.0,,0.009900990099009901,False
sn1,50,31,0.07961156964302063,0.05299013449240625,1.1740089678256491e-97,0.9999000099990001,True
sn1,50,32,0.20350897312164307,0.13880699015469278,1.2668611597861707e-211,0.9999000099990001,True
sn1,50,33,0.11453329771757126,0.07308007448821752,4.075604459933355e-135,0.9999000099990001,True
sn1,50,34,0.006450179032981396,0.003986704254678796,0.00045009954647805056,0.9987001299870013,False
sn1,50,35,0.004309970885515213,0.002613231852037098,3.2071664925063605e-06,0.9999000099990001,True
sn1,50,36,0.26051777601242065,0.21439796710800535,5.12555690833545e-258,0.9999000099990001,True
sn1,50,37,0.14578066766262054,0.09299635845839244,6.379517059453795e-163,0.9999000099990001,True
sn1,50,38,0.17562836408615112,0.10263904607355999,3.821849919508511e-189,0.9999000099990001,True
sn1,50,39,,0.0,,0.009900990099009901,False
sn1,50,40,,0.0,,0.009900990099009901,False
sn1,50,41,0.31039515137672424,0.24591335784937704,3.2488400051758592e-285,0.9999000099990001,True
sn1,50,42,0.008189006708562374,0.0028346728567942877,5.273676774142051e-13,0.9999000099990001,True
sn1,50,43,0.057236552238464355,0.03762621484525888,6.393090461132121e-48,0.9999000099990001,True
sn1,50,44,0.13240937888622284,0.08349228773695047,2.323168299292111e-207,0.9999000099990001,True
sn1,50,45,0.11647162586450577,0.06988574603411071,5.068713166055839e-137,0.9999000099990001,True
sn1,50,46,0.1710367202758789,0.1365051842392467,6.68555783422463e-188,0.9999000099990001,True
sn1,50,47,0.051055777817964554,0.02457213660723048,2.712873917211052e-115,0.9999000099990001,True
sn1,50,48,,0.0,,0.009900990099009901,False
sn1,50,49,0.09087696671485901,0.06506396941124601,8.078559031228118e-110,0.9999000099990001,True
sn1,50,50,0.07366188615560532,0.03333495743060325,1.0891638270563272e-91,0.9999000099990001,True
sn1,50,51,0.04052598029375076,0.0375169537973333,1.7204848967698743e-54,0.9999000099990001,True
sn1,50,52,0.037143055349588394,0.018016639412972824,4.345526332618097e-68,0.9999000099990001,True
sn1,50,53,0.048602547496557236,0.030084820516058913,1.225196924487525e-56,0.9999000099990001,True
sn1,50,54,0.06557685881853104,0.03287547295069911,3.620702110871838e-177,0.9999000099990001,True
sn1,50,55,,0.0,,0.009900990099009901,False
sn1,50,56,,0.003787098658426496,,0.9603960396039604,False
sn1,50,57,0.14096637070178986,0.09738248850224154,7.354590028475245e-157,0.9999000099990001,True
sn1,50,58,0.004173835273832083,0.001342792128434178,8.994278941567278e-10,0.9999000099990001,True
sn1,50,59,0.1416262984275818,0.0962465352759774,6.577009920036562e-160,0.9999000099990001,True
sn1,50,60,0.2020418643951416,0.14029455398291246,6.322732159188511e-213,0.9999000099990001,True
sn1,50,61,0.133670836687088,0.08802972070310074,9.148819857448997e-154,0.9999000099990001,True
sn1,50,62,0.18661026656627655,0.14519261617793716,1.0525506122238672e-200,0.9999000099990001,True
sn1,50,63,,0.0,,0.009900990099009901,False
layer1.1.sn2,50,0,0.13933338224887848,0.1027038749558195,9.499430086604926e-162,0.9999000099990001,True
layer1.1.sn2,50,1,0.4581507742404938,0.3459915011872271,0.0,0.9999000099990001,True
layer1.1.sn2,50,2,0.44988924264907837,0.339225310414651,0.0,0.9999000099990001,True
layer1.1.sn2,50,3,0.1484619826078415,0.1175420222058852,1.482904899551839e-157,0.9999000099990001,True
layer1.1.sn2,50,4,0.11053215712308884,0.08960699613964317,1.0080911133465835e-133,0.9999000099990001,True
layer1.1.sn2,50,5,0.43319636583328247,0.30872032266286265,0.0,0.9999000099990001,True
layer1.1.sn2,50,6,0.15365536510944366,0.11731089555150205,5.87368528909256e-174,0.9999000099990001,True
layer1.1.sn2,50,7,0.39542531967163086,0.2897957764729151,0.0,0.9999000099990001,True
layer1.1.sn2,50,8,0.3914130926132202,0.2877988491942448,0.0,0.9999000099990001,True
layer1.1.sn2,50,9,0.10396967828273773,0.08207434716395617,7.734194016886323e-125,0.9999000099990001,True
layer1.1.sn2,50,10,0.2363806515932083,0.17641439330371894,1.7475242760553124e-233,0.9999000099990001,True
layer1.1.sn2,50,11,0.32106977701187134,0.2315290069210338,2.8167909147852774e-287,0.9999000099990001,True
layer1.1.sn2,50,12,0.17293953895568848,0.1427449688830984,3.2558014386225916e-186,0.9999000099990001,True
layer1.1.sn2,50,13,0.13898134231567383,0.1147356557273608,6.239701197758359e-159,0.9999000099990001,True
layer1.1.sn2,50,14,0.2908259630203247,0.22463223755093936,1.7122008895744713e-268,0.9999000099990001,True
layer1.1.sn2,50,15,0.16300852596759796,0.13377857200194807,1.4470167456143784e-180,0.9999000099990001,True
layer1.1.sn2,50,16,0.17367631196975708,0.13633294570170154,1.8175497878391042e-187,0.9999000099990001,True
layer1.1.sn2,50,17,0.5218411087989807,0.37461353539871356,0.0,0.9999000099990001,True
layer1.1.sn2,50,18,0.190859854221344,0.14018685023109267,4.561659920925706e-201,0.9999000099990001,True
layer1.1.sn2,50,19,0.258082777261734,0.18940480615542127,2.1226477001808922e-247,0.9999000099990001,True
layer1.1.sn2,50,20,0.4656985402107239,0.34379634516670343,0.0,0.9999000099990001,True
layer1.1.sn2,50,21,0.2412760704755783,0.19106943815862631,1.0853735139364007e-236,0.9999000099990001,True
layer1.1.sn2,50,22,0.44371020793914795,0.3273854394167369,0.0,0.9999000099990001,True
layer1.1.sn2,50,23,0.1349336802959442,0.10290455158862093,6.561701767271328e-154,0.9999000099990001,True
layer1.1.sn2,50,24,0.3953341543674469,0.28723082845899606,0.0,0.9999000099990001,True
layer1.1.sn2,50,25,0.49076956510543823,0.3536509098927024,0.0,0.9999000099990001,True
layer1.1.sn2,50,26,0.2755969166755676,0.19885650749389944,4.431830762602725e-259,0.9999000099990001,True
layer1.1.sn2,50,27,0.3604913353919983,0.2644191706696959,5.328790051228917e-309,0.9999000099990001,True
layer1.1.sn2,50,28,0.2996671795845032,0.21659748082999467,1.2651849582302947e-277,0.9999000099990001,True
layer1.1.sn2,50,29,0.2654525637626648,0.17204525503191462,1.6194902359072368e-256,0.9999000099990001,True
layer1.1.sn2,50,30,0.1249212697148323,0.0967322393250589,5.356521900874161e-146,0.9999000099990001,True
layer1.1.sn2,50,31,0.11643155664205551,0.09361163607553194,4.182038131376053e-133,0.9999000099990001,True
layer1.1.sn2,50,32,0.44533395767211914,0.3312616347663685,0.0,0.9999000099990001,True
layer1.1.sn2,50,33,0.18846401572227478,0.14164842082178986,8.80441498403854e-197,0.9999000099990001,True
layer1.1.sn2,50,34,0.27287498116493225,0.201811554706868,8.510691664656442e-261,0.9999000099990001,True
layer1.1.sn2,50,35,0.14180521667003632,0.10854565303093267,2.8165497223169597e-162,0.9999000099990001,True
layer1.1.sn2,50,36,0.5361701846122742,0.3938568052745484,0.0,0.9999000099990001,True
layer1.1.sn2,50,37,0.3866955041885376,0.28027946790830927,0.0,0.9999000099990001,True
layer1.1.sn2,50,38,0.5654546022415161,0.41730430544814845,0.0,0.9999000099990001,True
layer1.1.sn2,50,39,0.22429212927818298,0.17284737596444183,5.261854963115195e-232,0.9999000099990001,True
layer1.1.sn2,50,40,0.11101674288511276,0.086228011948634,1.7441722579234714e-132,0.9999000099990001,True
layer1.1.sn2,50,41,0.4018326699733734,0.290289186137081,0.0,0.9999000099990001,True
layer1.1.sn2,50,42,0.11521367728710175,0.09291086106868165,1.714661793333224e-134,0.9999000099990001,True
layer1.1.sn2,50,43,0.22182467579841614,0.1716926104438054,5.040366415762567e-219,0.9999000099990001,True
layer1.1.sn2,50,44,0.15491731464862823,0.13128744470538387,8.411035593745657e-172,0.9999000099990001,True
layer1.1.sn2,50,45,0.30953487753868103,0.22502836161957113,4.7850927520978586e-279,0.9999000099990001,True
layer1.1.sn2,50,46,0.23260201513767242,0.17397109991218412,3.8766274849293215e-237,0.9999000099990001,True
layer1.1.sn2,50,47,0.17476747930049896,0.12801620454170273,5.621564643529883e-194,0.9999000099990001,True
layer1.1.sn2,50,48,0.23385022580623627,0.17861820089087652,2.954552686075863e-228,0.9999000099990001,True
layer1.1.sn2,50,49,0.27122774720191956,0.1968291420849412,4.634559865140301e-261,0.9999000099990001,True
layer1.1.sn2,50,50,0.2820483446121216,0.19937961444404662,1.4529311052591174e-261,0.9999000099990001,True
layer1.1.sn2,50,51,0.2699147164821625,0.1998265868465145,1.7822599009459051e-258,0.9999000099990001,True
layer1.1.sn2,50,52,0.2327701598405838,0.17191172577316505,6.905037712865818e-237,0.9999000099990001,True
layer1.1.sn2,50,53,0.4357822835445404,0.3146292346882514,0.0,0.9999000099990001,True
layer1.1.sn2,50,54,0.15152309834957123,0.11376401605205518,1.0174807623407634e-168,0.9999000099990001,True
layer1.1.sn2,50,55,0.19161398708820343,0.14135871031818764,3.154928961724858e-202,0.9999000099990001,True
layer1.1.sn2,50,56,0.3183688521385193,0.23708910418934726,2.0902990456285956e-289,0.9999000099990001,True
layer1.1.sn2,50,57,0.4926394820213318,0.3531520807536603,0.0,0.9999000099990001,True
layer1.1.sn2,50,58,0.3024193346500397,0.22662760806409674,2.41666188704231e-280,0.9999000099990001,True
layer1.1.sn2,50,59,0.21431855857372284,0.16736306000806006,3.8299167279881556e-218,0.9999000099990001,True
layer1.1.sn2,50,60,0.2984559237957001,0.21703609877991942,1.7958570408616712e-269,0.9999000099990001,True
layer1.1.sn2,50,61,0.20249369740486145,0.15613912885716036,1.2532039259313862e-208,0.9999000099990001,True
layer1.1.sn2,50,62,0.4909568130970001,0.3558500557950454,0.0,0.9999000099990001,True
layer1.1.sn2,50,63,0.18730632960796356,0.1365291912020301,2.1484481644227166e-202,0.9999000099990001,True
layer2.1.sn2,50,0,0.4088963270187378,0.2839742032401582,0.0,0.9999000099990001,True
layer2.1.sn2,50,1,0.5555127859115601,0.40024014973896904,0.0,0.9999000099990001,True
layer2.1.sn2,50,2,0.5870996117591858,0.4315642507243118,0.0,0.9999000099990001,True
layer2.1.sn2,50,3,0.24878139793872833,0.171448718336617,3.20261699790886e-240,0.9999000099990001,True
layer2.1.sn2,50,4,0.3378939926624298,0.24101566931151094,6.866681241684679e-297,0.9999000099990001,True
layer2.1.sn2,50,5,0.3389475643634796,0.2323336773359398,1.5702623145317295e-288,0.9999000099990001,True
layer2.1.sn2,50,6,0.5001207590103149,0.36817676352933915,0.0,0.9999000099990001,True
layer2.1.sn2,50,7,0.22332538664340973,0.1657779199819583,7.633480441843836e-225,0.9999000099990001,True
layer2.1.sn2,50,8,0.5941123366355896,0.45095992948857844,0.0,0.9999000099990001,True
layer2.1.sn2,50,9,0.2030588984489441,0.14371021891775188,1.561134087713395e-209,0.9999000099990001,True
layer2.1.sn2,50,10,0.20485840737819672,0.15739943617642643,9.496527240238852e-212,0.9999000099990001,True
layer2.1.sn2,50,11,0.492555171251297,0.36149905788168935,0.0,0.9999000099990001,True
layer2.1.sn2,50,12,0.29158222675323486,0.21755436873655631,4.53753525899937e-274,0.9999000099990001,True
layer2.1.sn2,50,13,0.22884832322597504,0.16953937184545753,6.182341858523679e-233,0.9999000099990001,True
layer2.1.sn2,50,14,0.31325966119766235,0.23232797171522465,7.073187420708069e-285,0.9999000099990001,True
layer2.1.sn2,50,15,0.26743870973587036,0.18784395044791485,2.532315383913411e-257,0.9999000099990001,True
layer2.1.sn2,50,16,0.24920716881752014,0.1818817534758115,2.7493013726840083e-241,0.9999000099990001,True
layer2.1.sn2,50,17,0.306102454662323,0.19185165653553743,1.504985468159645e-272,0.9999000099990001,True
layer2.1.sn2,50,18,0.26462334394454956,0.18408494691848798,1.0110067321846481e-253,0.9999000099990001,True
layer2.1.sn2,50,19,0.5373445749282837,0.3884318065612396,0.0,0.9999000099990001,True
layer2.1.sn2,50,20,0.3890799283981323,0.2798562963001139,0.0,0.9999000099990001,True
layer2.1.sn2,50,21,0.26434534788131714,0.188088001700265,1.6467594199644382e-253,0.9999000099990001,True
layer2.1.sn2,50,22,0.250131756067276,0.18381754957836677,1.0541125702168137e-240,0.9999000099990001,True
layer2.1.sn2,50,23,0.46875688433647156,0.3484735624148823,0.0,0.9999000099990001,True
layer2.1.sn2,50,24,0.3878439664840698,0.267871783685825,0.0,0.9999000099990001,True
layer2.1.sn2,50,25,0.5903970003128052,0.4354518273830908,0.0,0.9999000099990001,True
layer2.1.sn2,50,26,0.3010188639163971,0.22237584213467504,1.555254358666979e-275,0.9999000099990001,True
layer2.1.sn2,50,27,0.30962520837783813,0.22136080269142644,2.5036853128475825e-282,0.9999000099990001,True
layer2.1.sn2,50,28,0.5422207117080688,0.3912528002082452,0.0,0.9999000099990001,True
layer2.1.sn2,50,29,0.1397131234407425,0.10635415627334306,4.177579428024707e-161,0.9999000099990001,True
layer2.1.sn2,50,30,0.33146604895591736,0.2238171348430972,1.3713282458861077e-289,0.9999000099990001,True
layer2.1.sn2,50,31,0.3631501793861389,0.25780438917915893,1.4109420617234647e-303,0.9999000099990001,True
layer2.1.sn2,50,32,0.17743149399757385,0.1337629631427013,6.301746417022497e-185,0.9999000099990001,True
layer2.1.sn2,50,33,0.25693655014038086,0.1533315007932781,0.0,0.9999000099990001,True
layer2.1.sn2,50,34,0.29066458344459534,0.21008713099471515,3.8184974124153107e-265,0.9999000099990001,True
layer2.1.sn2,50,35,0.6656531095504761,0.4859752059503548,0.0,0.9999000099990001,True
layer2.1.sn2,50,36,0.30722662806510925,0.21715858290290044,2.6449559152674357e-274,0.9999000099990001,True
layer2.1.sn2,50,37,0.2652367949485779,0.17694512883662308,5.275253279644605e-252,0.9999000099990001,True
layer2.1.sn2,50,38,0.3783753514289856,0.276817022125597,0.0,0.9999000099990001,True
layer2.1.sn2,50,39,0.22393034398555756,0.1666082709506801,6.787323810372525e-231,0.9999000099990001,True
layer2.1.sn2,50,40,0.46559378504753113,0.3349083206616837,0.0,0.9999000099990001,True
layer2.1.sn2,50,41,0.2634986639022827,0.19090058510021196,2.3694221915512184e-249,0.9999000099990001,True
layer2.1.sn2,50,42,0.5455237030982971,0.40039441314278995,0.0,0.9999000099990001,True
layer2.1.sn2,50,43,0.28471481800079346,0.21262180436524256,4.123946917737952e-261,0.9999000099990001,True
layer2.1.sn2,50,44,0.4451667368412018,0.31538091914346356,0.0,0.9999000099990001,True
layer2.1.sn2,50,45,0.4666912257671356,0.34071657695570784,0.0,0.9999000099990001,True
layer2.1.sn2,50,46,0.5400057435035706,0.37558854829355715,0.0,0.9999000099990001,True
layer2.1.sn2,50,47,0.3881438374519348,0.2853343455027003,0.0,0.9999000099990001,True
layer2.1.sn2,50,48,0.11074341833591461,0.08432718084072763,2.378415862117392e-134,0.9999000099990001,True
layer2.1.sn2,50,49,0.27789807319641113,0.20066893326782279,3.343680348959732e-263,0.9999000099990001,True
layer2.1.sn2,50,50,0.23780424892902374,0.17628712919123019,5.188732838009989e-246,0.9999000099990001,True
layer2.1.sn2,50,51,0.6161823868751526,0.4449238057266884,0.0,0.9999000099990001,True
layer2.1.sn2,50,52,0.38205814361572266,0.2780637528556375,0.0,0.9999000099990001,True
layer2.1.sn2,50,53,0.3202952444553375,0.24027203005546285,2.706685204500489e-288,0.9999000099990001,True
layer2.1.sn2,50,54,0.2784186601638794,0.20937480426696986,2.1527595498446288e-259,0.9999000099990001,True
layer2.1.sn2,50,55,0.652241587638855,0.47903017691326155,0.0,0.9999000099990001,True
layer2.1.sn2,50,56,0.29284369945526123,0.22017785553342062,5.789392287641577e-268,0.9999000099990001,True
layer2.1.sn2,50,57,0.5029698610305786,0.36388995892738796,0.0,0.9999000099990001,True
layer2.1.sn2,50,58,0.3752990961074829,0.266195150682874,6.781971778495e-311,0.9999000099990001,True
layer2.1.sn2,50,59,0.17880338430404663,0.13766913239340267,1.7482059282994973e-190,0.9999000099990001,True
layer2.1.sn2,50,60,0.4317638874053955,0.2825968103456431,0.0,0.9999000099990001,True
layer2.1.sn2,50,61,0.4186994731426239,0.3008982110613685,0.0,0.9999000099990001,True
layer2.1.sn2,50,62,0.3586050271987915,0.26809065218391936,1.6903739673465157e-303,0.9999000099990001,True
layer2.1.sn2,50,63,0.5731737017631531,0.4384705681540013,0.0,0.9999000099990001,True
layer2.1.sn2,50,64,0.2574283182621002,0.1890734618938831,1.570765057103476e-255,0.9999000099990001,True
layer2.1.sn2,50,65,0.25268861651420593,0.18968474605778501,2.6182882872541623e-238,0.9999000099990001,True
layer2.1.sn2,50,66,0.409275084733963,0.3146599488766811,0.0,0.9999000099990001,True
layer2.1.sn2,50,67,0.22434855997562408,0.16874114298620982,6.128946883605396e-231,0.9999000099990001,True
layer2.1.sn2,50,68,0.3231317102909088,0.24369495523706847,1.6202229940683893e-284,0.9999000099990001,True
layer2.1.sn2,50,69,0.3629503846168518,0.25690087624286045,2.2258445546650643e-305,0.9999000099990001,True
layer2.1.sn2,50,70,0.322212815284729,0.2377381776603253,7.101329441881767e-290,0.9999000099990001,True
layer2.1.sn2,50,71,0.224505215883255,0.1624675641548876,5.778474439677829e-219,0.9999000099990001,True
layer2.1.sn2,50,72,0.2637045383453369,0.19321034667347986,3.340421669494968e-254,0.9999000099990001,True
layer2.1.sn2,50,73,0.4093042314052582,0.2977500607733681,0.0,0.9999000099990001,True
layer2.1.sn2,50,74,0.2174522876739502,0.16535165000136492,1.1039665314931705e-223,0.9999000099990001,True
layer2.1.sn2,50,75,0.18760521709918976,0.13812015187091783,1.556591149344201e-197,0.9999000099990001,True
layer2.1.sn2,50,76,0.25915414094924927,0.18389120288088182,4.526418835477199e-249,0.9999000099990001,True
layer2.1.sn2,50,77,0.23467892408370972,0.1418948545835832,4.4255721904375156e-240,0.9999000099990001,True
layer2.1.sn2,50,78,0.635811984539032,0.4303903740218741,0.0,0.9999000099990001,True
layer2.1.sn2,50,79,0.4461327791213989,0.309306901746762,0.0,0.9999000099990001,True
layer2.1.sn2,50,80,0.4917721748352051,0.36581005417443885,0.0,0.9999000099990001,True
layer2.1.sn2,50,81,0.2283082902431488,0.17388658629175682,4.614754000799671e-229,0.9999000099990001,True
layer2.1.sn2,50,82,0.4387342631816864,0.30608144776766255,0.0,0.9999000099990001,True
layer2.1.sn2,50,83,0.26050564646720886,0.19065687218755423,2.0799089559816707e-246,0.9999000099990001,True
layer2.1.sn2,50,84,0.3081703186035156,0.2443696736836557,2.5745924658189144e-274,0.9999000099990001,True
layer2.1.sn2,50,85,0.6412941217422485,0.48213273440973275,0.0,0.9999000099990001,True
layer2.1.sn2,50,86,0.5104766488075256,0.36077285603088527,0.0,0.9999000099990001,True
layer2.1.sn2,50,87,0.45706552267074585,0.30482659879520774,0.0,0.9999000099990001,True
layer2.1.sn2,50,88,0.33635276556015015,0.25853692207376366,1.718883069405799e-288,0.9999000099990001,True
layer2.1.sn2,50,89,0.2844565808773041,0.1835773682391655,3.125724777139068e-257,0.9999000099990001,True
layer2.1.sn2,50,90,0.2593348026275635,0.19810114730871195,3.434062100415072e-255,0.9999000099990001,True
layer2.1.sn2,50,91,0.22308781743049622,0.171043739855195,4.843719405685774e-226,0.9999000099990001,True
layer2.1.sn2,50,92,0.39723196625709534,0.2800705973185954,0.0,0.9999000099990001,True
layer2.1.sn2,50,93,0.5779348015785217,0.4190787403453162,0.0,0.9999000099990001,True
layer2.1.sn2,50,94,0.46880367398262024,0.3327759681654492,0.0,0.9999000099990001,True
layer2.1.sn2,50,95,0.35300686955451965,0.2277762776569187,1.6145669811764498e-302,0.9999000099990001,True
layer2.1.sn2,50,96,0.3922341763973236,0.2884032214032533,0.0,0.9999000099990001,True
layer2.1.sn2,50,97,0.2977306842803955,0.21353009607158183,1.602353275185515e-273,0.9999000099990001,True
layer2.1.sn2,50,98,0.5968543887138367,0.430502481924086,0.0,0.9999000099990001,True
layer2.1.sn2,50,99,0.21557511389255524,0.15809663652683217,1.790051023678893e-219,0.9999000099990001,True
layer2.1.sn2,50,100,0.18541617691516876,0.1497590645241805,4.443417538193941e-199,0.9999000099990001,True
layer2.1.sn2,50,101,0.23508061468601227,0.14123833261942215,1.9110632378785583e-235,0.9999000099990001,True
layer2.1.sn2,50,102,0.28333964943885803,0.21122372414732343,1.2331643887342441e-256,0.9999000099990001,True
layer2.1.sn2,50,103,0.46181735396385193,0.34033718927552564,0.0,0.9999000099990001,True
layer2.1.sn2,50,104,0.5722827911376953,0.3773872464588365,0.0,0.9999000099990001,True
layer2.1.sn2,50,105,0.3991316854953766,0.2880795412373922,0.0,0.9999000099990001,True
layer2.1.sn2,50,106,0.18856371939182281,0.14313734065471517,6.024433041455579e-200,0.9999000099990001,True
layer2.1.sn2,50,107,0.34202539920806885,0.24403099785060778,1.2079543650844205e-292,0.9999000099990001,True
layer2.1.sn2,50,108,0.5888830423355103,0.4479252621030645,0.0,0.9999000099990001,True
layer2.1.sn2,50,109,0.24131792783737183,0.17925213278255203,2.632519680258021e-236,0.9999000099990001,True
layer2.1.sn2,50,110,0.3029145896434784,0.22308824976171826,1.4421398682353607e-275,0.9999000099990001,True
layer2.1.sn2,50,111,0.2706058621406555,0.18058190552965023,0.0,0.9999000099990001,True
layer2.1.sn2,50,112,0.2979568541049957,0.22585903774893196,1.3027135204914895e-272,0.9999000099990001,True
layer2.1.sn2,50,113,0.37854671478271484,0.2717961036831792,1.2901048079413205e-306,0.9999000099990001,True
layer2.1.sn2,50,114,0.3104926645755768,0.22436694102884153,9.864414155935848e-275,0.9999000099990001,True
layer2.1.sn2,50,115,0.38035768270492554,0.2797030724011667,0.0,0.9999000099990001,True
layer2.1.sn2,50,116,0.2601666748523712,0.19985705251732183,5.858586328274147e-257,0.9999000099990001,True
layer2.1.sn2,50,117,0.43876248598098755,0.3159237403817398,0.0,0.9999000099990001,True
layer2.1.sn2,50,118,0.3460567593574524,0.24936091534621366,1.1475164091611196e-297,0.9999000099990001,True
layer2.1.sn2,50,119,0.22396953403949738,0.16685912581741535,4.606636569528063e-227,0.9999000099990001,True
layer2.1.sn2,50,120,0.2139320969581604,0.15373486208113646,1.6007272438797606e-219,0.9999000099990001,True
layer2.1.sn2,50,121,0.28832563757896423,0.2047947937794419,1.2366123094257122e-266,0.9999000099990001,True
layer2.1.sn2,50,122,0.2943965494632721,0.20851860125014898,6.959530530358687e-271,0.9999000099990001,True
layer2.1.sn2,50,123,0.1279810070991516,0.09828291443446574,4.75226004844607e-148,0.9999000099990001,True
layer2.1.sn2,50,124,0.14970490336418152,0.11489344069138184,1.4044244889030812e-176,0.9999000099990001,True
layer2.1.sn2,50,125,0.348541796207428,0.22980240303655886,1.7952413605293976e-297,0.9999000099990001,True
layer2.1.sn2,50,126,0.5990575551986694,0.40606166286260464,0.0,0.9999000099990001,True
layer2.1.sn2,50,127,0.3569484353065491,0.25981134395688943,1.1434158786434625e-302,0.9999000099990001,True
layer3.1.sn2,50,0,0.7363976836204529,0.5088827531317899,0.0,0.9999000099990001,True
layer3.1.sn2,50,1,0.4060964286327362,0.3136892966561876,0.0,0.9999000099990001,True
layer3.1.sn2,50,2,0.4453703463077545,0.3832554802163836,0.0,0.9999000099990001,True
layer3.1.sn2,50,3,0.4543503522872925,0.3102353164613243,0.0,0.9999000099990001,True
layer3.1.sn2,50,4,0.37237831950187683,0.3167811545000082,0.0,0.9999000099990001,True
layer3.1.sn2,50,5,0.5514490604400635,0.41959320715187665,0.0,0.9999000099990001,True
layer3.1.sn2,50,6,0.4815419316291809,0.33268233721198137,0.0,0.9999000099990001,True
layer3.1.sn2,50,7,0.6187315583229065,0.49385974032348146,0.0,0.9999000099990001,True
layer3.1.sn2,50,8,0.45808884501457214,0.34983680214751156,0.0,0.9999000099990001,True
layer3.1.sn2,50,9,0.4444287121295929,0.33606843659903785,0.0,0.9999000099990001,True
layer3.1.sn2,50,10,0.5567994713783264,0.38177954020184457,0.0,0.9999000099990001,True
layer3.1.sn2,50,11,0.35473012924194336,0.28529267571213146,2.6767445084647214e-306,0.9999000099990001,True
layer3.1.sn2,50,12,0.6372066140174866,0.44112517284840863,0.0,0.9999000099990001,True
layer3.1.sn2,50,13,0.4908376634120941,0.38155212332511357,0.0,0.9999000099990001,True
layer3.1.sn2,50,14,0.6840402483940125,0.46934669612329133,0.0,0.9999000099990001,True
layer3.1.sn2,50,15,0.6997231841087341,0.48249410184171915,0.0,0.9999000099990001,True
layer3.1.sn2,50,16,0.5640053153038025,0.3862039133106322,0.0,0.9999000099990001,True
layer3.1.sn2,50,17,0.4986267685890198,0.37515965569847065,0.0,0.9999000099990001,True
layer3.1.sn2,50,18,0.4481630325317383,0.3354725427130396,0.0,0.9999000099990001,True
layer3.1.sn2,50,19,0.4139952063560486,0.31028469089634897,0.0,0.9999000099990001,True
layer3.1.sn2,50,20,0.31712669134140015,0.23865713072566153,1.8073186714832778e-288,0.9999000099990001,True
layer3.1.sn2,50,21,0.41684505343437195,0.3237081959442839,0.0,0.9999000099990001,True
layer3.1.sn2,50,22,0.3651149868965149,0.27085766739514194,6.520828572674234e-309,0.9999000099990001,True
layer3.1.sn2,50,23,0.26485106348991394,0.19431954836035673,1.3962136004009844e-258,0.9999000099990001,True
layer3.1.sn2,50,24,0.4666869044303894,0.32448211187989756,0.0,0.9999000099990001,True
layer3.1.sn2,50,25,0.581660807132721,0.402400718802174,0.0,0.9999000099990001,True
layer3.1.sn2,50,26,0.7100358009338379,0.4925995568161282,0.0,0.9999000099990001,True
layer3.1.sn2,50,27,0.23759472370147705,0.23569498697463576,1.2242298542465008e-226,0.9999000099990001,True
layer3.1.sn2,50,28,0.4351192116737366,0.2971983127672926,0.0,0.9999000099990001,True
layer3.1.sn2,50,29,0.31595173478126526,0.21951334978066678,0.0,0.9999000099990001,True
layer3.1.sn2,50,30,0.5913756489753723,0.407418316946608,0.0,0.9999000099990001,True
layer3.1.sn2,50,31,0.5930524468421936,0.4112021696875641,0.0,0.9999000099990001,True
layer3.1.sn2,50,32,0.4218507707118988,0.3154329445731049,0.0,0.9999000099990001,True
layer3.1.sn2,50,33,0.3706821799278259,0.27539380532529756,8.506697064593792e-308,0.9999000099990001,True
layer3.1.sn2,50,34,0.4772297143936157,0.33040916808406706,0.0,0.9999000099990001,True
layer3.1.sn2,50,35,0.4508171081542969,0.3412673975190226,0.0,0.9999000099990001,True
layer3.1.sn2,50,36,0.6464200615882874,0.4510593631438624,0.0,0.9999000099990001,True
layer3.1.sn2,50,37,0.6641890406608582,0.45708138802890463,0.0,0.9999000099990001,True
layer3.1.sn2,50,38,0.7049398422241211,0.4862591374855857,0.0,0.9999000099990001,True
layer3.1.sn2,50,39,0.3998936116695404,0.27716800580157447,0.0,0.9999000099990001,True
layer3.1.sn2,50,40,0.5592235922813416,0.42278832549029505,0.0,0.9999000099990001,True
layer3.1.sn2,50,41,0.6452639102935791,0.44641779693179773,0.0,0.9999000099990001,True
layer3.1.sn2,50,42,0.3838898241519928,0.29220966253834585,0.0,0.9999000099990001,True
layer3.1.sn2,50,43,0.7169881463050842,0.4955477353593627,0.0,0.9999000099990001,True
layer3.1.sn2,50,44,0.292192280292511,0.2304664438653453,5.052102163206268e-279,0.9999000099990001,True
layer3.1.sn2,50,45,0.39874303340911865,0.2757535572508347,0.0,0.9999000099990001,True
layer3.1.sn2,50,46,0.5864300727844238,0.4565944949709473,0.0,0.9999000099990001,True
layer3.1.sn2,50,47,0.4831998646259308,0.3902612787799345,0.0,0.9999000099990001,True
layer3.1.sn2,50,48,0.4359220862388611,0.3636363367072528,0.0,0.9999000099990001,True
layer3.1.sn2,50,49,0.5590556859970093,0.4214493549741515,0.0,0.9999000099990001,True
layer3.1.sn2,50,50,0.33386871218681335,0.26353277804389713,3.120676019108153e-292,0.9999000099990001,True
layer3.1.sn2,50,51,0.7019913196563721,0.48113855049223564,0.0,0.9999000099990001,True
layer3.1.sn2,50,52,0.615973711013794,0.48716319824960197,0.0,0.9999000099990001,True
layer3.1.sn2,50,53,0.5324859023094177,0.36860614141078907,0.0,0.9999000099990001,True
layer3.1.sn2,50,54,0.5703078508377075,0.48217860079887004,0.0,0.9999000099990001,True
layer3.1.sn2,50,55,0.39232033491134644,0.29874462158635645,0.0,0.9999000099990001,True
layer3.1.sn2,50,56,0.5994260907173157,0.4833695222235902,0.0,0.9999000099990001,True
layer3.1.sn2,50,57,0.47364601492881775,0.3671350797278944,0.0,0.9999000099990001,True
layer3.1.sn2,50,58,0.5726383924484253,0.3948520658103315,0.0,0.9999000099990001,True
layer3.1.sn2,50,59,0.41168835759162903,0.30795584757429234,0.0,0.9999000099990001,True
layer3.1.sn2,50,60,0.4675745964050293,0.32214213408713593,0.0,0.9999000099990001,True
layer3.1.sn2,50,61,0.2590703070163727,0.19466863145623062,8.265241162755323e-248,0.9999000099990001,True
layer3.1.sn2,50,62,0.6364387273788452,0.4904697504848712,0.0,0.9999000099990001,True
layer3.1.sn2,50,63,0.6155850887298584,0.4730104396733428,0.0,0.9999000099990001,True
layer3.1.sn2,50,64,0.6162824630737305,0.5073583648450941,0.0,0.9999000099990001,True
layer3.1.sn2,50,65,0.3371545970439911,0.23380411578555516,0.0,0.9999000099990001,True
layer3.1.sn2,50,66,0.5789018273353577,0.4507918736238519,0.0,0.9999000099990001,True
layer3.1.sn2,50,67,0.57341068983078,0.3915434173736051,0.0,0.9999000099990001,True
layer3.1.sn2,50,68,0.3443422019481659,0.27458863582729265,1.2659761786292605e-293,0.9999000099990001,True
layer3.1.sn2,50,69,0.6713512539863586,0.46352236503849975,0.0,0.9999000099990001,True
layer3.1.sn2,50,70,0.4011762738227844,0.3126194613797031,0.0,0.9999000099990001,True
layer3.1.sn2,50,71,0.3204173445701599,0.24409613761927254,1.1443728777115841e-283,0.9999000099990001,True
layer3.1.sn2,50,72,0.4176464378833771,0.29014168085492964,0.0,0.9999000099990001,True
layer3.1.sn2,50,73,0.5238310694694519,0.4507956327220067,0.0,0.9999000099990001,True
layer3.1.sn2,50,74,0.6907586455345154,0.47554230568041944,0.0,0.9999000099990001,True
layer3.1.sn2,50,75,0.36020487546920776,0.2756174532909038,2.621192676602053e-300,0.9999000099990001,True
layer3.1.sn2,50,76,0.42683321237564087,0.35753204386782816,0.0,0.9999000099990001,True
layer3.1.sn2,50,77,0.6431717872619629,0.5154395144552641,0.0,0.9999000099990001,True
layer3.1.sn2,50,78,0.7626653909683228,0.5262478414546365,0.0,0.9999000099990001,True
layer3.1.sn2,50,79,0.4991830289363861,0.3501123768593011,0.0,0.9999000099990001,True
layer3.1.sn2,50,80,0.3474152088165283,0.26127889915890007,2.310282066273612e-301,0.9999000099990001,True
layer3.1.sn2,50,81,0.4531644880771637,0.3091354015834664,0.0,0.9999000099990001,True
layer3.1.sn2,50,82,0.6093702912330627,0.4807450317595771,0.0,0.9999000099990001,True
layer3.1.sn2,50,83,0.4176787734031677,0.28657755314150535,0.0,0.9999000099990001,True
layer3.1.sn2,50,84,0.7232463359832764,0.49524692169337614,0.0,0.9999000099990001,True
layer3.1.sn2,50,85,0.3434000313282013,0.27899761965382514,3.952500734115318e-295,0.9999000099990001,True
layer3.1.sn2,50,86,0.6739944219589233,0.5206090861790769,0.0,0.9999000099990001,True
layer3.1.sn2,50,87,0.4935343265533447,0.34364920484210987,0.0,0.9999000099990001,True
layer3.1.sn2,50,88,0.3566528856754303,0.24484944202419762,0.0,0.9999000099990001,True
layer3.1.sn2,50,89,0.2811383903026581,0.19624077246131516,0.0,0.9999000099990001,True
layer3.1.sn2,50,90,0.38118433952331543,0.27906850235661773,3.28527635247339e-309,0.9999000099990001,True
layer3.1.sn2,50,91,0.29034411907196045,0.2200814748633152,2.209205571807468e-272,0.9999000099990001,True
layer3.1.sn2,50,92,0.554394006729126,0.38493535712789284,0.0,0.9999000099990001,True
layer3.1.sn2,50,93,0.39973071217536926,0.2709126637090741,0.0,0.9999000099990001,True
layer3.1.sn2,50,94,0.786903440952301,0.5424436716060692,0.0,0.9999000099990001,True
layer3.1.sn2,50,95,0.4122096300125122,0.31481959099209134,0.0,0.9999000099990001,True
layer3.1.sn2,50,96,0.3919216990470886,0.29588745786480464,1.091246190612e-311,0.9999000099990001,True
layer3.1.sn2,50,97,0.3848250210285187,0.2821217236748262,0.0,0.9999000099990001,True
layer3.1.sn2,50,98,0.222011998295784,0.17518056734016374,7.477029859219875e-222,0.9999000099990001,True
layer3.1.sn2,50,99,0.25290945172309875,0.20724105578841207,3.309597552165325e-240,0.9999000099990001,True
layer3.1.sn2,50,100,0.5502759218215942,0.38018687855891464,0.0,0.9999000099990001,True
layer3.1.sn2,50,101,0.6139295101165771,0.4866122795034889,0.0,0.9999000099990001,True
layer3.1.sn2,50,102,0.4357227385044098,0.3381993888448551,0.0,0.9999000099990001,True
layer3.1.sn2,50,103,0.4368797242641449,0.32753632021570406,0.0,0.9999000099990001,True
layer3.1.sn2,50,104,0.37069544196128845,0.2732263851474042,2.6990554815377588e-306,0.9999000099990001,True
layer3.1.sn2,50,105,0.5001068711280823,0.34617670907674725,0.0,0.9999000099990001,True
layer3.1.sn2,50,106,0.3646503984928131,0.27959609211430847,4.025417695815719e-308,0.9999000099990001,True
layer3.1.sn2,50,107,0.5884311199188232,0.46790750470121933,0.0,0.9999000099990001,True
layer3.1.sn2,50,108,0.7173014283180237,0.49372878385319824,0.0,0.9999000099990001,True
layer3.1.sn2,50,109,0.4694971740245819,0.3467758123134904,0.0,0.9999000099990001,True
layer3.1.sn2,50,110,0.5144082903862,0.3524776950473918,0.0,0.9999000099990001,True
layer3.1.sn2,50,111,0.4547811448574066,0.3540158149369067,0.0,0.9999000099990001,True
layer3.1.sn2,50,112,0.31604936718940735,0.2404754475119481,1.6464805368244113e-284,0.9999000099990001,True
layer3.1.sn2,50,113,0.5164440274238586,0.4474270897150882,0.0,0.9999000099990001,True
layer3.1.sn2,50,114,0.4125220775604248,0.2855400194746467,0.0,0.9999000099990001,True
layer3.1.sn2,50,115,0.3074745535850525,0.23484352698562772,9.727830445775907e-283,0.9999000099990001,True
layer3.1.sn2,50,116,0.44201236963272095,0.34718335601470257,0.0,0.9999000099990001,True
layer3.1.sn2,50,117,0.5321929454803467,0.425157399895497,0.0,0.9999000099990001,True
layer3.1.sn2,50,118,0.5494993329048157,0.42244918827331535,0.0,0.9999000099990001,True
layer3.1.sn2,50,119,0.44458839297294617,0.3077401888444842,0.0,0.9999000099990001,True
layer3.1.sn2,50,120,0.5225861668586731,0.3597149219060358,0.0,0.9999000099990001,True
layer3.1.sn2,50,121,0.7160314917564392,0.4966656213161322,0.0,0.9999000099990001,True
layer3.1.sn2,50,122,0.32694903016090393,0.24793853425684512,1.6726277886897268e-283,0.9999000099990001,True
layer3.1.sn2,50,123,0.2974020838737488,0.2359566085807981,6.285971832274272e-269,0.9999000099990001,True
layer3.1.sn2,50,124,0.31278565526008606,0.22862049943732932,3.198909501496219e-299,0.9999000099990001,True
layer3.1.sn2,50,125,0.36611390113830566,0.2838700859149892,0.0,0.9999000099990001,True
layer3.1.sn2,50,126,0.4575161039829254,0.31725113487909196,0.0,0.9999000099990001,True
layer3.1.sn2,50,127,0.440987229347229,0.36422463329691246,0.0,0.9999000099990001,True
layer3.1.sn2,50,128,0.6564204692840576,0.5361218178136111,0.0,0.9999000099990001,True
layer3.1.sn2,50,129,0.7292653322219849,0.5038643883806931,0.0,0.9999000099990001,True
layer3.1.sn2,50,130,0.5037480592727661,0.38597074058993,0.0,0.9999000099990001,True
layer3.1.sn2,50,131,0.4338413178920746,0.30113674043465805,0.0,0.9999000099990001,True
layer3.1.sn2,50,132,0.6156948804855347,0.4801033592197926,0.0,0.9999000099990001,True
layer3.1.sn2,50,133,0.32085466384887695,0.24424365408520643,2.760765307966037e-281,0.9999000099990001,True
layer3.1.sn2,50,134,0.5407223701477051,0.37517044006999145,0.0,0.9999000099990001,True
layer3.1.sn2,50,135,0.7227960824966431,0.49996520751434315,0.0,0.9999000099990001,True
layer3.1.sn2,50,136,0.34798553586006165,0.29277798557128776,5.136239344725501e-298,0.9999000099990001,True
layer3.1.sn2,50,137,0.6347509026527405,0.4949661946092725,0.0,0.9999000099990001,True
layer3.1.sn2,50,138,0.39810648560523987,0.3086190192963647,0.0,0.9999000099990001,True
layer3.1.sn2,50,139,0.5829979181289673,0.4617202144114856,0.0,0.9999000099990001,True
layer3.1.sn2,50,140,0.4936794638633728,0.36437749428465105,0.0,0.9999000099990001,True
layer3.1.sn2,50,141,0.48150134086608887,0.33106081213627203,0.0,0.9999000099990001,True
layer3.1.sn2,50,142,0.46369031071662903,0.3516867516998856,0.0,0.9999000099990001,True
layer3.1.sn2,50,143,0.32235580682754517,0.24241825551871238,1.2234779951585422e-289,0.9999000099990001,True
layer3.1.sn2,50,144,0.39724600315093994,0.31925295791647124,0.0,0.9999000099990001,True
layer3.1.sn2,50,145,0.4366089403629303,0.33279307746257586,0.0,0.9999000099990001,True
layer3.1.sn2,50,146,0.43593642115592957,0.3392017573668017,0.0,0.9999000099990001,True
layer3.1.sn2,50,147,0.6825459599494934,0.4716513055804288,0.0,0.9999000099990001,True
layer3.1.sn2,50,148,0.5455782413482666,0.37451284702793214,0.0,0.9999000099990001,True
layer3.1.sn2,50,149,0.4864124059677124,0.37957679267306543,0.0,0.9999000099990001,True
layer3.1.sn2,50,150,0.46455034613609314,0.3218768974993598,0.0,0.9999000099990001,True
layer3.1.sn2,50,151,,0.2351942413245693,,0.9900990099009901,False
layer3.1.sn2,50,152,0.5083845853805542,0.3508020849051338,0.0,0.9999000099990001,True
layer3.1.sn2,50,153,0.3327205777168274,0.27320154683957626,3.636683149606164e-294,0.9999000099990001,True
layer3.1.sn2,50,154,0.620155394077301,0.483158478763806,0.0,0.9999000099990001,True
layer3.1.sn2,50,155,0.2981983721256256,0.22398938549062988,2.3190161878951658e-273,0.9999000099990001,True
layer3.1.sn2,50,156,0.4438017010688782,0.3324381999678384,0.0,0.9999000099990001,True
layer3.1.sn2,50,157,0.5816750526428223,0.46319830464718414,0.0,0.9999000099990001,True
layer3.1.sn2,50,158,0.4420718252658844,0.3731957510254877,0.0,0.9999000099990001,True
layer3.1.sn2,50,159,0.3326478600502014,0.29761417559975933,4.751277663941762e-305,0.9999000099990001,True
layer3.1.sn2,50,160,0.7193238139152527,0.49812899736591165,0.0,0.9999000099990001,True
layer3.1.sn2,50,161,0.5256528258323669,0.40329514053254545,0.0,0.9999000099990001,True
layer3.1.sn2,50,162,0.37330299615859985,0.28238645900001774,0.0,0.9999000099990001,True
layer3.1.sn2,50,163,0.2248522788286209,0.18281705868520035,1.003457766751419e-228,0.9999000099990001,True
layer3.1.sn2,50,164,0.4432041049003601,0.3280017781608544,0.0,0.9999000099990001,True
layer3.1.sn2,50,165,0.43297716975212097,0.3343920332636843,0.0,0.9999000099990001,True
layer3.1.sn2,50,166,0.36362871527671814,0.2828672532139048,6.359358491327315e-308,0.9999000099990001,True
layer3.1.sn2,50,167,0.703222930431366,0.48607850219179677,0.0,0.9999000099990001,True
layer3.1.sn2,50,168,0.4404420256614685,0.3395031952676994,0.0,0.9999000099990001,True
layer3.1.sn2,50,169,0.5939658880233765,0.4085313001551314,0.0,0.9999000099990001,True
layer3.1.sn2,50,170,0.34333962202072144,0.25455363501502604,5.1863203673937335e-295,0.9999000099990001,True
layer3.1.sn2,50,171,0.6042057275772095,0.4917831371879913,0.0,0.9999000099990001,True
layer3.1.sn2,50,172,0.6717780828475952,0.463477559817307,0.0,0.9999000099990001,True
layer3.1.sn2,50,173,0.5923064351081848,0.4088017743992028,0.0,0.9999000099990001,True
layer3.1.sn2,50,174,0.6078412532806396,0.4954671554009139,0.0,0.9999000099990001,True
layer3.1.sn2,50,175,0.7440896034240723,0.5127907477212961,0.0,0.9999000099990001,True
layer3.1.sn2,50,176,0.5027145147323608,0.34665577574537626,0.0,0.9999000099990001,True
layer3.1.sn2,50,177,0.5136764049530029,0.3548720124269104,0.0,0.9999000099990001,True
layer3.1.sn2,50,178,0.35189807415008545,0.2798207535919424,2.933966756167578e-303,0.9999000099990001,True
layer3.1.sn2,50,179,0.4909920394420624,0.3372319710952275,0.0,0.9999000099990001,True
layer3.1.sn2,50,180,0.3748573660850525,0.28482686696712123,0.0,0.9999000099990001,True
layer3.1.sn2,50,181,0.21128061413764954,0.18131208840193447,2.03032919122332e-211,0.9999000099990001,True
layer3.1.sn2,50,182,0.3459508717060089,0.26082351980663354,1.7051421699591085e-297,0.9999000099990001,True
layer3.1.sn2,50,183,0.4922542870044708,0.3712598627891533,0.0,0.9999000099990001,True
layer3.1.sn2,50,184,0.5229440927505493,0.42499256110051586,0.0,0.9999000099990001,True
layer3.1.sn2,50,185,0.6140592694282532,0.477830721025737,0.0,0.9999000099990001,True
layer3.1.sn2,50,186,0.5376969575881958,0.420583282709479,0.0,0.9999000099990001,True
layer3.1.sn2,50,187,0.32513266801834106,0.23412929147976064,1.7898162251896556e-290,0.9999000099990001,True
layer3.1.sn2,50,188,0.36947742104530334,0.2826139348269902,1.4640422090896663e-304,0.9999000099990001,True
layer3.1.sn2,50,189,0.43656137585639954,0.34440944070564755,0.0,0.9999000099990001,True
layer3.1.sn2,50,190,0.46740394830703735,0.3689825510486994,0.0,0.9999000099990001,True
layer3.1.sn2,50,191,0.4389549493789673,0.35596127075979833,0.0,0.9999000099990001,True
layer3.1.sn2,50,192,0.48645052313804626,0.37065216696522585,0.0,0.9999000099990001,True
layer3.1.sn2,50,193,0.5833777785301208,0.45757579876689725,0.0,0.9999000099990001,True
layer3.1.sn2,50,194,0.41350433230400085,0.2826151319647535,0.0,0.9999000099990001,True
layer3.1.sn2,50,195,0.3324023187160492,0.2759888239532121,1.2066770586886969e-298,0.9999000099990001,True
layer3.1.sn2,50,196,0.37549591064453125,0.27503802622678075,0.0,0.9999000099990001,True
layer3.1.sn2,50,197,0.3484346270561218,0.27655489914125064,6.59495771018e-311,0.9999000099990001,True
layer3.1.sn2,50,198,0.40993747115135193,0.31839156133937374,0.0,0.9999000099990001,True
layer3.1.sn2,50,199,0.6670111417770386,0.5260522270086222,0.0,0.9999000099990001,True
layer3.1.sn2,50,200,0.6429859399795532,0.4885135247381197,0.0,0.9999000099990001,True
layer3.1.sn2,50,201,0.3906024098396301,0.310988460589851,0.0,0.9999000099990001,True
layer3.1.sn2,50,202,0.5398314595222473,0.4073797622181032,0.0,0.9999000099990001,True
layer3.1.sn2,50,203,0.45338404178619385,0.34155318498321885,0.0,0.9999000099990001,True
layer3.1.sn2,50,204,0.5116255879402161,0.3490951563553556,0.0,0.9999000099990001,True
layer3.1.sn2,50,205,0.36728131771087646,0.2773580322532787,7.858129167743e-312,0.9999000099990001,True
layer3.1.sn2,50,206,0.34603366255760193,0.25405046705049045,1.8756466128944623e-298,0.9999000099990001,True
layer3.1.sn2,50,207,0.4713456332683563,0.32657525568550316,0.0,0.9999000099990001,True
layer3.1.sn2,50,208,0.3725225031375885,0.25692025826670045,0.0,0.9999000099990001,True
layer3.1.sn2,50,209,0.6059418320655823,0.4891480450852557,0.0,0.9999000099990001,True
layer3.1.sn2,50,210,0.2934948205947876,0.20314159574207025,0.0,0.9999000099990001,True
layer3.1.sn2,50,211,0.37533923983573914,0.2601715946642849,0.0,0.9999000099990001,True
layer3.1.sn2,50,212,0.45449182391166687,0.3396241396113181,0.0,0.9999000099990001,True
layer3.1.sn2,50,213,0.287436842918396,0.2344124112892376,4.934317594971413e-271,0.9999000099990001,True
layer3.1.sn2,50,214,0.4505598545074463,0.3046433355269377,0.0,0.9999000099990001,True
layer3.1.sn2,50,215,0.38092103600502014,0.2612555655409099,0.0,0.9999000099990001,True
layer3.1.sn2,50,216,0.4715039134025574,0.32644028764053,0.0,0.9999000099990001,True
layer3.1.sn2,50,217,0.34241998195648193,0.2608395349778502,1.7264145093439882e-300,0.9999000099990001,True
layer3.1.sn2,50,218,0.394613653421402,0.2708641358919528,0.0,0.9999000099990001,True
layer3.1.sn2,50,219,0.7431158423423767,0.5109839187520766,0.0,0.9999000099990001,True
layer3.1.sn2,50,220,0.3721352815628052,0.2882208716227251,0.0,0.9999000099990001,True
layer3.1.sn2,50,221,0.41632118821144104,0.31091544766904916,0.0,0.9999000099990001,True
layer3.1.sn2,50,222,0.5913525819778442,0.45917267742918044,0.0,0.9999000099990001,True
layer3.1.sn2,50,223,0.31793442368507385,0.2460648411318446,5.474559184314937e-285,0.9999000099990001,True
layer3.1.sn2,50,224,0.4783145785331726,0.3278169701973775,0.0,0.9999000099990001,True
layer3.1.sn2,50,225,0.335595965385437,0.2577409223523608,3.131067037280596e-297,0.9999000099990001,True
layer3.1.sn2,50,226,0.4654461145401001,0.3571826564787308,0.0,0.9999000099990001,True
layer3.1.sn2,50,227,0.3551974892616272,0.2843497525035806,3.0204333748536454e-301,0.9999000099990001,True
layer3.1.sn2,50,228,0.35762685537338257,0.2850038781934924,3.2329880489845157e-304,0.9999000099990001,True
layer3.1.sn2,50,229,0.45064643025398254,0.34000479561068986,0.0,0.9999000099990001,True
layer3.1.sn2,50,230,0.467842161655426,0.3651654924280274,0.0,0.9999000099990001,True
layer3.1.sn2,50,231,0.24032610654830933,0.16379095321745923,0.0,0.9999000099990001,True
layer3.1.sn2,50,232,0.6200814247131348,0.46397574275724085,0.0,0.9999000099990001,True
layer3.1.sn2,50,233,0.20922978222370148,0.16660404044020896,3.904005962271183e-214,0.9999000099990001,True
layer3.1.sn2,50,234,0.742570161819458,0.5143517352271982,0.0,0.9999000099990001,True
layer3.1.sn2,50,235,0.638461709022522,0.48602656121889415,0.0,0.9999000099990001,True
layer3.1.sn2,50,236,0.5988478660583496,0.41077983333670953,0.0,0.9999000099990001,True
layer3.1.sn2,50,237,0.5491900444030762,0.4196106622942098,0.0,0.9999000099990001,True
layer3.1.sn2,50,238,0.45961204171180725,0.3172510249648613,0.0,0.9999000099990001,True
layer3.1.sn2,50,239,0.6255577802658081,0.432547723823807,0.0,0.9999000099990001,True
layer3.1.sn2,50,240,,0.4308663933886946,,0.9900990099009901,False
layer3.1.sn2,50,241,0.6071872115135193,0.4711773463830514,0.0,0.9999000099990001,True
layer3.1.sn2,50,242,0.41703906655311584,0.3191154422843564,0.0,0.9999000099990001,True
layer3.1.sn2,50,243,0.22684559226036072,0.17836955938942262,4.68190782202793e-229,0.9999000099990001,True
layer3.1.sn2,50,244,0.4648469090461731,0.3402397651837201,0.0,0.9999000099990001,True
layer3.1.sn2,50,245,0.3617355227470398,0.24960719684217375,0.0,0.9999000099990001,True
layer3.1.sn2,50,246,0.7274641990661621,0.5026405412180395,0.0,0.9999000099990001,True
layer3.1.sn2,50,247,0.5603260397911072,0.40943978120718433,0.0,0.9999000099990001,True
layer3.1.sn2,50,248,0.6013274788856506,0.41606945836179837,0.0,0.9999000099990001,True
layer3.1.sn2,50,249,0.4234921336174011,0.3349828402789212,0.0,0.9999000099990001,True
layer3.1.sn2,50,250,0.485280841588974,0.3791996978811981,0.0,0.9999000099990001,True
layer3.1.sn2,50,251,0.7331375479698181,0.506561139289392,0.0,0.9999000099990001,True
layer3.1.sn2,50,252,0.3631100356578827,0.24948797230490272,0.0,0.9999000099990001,True
layer3.1.sn2,50,253,0.5011469125747681,0.3502042007597279,0.0,0.9999000099990001,True
layer3.1.sn2,50,254,0.5412002801895142,0.37024248912707447,0.0,0.9999000099990001,True
layer3.1.sn2,50,255,0.7860873341560364,0.5441431018250034,0.0,0.9999000099990001,True
layer4.1.sn2,50,0,0.11972401291131973,0.08298635998025294,3.783814810026944e-267,0.9999000099990001,True
layer4.1.sn2,50,1,0.3003065884113312,0.20815666218569168,0.0,0.9999000099990001,True
layer4.1.sn2,50,2,0.20196844637393951,0.1399938564200232,0.0,0.9999000099990001,True
layer4.1.sn2,50,3,0.08655282855033875,0.05999384769710325,1.1419838992957202e-214,0.9999000099990001,True
layer4.1.sn2,50,4,0.08149281144142151,0.056486514312828355,4.075109890573507e-192,0.9999000099990001,True
layer4.1.sn2,50,5,0.031363990157842636,0.021739861704237626,3.963835105827829e-70,0.9999000099990001,True
layer4.1.sn2,50,6,0.17733874917030334,0.12292185884625595,0.0,0.9999000099990001,True
layer4.1.sn2,50,7,0.005428258795291185,0.0037625823071112683,0.0007265077526995865,0.9989001099890011,False
layer4.1.sn2,50,8,0.31181228160858154,0.21613179441619185,0.0,0.9999000099990001,True
layer4.1.sn2,50,9,0.22322045266628265,0.15472462515421787,0.0,0.9999000099990001,True
layer4.1.sn2,50,10,0.06980659067630768,0.04838624153538535,3.34109159587315e-138,0.9999000099990001,True
layer4.1.sn2,50,11,0.03815390169620514,0.02644626814526073,4.846873164318344e-52,0.9999000099990001,True
layer4.1.sn2,50,12,0.1157110258936882,0.08020476940568172,1.2914931140961047e-201,0.9999000099990001,True
layer4.1.sn2,50,13,0.07595539093017578,0.05264826720732996,3.8167078256029417e-138,0.9999000099990001,True
layer4.1.sn2,50,14,0.02150263637304306,0.01490449171332843,7.96735353186557e-31,0.9999000099990001,True
layer4.1.sn2,50,15,0.143407940864563,0.09940280697532891,2.4561738037510284e-270,0.9999000099990001,True
layer4.1.sn2,50,16,0.2987721264362335,0.20709306013125625,0.0,0.9999000099990001,True
layer4.1.sn2,50,17,0.12050133943557739,0.08352516617007502,2.1019611358720405e-239,0.9999000099990001,True
layer4.1.sn2,50,18,0.02148989401757717,0.014895659950545394,1.663609468533136e-39,0.9999000099990001,True
layer4.1.sn2,50,19,0.03772971034049988,0.026152242282206143,1.8153316487506358e-87,0.9999000099990001,True
layer4.1.sn2,50,20,0.09177768975496292,0.0636154449167681,2.6779044641148243e-229,0.9999000099990001,True
layer4.1.sn2,50,21,0.3310844302177429,0.22949024042367067,0.0,0.9999000099990001,True
layer4.1.sn2,50,22,0.08125659078359604,0.056322776507042836,1.2478962826885166e-160,0.9999000099990001,True
layer4.1.sn2,50,23,0.11564233899116516,0.08015716337868535,9.534212612447886e-282,0.9999000099990001,True
layer4.1.sn2,50,24,0.34378162026405334,0.23829126892159908,0.0,0.9999000099990001,True
layer4.1.sn2,50,25,0.22082026302814484,0.15306094527037373,0.0,0.9999000099990001,True
layer4.1.sn2,50,26,0.35694998502731323,0.24741887333815155,0.0,0.9999000099990001,True
layer4.1.sn2,50,27,0.018673064187169075,0.01294318120818234,3.6437766474465876e-31,0.9999000099990001,True
layer4.1.sn2,50,28,0.0734652653336525,0.05092223932185584,2.9451891719918014e-149,0.9999000099990001,True
layer4.1.sn2,50,29,0.044651661068201065,0.030950173630978628,2.3258315722559885e-112,0.9999000099990001,True
layer4.1.sn2,50,30,0.2370515763759613,0.164311630738936,0.0,0.9999000099990001,True
layer4.1.sn2,50,31,0.19815810024738312,0.13735272565717602,0.0,0.9999000099990001,True
layer4.1.sn2,50,32,0.468720018863678,0.32489196093179884,0.0,0.9999000099990001,True
layer4.1.sn2,50,33,0.4042069911956787,0.2801749281119044,0.0,0.9999000099990001,True
layer4.1.sn2,50,34,0.3826902210712433,0.26526063930010235,0.0,0.9999000099990001,True
layer4.1.sn2,50,35,0.22066134214401245,0.15295078238710777,0.0,0.9999000099990001,True
layer4.1.sn2,50,36,0.06431569904088974,0.044580244467846884,4.9605996726535856e-123,0.9999000099990001,True
layer4.1.sn2,50,37,0.2535048723220825,0.17571619420281187,0.0,0.9999000099990001,True
layer4.1.sn2,50,38,0.03700673207640648,0.025651112792667775,9.540489945758027e-74,0.9999000099990001,True
layer4.1.sn2,50,39,0.01934244856238365,0.01340716376797814,1.865409579184397e-24,0.9999000099990001,True
layer4.1.sn2,50,40,0.10028526186943054,0.06951244682813262,9.348562598739797e-204,0.9999000099990001,True
layer4.1.sn2,50,41,0.3261779546737671,0.226089320677834,0.0,0.9999000099990001,True
layer4.1.sn2,50,42,0.40553563833236694,0.28109587709516365,0.0,0.9999000099990001,True
layer4.1.sn2,50,43,0.14126814901828766,0.09791961732536333,8.538794164784262e-298,0.9999000099990001,True
layer4.1.sn2,50,44,0.23355317115783691,0.16188672100504942,0.0,0.9999000099990001,True
layer4.1.sn2,50,45,0.18723247945308685,0.12977966070393135,0.0,0.9999000099990001,True
layer4.1.sn2,50,46,0.14089195430278778,0.09765886064571713,3.612324285958344e-256,0.9999000099990001,True
layer4.1.sn2,50,47,0.11400442570447922,0.07902184723714763,4.573839583403784e-223,0.9999000099990001,True
layer4.1.sn2,50,48,0.10345260053873062,0.07170788065359791,3.4539485048530903e-245,0.9999000099990001,True
layer4.1.sn2,50,49,0.31535449624061584,0.21858707381350131,0.0,0.9999000099990001,True
layer4.1.sn2,50,50,0.10404378920793533,0.07211765701244907,5.8308984391675045e-242,0.9999000099990001,True
layer4.1.sn2,50,51,0.411488801240921,0.2852223113892718,0.0,0.9999000099990001,True
layer4.1.sn2,50,52,0.3519631624221802,0.24396227103254337,0.0,0.9999000099990001,True
layer4.1.sn2,50,53,0.1094466894865036,0.07586266607240826,3.0883878541511934e-261,0.9999000099990001,True
layer4.1.sn2,50,54,0.10344181954860687,0.07170040576786765,4.945090072774206e-257,0.9999000099990001,True
layer4.1.sn2,50,55,0.061469946056604385,0.04260772035724918,1.627805860896612e-138,0.9999000099990001,True
layer4.1.sn2,50,56,0.17752481997013092,0.12305082794221558,1.5433296490953811e-298,0.9999000099990001,True
layer4.1.sn2,50,57,0.24436816573143005,0.1693831066213686,0.0,0.9999000099990001,True
layer4.1.sn2,50,58,0.29552966356277466,0.2048455481901237,0.0,0.9999000099990001,True
layer4.1.sn2,50,59,0.12210556864738464,0.08463712891925929,9.577777425504248e-249,0.9999000099990001,True
layer4.1.sn2,50,60,0.4288254976272583,0.2972391795611549,0.0,0.9999000099990001,True
layer4.1.sn2,50,61,0.03056958131492138,0.02118921887606618,1.630893536333542e-78,0.9999000099990001,True
layer4.1.sn2,50,62,0.27392762899398804,0.18987216484497582,0.0,0.9999000099990001,True
layer4.1.sn2,50,63,0.4379478096961975,0.30356229129423024,0.0,0.9999000099990001,True
layer4.1.sn2,50,64,0.41808998584747314,0.2897979004688166,0.0,0.9999000099990001,True
layer4.1.sn2,50,65,0.23993201553821564,0.16630820086972892,0.0,0.9999000099990001,True
layer4.1.sn2,50,66,0.26658129692077637,0.18478008328594356,0.0,0.9999000099990001,True
layer4.1.sn2,50,67,0.3187716603279114,0.22095568108316152,0.0,0.9999000099990001,True
layer4.1.sn2,50,68,0.14458732306957245,0.10022029428171118,0.0,0.9999000099990001,True
layer4.1.sn2,50,69,0.26790860295295715,0.1857000954518948,0.0,0.9999000099990001,True
layer4.1.sn2,50,70,0.08383121341466904,0.05810736966285055,2.813434993500004e-167,0.9999000099990001,True
layer4.1.sn2,50,71,0.34495651721954346,0.23910563405423174,0.0,0.9999000099990001,True
layer4.1.sn2,50,72,0.1317841112613678,0.09134578332507334,0.0,0.9999000099990001,True
layer4.1.sn2,50,73,0.18845033645629883,0.13062381871181306,0.0,0.9999000099990001,True
layer4.1.sn2,50,74,0.1345696598291397,0.09327657753586593,3.5008651442084065e-308,0.9999000099990001,True
layer4.1.sn2,50,75,0.33517423272132874,0.23232507300434665,0.0,0.9999000099990001,True
layer4.1.sn2,50,76,0.07416770607233047,0.051409136759386014,1.2358676541373193e-138,0.9999000099990001,True
layer4.1.sn2,50,77,0.04374692961573601,0.03032306149267387,1.0362663085930939e-69,0.9999000099990001,True
layer4.1.sn2,50,78,0.053456101566553116,0.03705294730374049,2.1654753924875209e-106,0.9999000099990001,True
layer4.1.sn2,50,79,0.2476620078086853,0.171666223389467,0.0,0.9999000099990001,True
layer4.1.sn2,50,80,0.04904629662632942,0.03399630200722899,3.491122027722001e-104,0.9999000099990001,True
layer4.1.sn2,50,81,0.1476404219865799,0.10233654148494127,1.0133171167257012e-291,0.9999000099990001,True
layer4.1.sn2,50,82,0.02968098595738411,0.02057329145771108,1.480436696308168e-63,0.9999000099990001,True
layer4.1.sn2,50,83,0.16416016221046448,0.11378715610797353,0.0,0.9999000099990001,True
layer4.1.sn2,50,84,0.2924499809741974,0.20271087472739027,0.0,0.9999000099990001,True
layer4.1.sn2,50,85,0.42323368787765503,0.2933632326050021,0.0,0.9999000099990001,True
layer4.1.sn2,50,86,0.504720151424408,0.34984535742038214,0.0,0.9999000099990001,True
layer4.1.sn2,50,87,0.36412128806114197,0.2523896388874649,0.0,0.9999000099990001,True
layer4.1.sn2,50,88,0.19062556326389313,0.13213156774623108,0.0,0.9999000099990001,True
layer4.1.sn2,50,89,0.026354802772402763,0.018267757075525807,5.251347162685309e-40,0.9999000099990001,True
layer4.1.sn2,50,90,0.23581916093826294,0.16345738812476698,0.0,0.9999000099990001,True
layer4.1.sn2,50,91,0.26537787914276123,0.18394593793338956,0.0,0.9999000099990001,True
layer4.1.sn2,50,92,0.5150253772735596,0.35698840750139077,0.0,0.9999000099990001,True
layer4.1.sn2,50,93,0.2802271246910095,0.1942386430820236,0.0,0.9999000099990001,True
layer4.1.sn2,50,94,0.0673738494515419,0.04669999343642802,1.682584111063518e-119,0.9999000099990001,True
layer4.1.sn2,50,95,0.30577436089515686,0.21194663311273176,0.0,0.9999000099990001,True
layer4.1.sn2,50,96,0.45753446221351624,0.3171387180131102,0.0,0.9999000099990001,True
layer4.1.sn2,50,97,0.3184807002544403,0.22075399897265457,0.0,0.9999000099990001,True
layer4.1.sn2,50,98,0.46781808137893677,0.3242667887995795,0.0,0.9999000099990001,True
layer4.1.sn2,50,99,0.2891148626804352,0.20039915448686324,0.0,0.9999000099990001,True
layer4.1.sn2,50,100,0.08451627939939499,0.05858222321730013,4.957177644802341e-156,0.9999000099990001,True
layer4.1.sn2,50,101,0.30739280581474304,0.2130684653038249,0.0,0.9999000099990001,True
layer4.1.sn2,50,102,0.17642678320407867,0.12228972296632412,1.2392400270445096e-308,0.9999000099990001,True
layer4.1.sn2,50,103,0.27887874841690063,0.19330401877345726,0.0,0.9999000099990001,True
layer4.1.sn2,50,104,0.010541088879108429,0.007306525832738501,9.041484659289052e-20,0.9999000099990001,True
layer4.1.sn2,50,105,0.3399600088596344,0.23564233080398034,0.0,0.9999000099990001,True
layer4.1.sn2,50,106,0.13706684112548828,0.09500749173809782,6.801607465058465e-283,0.9999000099990001,True
layer4.1.sn2,50,107,0.2864084243774414,0.19852318614340364,0.0,0.9999000099990001,True
layer4.1.sn2,50,108,0.26384487748146057,0.182883333758276,0.0,0.9999000099990001,True
layer4.1.sn2,50,109,0.12207217514514923,0.08461398174246713,1.0684088889706942e-304,0.9999000099990001,True
layer4.1.sn2,50,110,0.22666922211647034,0.15711512879615452,0.0,0.9999000099990001,True
layer4.1.sn2,50,111,0.10701074451208115,0.0741741965015346,2.0021202086988114e-201,0.9999000099990001,True
layer4.1.sn2,50,112,0.36017534136772156,0.2496545127018721,0.0,0.9999000099990001,True
layer4.1.sn2,50,113,0.32738927006721497,0.2269289551415845,0.0,0.9999000099990001,True
layer4.1.sn2,50,114,0.4249393939971924,0.2945455341765022,0.0,0.9999000099990001,True
layer4.1.sn2,50,115,0.06544984132051468,0.045366375532932664,2.4333587362911675e-127,0.9999000099990001,True
layer4.1.sn2,50,116,0.15265046060085297,0.10580923143339158,0.0,0.9999000099990001,True
layer4.1.sn2,50,117,0.04420674592256546,0.030641782026669694,3.3060072473584257e-76,0.9999000099990001,True
layer4.1.sn2,50,118,0.20397089421749115,0.1413818488686176,0.0,0.9999000099990001,True
layer4.1.sn2,50,119,0.15370160341262817,0.1065378379044984,0.0,0.9999000099990001,True
layer4.1.sn2,50,120,0.1315222531557083,0.09116428298155715,2.458545564748882e-281,0.9999000099990001,True
layer4.1.sn2,50,121,0.08196821063756943,0.05681603338058761,8.64259405898493e-200,0.9999000099990001,True
layer4.1.sn2,50,122,0.25391530990600586,0.17600067894488847,0.0,0.9999000099990001,True
layer4.1.sn2,50,123,0.1501794308423996,0.104096444204622,4.607835667696525e-274,0.9999000099990001,True
layer4.1.sn2,50,124,0.1046910211443901,0.07256628683669766,1.3651351248197742e-200,0.9999000099990001,True
layer4.1.sn2,50,125,0.37798815965652466,0.26200143420442257,0.0,0.9999000099990001,True
layer4.1.sn2,50,126,0.044959478080272675,0.031163535775764584,4.073510403859713e-89,0.9999000099990001,True
layer4.1.sn2,50,127,0.24720187485218048,0.17134728708113175,0.0,0.9999000099990001,True
layer4.1.sn2,50,128,0.07985880225896835,0.05535390279900268,5.773082789355039e-164,0.9999000099990001,True
layer4.1.sn2,50,129,0.26092565059661865,0.18085987514779478,0.0,0.9999000099990001,True
layer4.1.sn2,50,130,0.01908751390874386,0.01323045601914237,5.609251353636907e-32,0.9999000099990001,True
layer4.1.sn2,50,131,0.4973735213279724,0.3447530439853965,0.0,0.9999000099990001,True
layer4.1.sn2,50,132,0.027805525809526443,0.019273321216476375,5.677607017216715e-53,0.9999000099990001,True
layer4.1.sn2,50,133,0.307282954454422,0.2129923148094468,0.0,0.9999000099990001,True
layer4.1.sn2,50,134,0.2753205895423889,0.19083769268824652,0.0,0.9999000099990001,True
layer4.1.sn2,50,135,0.11996670067310333,0.08315457955665811,4.2307337890674945e-246,0.9999000099990001,True
layer4.1.sn2,50,136,0.34523841738700867,0.23930103671196823,0.0,0.9999000099990001,True
layer4.1.sn2,50,137,0.1110909953713417,0.07700240781330212,3.245727036257774e-241,0.9999000099990001,True
layer4.1.sn2,50,138,0.16341717541217804,0.11327215071722788,0.0,0.9999000099990001,True
layer4.1.sn2,50,139,0.17811650037765503,0.1234609454462148,0.0,0.9999000099990001,True
layer4.1.sn2,50,140,0.05343496426939964,0.03703829536728916,2.8136551099814425e-134,0.9999000099990001,True
layer4.1.sn2,50,141,0.2928228974342346,0.2029693643519262,0.0,0.9999000099990001,True
layer4.1.sn2,50,142,0.037968117743730545,0.02631749497985511,4.674072637404378e-84,0.9999000099990001,True
layer4.1.sn2,50,143,0.14549385011196136,0.10084865008087143,0.0,0.9999000099990001,True
layer4.1.sn2,50,144,0.4219059646129608,0.29244292525197857,0.0,0.9999000099990001,True
layer4.1.sn2,50,145,0.05137110874056816,0.03560773952877541,3.0241206688928517e-100,0.9999000099990001,True
layer4.1.sn2,50,146,0.0593145452439785,0.04111370910481311,1.7106811487458214e-133,0.9999000099990001,True
layer4.1.sn2,50,147,0.09793389588594437,0.06788260203480374,1.349075176229408e-215,0.9999000099990001,True
layer4.1.sn2,50,148,0.1283242255449295,0.08894758004210937,5.782232254093593e-271,0.9999000099990001,True
layer4.1.sn2,50,149,0.1368466019630432,0.09485483477709976,1.0872499032652144e-283,0.9999000099990001,True
layer4.1.sn2,50,150,0.2789859473705292,0.19337832707731148,0.0,0.9999000099990001,True
layer4.1.sn2,50,151,,0.05851537998410498,,0.9900990099009901,False
layer4.1.sn2,50,152,0.2236606925725937,0.15502977493271952,0.0,0.9999000099990001,True
layer4.1.sn2,50,153,0.03336051478981972,0.023123747038670928,1.5199794714252015e-79,0.9999000099990001,True
layer4.1.sn2,50,154,0.11482132226228714,0.07958807717063168,1.1927497559555603e-230,0.9999000099990001,True
layer4.1.sn2,50,155,0.3466978669166565,0.24031265115595424,0.0,0.9999000099990001,True
layer4.1.sn2,50,156,0.1400730460882187,0.09709123389393973,7.061107979009091e-288,0.9999000099990001,True
layer4.1.sn2,50,157,0.07785698026418686,0.05396634631510098,2.2729951286184577e-153,0.9999000099990001,True
layer4.1.sn2,50,158,0.0380394347012043,0.02636692803764511,2.1882675181444424e-70,0.9999000099990001,True
layer4.1.sn2,50,159,0.21331170201301575,0.14785640432035108,0.0,0.9999000099990001,True
layer4.1.sn2,50,160,0.328993558883667,0.22804095135802704,0.0,0.9999000099990001,True
layer4.1.sn2,50,161,0.035466354340314865,0.024583404680158332,3.098332686901653e-57,0.9999000099990001,True
layer4.1.sn2,50,162,0.200132817029953,0.13872150302090205,0.0,0.9999000099990001,True
layer4.1.sn2,50,163,0.29218319058418274,0.20252595775440563,0.0,0.9999000099990001,True
layer4.1.sn2,50,164,0.043094560503959656,0.02987087270558678,1.9021686583326583e-93,0.9999000099990001,True
layer4.1.sn2,50,165,0.3771636188030243,0.2614299029128268,0.0,0.9999000099990001,True
layer4.1.sn2,50,166,0.10270329564809799,0.07118850165968685,1.3565839381963254e-198,0.9999000099990001,True
layer4.1.sn2,50,167,0.1448419839143753,0.10039681439510852,0.0,0.9999000099990001,True
layer4.1.sn2,50,168,0.3064182996749878,0.21239297375896243,0.0,0.9999000099990001,True
layer4.1.sn2,50,169,0.03375031054019928,0.023393933215258123,1.926149998916999e-49,0.9999000099990001,True
layer4.1.sn2,50,170,0.14454884827136993,0.10019362263964846,0.0,0.9999000099990001,True
layer4.1.sn2,50,171,0.22014667093753815,0.1525940407517936,0.0,0.9999000099990001,True
layer4.1.sn2,50,172,0.27338430285453796,0.1894955671635517,0.0,0.9999000099990001,True
layer4.1.sn2,50,173,0.18618668615818024,0.12905477167678808,0.0,0.9999000099990001,True
layer4.1.sn2,50,174,0.40960559248924255,0.2839169651579298,0.0,0.9999000099990001,True
layer4.1.sn2,50,175,0.11786768585443497,0.0816996561933569,3.633084794099669e-204,0.9999000099990001,True
layer4.1.sn2,50,176,0.12149232625961304,0.08421206492067387,2.3415677987062e-310,0.9999000099990001,True
layer4.1.sn2,50,177,0.2006356120109558,0.13907000750793286,0.0,0.9999000099990001,True
layer4.1.sn2,50,178,0.16345509886741638,0.11329844154828275,4.4367732218907966e-304,0.9999000099990001,True
layer4.1.sn2,50,179,0.23709997534751892,0.1643451809271085,0.0,0.9999000099990001,True
layer4.1.sn2,50,180,0.06484384834766388,0.0449463295959139,5.459719264934161e-159,0.9999000099990001,True
layer4.1.sn2,50,181,0.3251037895679474,0.22534477475056014,0.0,0.9999000099990001,True
layer4.1.sn2,50,182,0.13809478282928467,0.09572001281875642,1.9934151782599413e-260,0.9999000099990001,True
layer4.1.sn2,50,183,0.011076375842094421,0.007677558702639337,2.159504685276432e-09,0.9999000099990001,True
layer4.1.sn2,50,184,0.40692341327667236,0.2820578255128792,0.0,0.9999000099990001,True
layer4.1.sn2,50,185,0.07731686532497406,0.05359196665885897,4.71191463318477e-143,0.9999000099990001,True
layer4.1.sn2,50,186,0.23283490538597107,0.16138885752402035,0.0,0.9999000099990001,True
layer4.1.sn2,50,187,0.13346533477306366,0.0925111189414964,1.2103948112630492e-281,0.9999000099990001,True
layer4.1.sn2,50,188,0.11625347286462784,0.08058076716728291,1.113984011534542e-274,0.9999000099990001,True
layer4.1.sn2,50,189,0.20619070529937744,0.14292050265425998,0.0,0.9999000099990001,True
layer4.1.sn2,50,190,0.08340387046337128,0.05781115933326285,1.7194192561590888e-174,0.9999000099990001,True
layer4.1.sn2,50,191,0.17779386043548584,0.1232373129547437,0.0,0.9999000099990001,True
layer4.1.sn2,50,192,0.4244023263454437,0.29417327252813347,0.0,0.9999000099990001,True
layer4.1.sn2,50,193,0.3242340087890625,0.22474188949736837,0.0,0.9999000099990001,True
layer4.1.sn2,50,194,0.015440556220710278,0.010702578095729743,2.4624998886182558e-34,0.9999000099990001,True
layer4.1.sn2,50,195,0.08512379229068756,0.059003315060166865,3.058504176086655e-191,0.9999000099990001,True
layer4.1.sn2,50,196,0.40311866998672485,0.27942057179737945,0.0,0.9999000099990001,True
layer4.1.sn2,50,197,0.05260128155350685,0.0364604296980804,1.5481466738783685e-96,0.9999000099990001,True
layer4.1.sn2,50,198,0.16557316482067108,0.1147665761745057,0.0,0.9999000099990001,True
layer4.1.sn2,50,199,0.08395642042160034,0.05819415639101467,1.3284899992472603e-177,0.9999000099990001,True
layer4.1.sn2,50,200,0.11732219159603119,0.0813215478440933,7.018841382130369e-213,0.9999000099990001,True
layer4.1.sn2,50,201,0.047071006149053574,0.032627136090142804,1.4481673342470506e-77,0.9999000099990001,True
layer4.1.sn2,50,202,0.07379782944917679,0.051152756555437905,5.240161086432145e-190,0.9999000099990001,True
layer4.1.sn2,50,203,0.09204708784818649,0.06380218131239136,2.5522459899211394e-162,0.9999000099990001,True
layer4.1.sn2,50,204,0.26666584610939026,0.184838679923101,0.0,0.9999000099990001,True
layer4.1.sn2,50,205,0.15707775950431824,0.1088780038299084,0.0,0.9999000099990001,True
layer4.1.sn2,50,206,0.03998621553182602,0.027716332716090288,5.349866358331496e-60,0.9999000099990001,True
layer4.1.sn2,50,207,0.3399670124053955,0.23564717838393004,0.0,0.9999000099990001,True
layer4.1.sn2,50,208,0.07444943487644196,0.051604416480257764,5.010982386991093e-160,0.9999000099990001,True
layer4.1.sn2,50,209,0.09534073621034622,0.06608516027777925,2.9109937918780277e-196,0.9999000099990001,True
layer4.1.sn2,50,210,0.1810457855463028,0.12549137689558842,0.0,0.9999000099990001,True
layer4.1.sn2,50,211,0.36919155716896057,0.25590408172438817,0.0,0.9999000099990001,True
layer4.1.sn2,50,212,0.028638621792197227,0.01985077974063386,2.5652877037236465e-32,0.9999000099990001,True
layer4.1.sn2,50,213,0.15013331174850464,0.10406448573680421,0.0,0.9999000099990001,True
layer4.1.sn2,50,214,0.4575803279876709,0.3171705222858082,0.0,0.9999000099990001,True
layer4.1.sn2,50,215,0.045282602310180664,0.03138750855722107,2.783695452811967e-95,0.9999000099990001,True
layer4.1.sn2,50,216,0.4724876582622528,0.3275034853729171,0.0,0.9999000099990001,True
layer4.1.sn2,50,217,0.26699554920196533,0.18506721914018953,0.0,0.9999000099990001,True
layer4.1.sn2,50,218,0.07016080617904663,0.04863176262045785,3.0066306230949355e-156,0.9999000099990001,True
layer4.1.sn2,50,219,0.058285102248191833,0.04040015370979697,3.324248526402658e-119,0.9999000099990001,True
layer4.1.sn2,50,220,0.04517601430416107,0.03131362722226926,5.281728433038198e-58,0.9999000099990001,True
layer4.1.sn2,50,221,0.0688190907239914,0.047701760485438914,3.3432460329656e-137,0.9999000099990001,True
layer4.1.sn2,50,222,0.02997056394815445,0.02077401193123407,7.626972843337731e-47,0.9999000099990001,True
layer4.1.sn2,50,223,0.3394746780395508,0.23530591388390393,0.0,0.9999000099990001,True
layer4.1.sn2,50,224,0.17510464787483215,0.12137329486090319,0.0,0.9999000099990001,True
layer4.1.sn2,50,225,0.2809954881668091,0.19477123056503692,0.0,0.9999000099990001,True
layer4.1.sn2,50,226,0.29781943559646606,0.2064327083965798,0.0,0.9999000099990001,True
layer4.1.sn2,50,227,0.01863577403128147,0.01291733415030439,5.7521895797086735e-18,0.9999000099990001,True
layer4.1.sn2,50,228,0.19767390191555023,0.1370171112252329,0.0,0.9999000099990001,True
layer4.1.sn2,50,229,0.27865028381347656,0.19314566089909624,0.0,0.9999000099990001,True
layer4.1.sn2,50,230,0.047338634729385376,0.032812640387097865,3.3100806788047564e-106,0.9999000099990001,True
layer4.1.sn2,50,231,0.33631840348243713,0.23311815769736688,0.0,0.9999000099990001,True
layer4.1.sn2,50,232,0.07946878671646118,0.05508356613516297,4.336177162288704e-193,0.9999000099990001,True
layer4.1.sn2,50,233,0.2763320505619049,0.19153877755759496,0.0,0.9999000099990001,True
layer4.1.sn2,50,234,0.0717916190624237,0.049762155931291935,1.9064523450535987e-141,0.9999000099990001,True
layer4.1.sn2,50,235,0.19061876833438873,0.13212686078361582,0.0,0.9999000099990001,True
layer4.1.sn2,50,236,0.06347993016242981,0.04400093576678289,8.220895608406009e-122,0.9999000099990001,True
layer4.1.sn2,50,237,0.1572468876838684,0.10899523494965724,0.0,0.9999000099990001,True
layer4.1.sn2,50,238,0.33162835240364075,0.22986726011086214,0.0,0.9999000099990001,True
layer4.1.sn2,50,239,0.2613447904586792,0.1811503968701103,0.0,0.9999000099990001,True
layer4.1.sn2,50,240,,0.07509966551198852,,0.9900990099009901,False
layer4.1.sn2,50,241,0.3229837417602539,0.223875262269115,0.0,0.9999000099990001,True
layer4.1.sn2,50,242,0.26264119148254395,0.1820489970586058,0.0,0.9999000099990001,True
layer4.1.sn2,50,243,0.1729813665151596,0.11990155040507752,0.0,0.9999000099990001,True
layer4.1.sn2,50,244,0.08975224196910858,0.06221151285016367,4.519047620930083e-194,0.9999000099990001,True
layer4.1.sn2,50,245,0.08223989605903625,0.05700435073487668,3.640220862236308e-146,0.9999000099990001,True
layer4.1.sn2,50,246,0.055585820227861404,0.03852915378879486,1.9654903187137993e-99,0.9999000099990001,True
layer4.1.sn2,50,247,0.16572673618793488,0.11487301556424905,6.156029224606478e-307,0.9999000099990001,True
layer4.1.sn2,50,248,0.23222225904464722,0.1609642046248403,0.0,0.9999000099990001,True
layer4.1.sn2,50,249,0.32241547107696533,0.2234813650077459,0.0,0.9999000099990001,True
layer4.1.sn2,50,250,0.22098127007484436,0.15317254857583876,0.0,0.9999000099990001,True
layer4.1.sn2,50,251,0.10224800556898117,0.07087291764815255,4.7852013995328664e-213,0.9999000099990001,True
layer4.1.sn2,50,252,0.14174619317054749,0.09825097350534301,0.0,0.9999000099990001,True
layer4.1.sn2,50,253,0.06062434986233711,0.042021597235693674,2.5482766861398606e-96,0.9999000099990001,True
layer4.1.sn2,50,254,0.14139947295188904,0.09801064133878831,1.4439401852873815e-295,0.9999000099990001,True
layer4.1.sn2,50,255,0.18193605542182922,0.12610846279079047,0.0,0.9999000099990001,True
layer4.1.sn2,50,256,0.45047032833099365,0.31224223940874574,0.0,0.9999000099990001,True
layer4.1.sn2,50,257,0.15705077350139618,0.10885929859496771,0.0,0.9999000099990001,True
layer4.1.sn2,50,258,0.047407910227775574,0.03286066011880112,4.251611486185495e-90,0.9999000099990001,True
layer4.1.sn2,50,259,0.025164412334561348,0.017442641995357198,1.3143038093399327e-48,0.9999000099990001,True
layer4.1.sn2,50,260,0.06133905053138733,0.04251699085862802,6.456593512475182e-117,0.9999000099990001,True
layer4.1.sn2,50,261,0.03353705257177353,0.023246112626339688,1.572850434780744e-66,0.9999000099990001,True
layer4.1.sn2,50,262,0.3120671510696411,0.21630845754336683,0.0,0.9999000099990001,True
layer4.1.sn2,50,263,0.07799000293016434,0.054058552627799794,2.02535515293454e-193,0.9999000099990001,True
layer4.1.sn2,50,264,0.3292914628982544,0.2282474537851438,0.0,0.9999000099990001,True
layer4.1.sn2,50,265,0.4733560383319855,0.3281054129239179,0.0,0.9999000099990001,True
layer4.1.sn2,50,266,0.15550215542316437,0.10778587547563484,0.0,0.9999000099990001,True
layer4.1.sn2,50,267,0.12807399034500122,0.08877412458002287,1.9452199571412903e-275,0.9999000099990001,True
layer4.1.sn2,50,268,0.10382933914661407,0.07196901243155826,7.164807362804136e-214,0.9999000099990001,True
layer4.1.sn2,50,269,0.4545946717262268,0.3151010130275885,0.0,0.9999000099990001,True
layer4.1.sn2,50,270,0.09060876816511154,0.06280521229416013,1.61627150007053e-203,0.9999000099990001,True
layer4.1.sn2,50,271,0.16620594263076782,0.11520517975835591,0.0,0.9999000099990001,True
layer4.1.sn2,50,272,0.06305994838476181,0.04370982712848685,4.097427724817121e-139,0.9999000099990001,True
layer4.1.sn2,50,273,0.23661498725414276,0.1640090153608903,0.0,0.9999000099990001,True
layer4.1.sn2,50,274,0.3217853009700775,0.22304458265075439,0.0,0.9999000099990001,True
layer4.1.sn2,50,275,0.3391875922679901,0.23510691393127828,0.0,0.9999000099990001,True
layer4.1.sn2,50,276,0.0342746265232563,0.023757360058221058,6.538299016327711e-45,0.9999000099990001,True
layer4.1.sn2,50,277,0.5007694959640503,0.34710697655244904,0.0,0.9999000099990001,True
layer4.1.sn2,50,278,0.1839478313922882,0.12750291620245058,0.0,0.9999000099990001,True
layer4.1.sn2,50,279,0.1690382957458496,0.11716841879465045,0.0,0.9999000099990001,True
layer4.1.sn2,50,280,0.353568971157074,0.24507532968244752,0.0,0.9999000099990001,True
layer4.1.sn2,50,281,0.29500651359558105,0.20448292674106844,0.0,0.9999000099990001,True
layer4.1.sn2,50,282,0.23628850281238556,0.16378270668564132,0.0,0.9999000099990001,True
layer4.1.sn2,50,283,0.08905916661024094,0.06173111224031192,8.513857582544094e-192,0.9999000099990001,True
layer4.1.sn2,50,284,0.32938483357429504,0.22831215996920157,0.0,0.9999000099990001,True
layer4.1.sn2,50,285,0.09108825773000717,0.06313756702557248,7.557777211001346e-216,0.9999000099990001,True
layer4.1.sn2,50,286,0.08345694094896317,0.05784794316877874,4.270952796862294e-168,0.9999000099990001,True
layer4.1.sn2,50,287,0.36350250244140625,0.25196073443547834,0.0,0.9999000099990001,True
layer4.1.sn2,50,288,0.39747732877731323,0.27551029702264734,0.0,0.9999000099990001,True
layer4.1.sn2,50,289,0.22000673413276672,0.1524970518604672,0.0,0.9999000099990001,True
layer4.1.sn2,50,290,0.1908489167690277,0.13228639295688044,0.0,0.9999000099990001,True
layer4.1.sn2,50,291,0.32246097922325134,0.22351292376612014,0.0,0.9999000099990001,True
layer4.1.sn2,50,292,0.27501314878463745,0.19062459784623734,0.0,0.9999000099990001,True
layer4.1.sn2,50,293,0.05840141698718071,0.04048077855441232,3.11128016631472e-110,0.9999000099990001,True
layer4.1.sn2,50,294,0.2793007791042328,0.19359654498908213,0.0,0.9999000099990001,True
layer4.1.sn2,50,295,0.3337322473526001,0.23132557153625327,0.0,0.9999000099990001,True
layer4.1.sn2,50,296,0.2093498259782791,0.14511023688217392,0.0,0.9999000099990001,True
layer4.1.sn2,50,297,0.3637069761753082,0.25210245679018506,0.0,0.9999000099990001,True
layer4.1.sn2,50,298,0.19207289814949036,0.1331347903749101,0.0,0.9999000099990001,True
layer4.1.sn2,50,299,0.20457959175109863,0.1418037653619331,0.0,0.9999000099990001,True
layer4.1.sn2,50,300,0.3345089554786682,0.231863944428273,0.0,0.9999000099990001,True
layer4.1.sn2,50,301,0.030407944694161415,0.021077180883607594,3.9109442509725685e-42,0.9999000099990001,True
layer4.1.sn2,50,302,0.066475510597229,0.046077312625785974,1.2200416313957837e-153,0.9999000099990001,True
layer4.1.sn2,50,303,0.4420231282711029,0.30638708755240546,0.0,0.9999000099990001,True
layer4.1.sn2,50,304,0.06892397999763489,0.047774460422805635,1.0411916072698174e-174,0.9999000099990001,True
layer4.1.sn2,50,305,0.33464494347572327,0.2319581904565692,0.0,0.9999000099990001,True
layer4.1.sn2,50,306,0.16895504295825958,0.11711071395425426,0.0,0.9999000099990001,True
layer4.1.sn2,50,307,0.07495792210102081,0.051956872491435685,2.5991334351545385e-202,0.9999000099990001,True
layer4.1.sn2,50,308,0.13454347848892212,0.0932584372979034,1.5201522296569242e-301,0.9999000099990001,True
layer4.1.sn2,50,309,0.19043855369091034,0.13200194329490264,0.0,0.9999000099990001,True
layer4.1.sn2,50,310,0.11984332650899887,0.0830690646289125,1.617061274965337e-250,0.9999000099990001,True
layer4.1.sn2,50,311,0.014947132207453251,0.010360562275835523,4.665041609381309e-28,0.9999000099990001,True
layer4.1.sn2,50,312,0.0455414354801178,0.03156691801514822,7.445844219953851e-118,0.9999000099990001,True
layer4.1.sn2,50,313,0.0180031917989254,0.012478861139273302,5.985471214967912e-31,0.9999000099990001,True
layer4.1.sn2,50,314,0.03206491470336914,0.022225705303260485,1.618171149514227e-47,0.9999000099990001,True
layer4.1.sn2,50,315,0.06470789015293121,0.0448520920560628,1.404531925356226e-100,0.9999000099990001,True
layer4.1.sn2,50,316,0.4015948474407196,0.2783643431024303,0.0,0.9999000099990001,True
layer4.1.sn2,50,317,0.028243569657206535,0.01957695052193953,6.093264733356142e-60,0.9999000099990001,True
layer4.1.sn2,50,318,,0.11555039113874865,,0.9900990099009901,False
layer4.1.sn2,50,319,0.18080663681030273,0.12532561404979436,0.0,0.9999000099990001,True
layer4.1.sn2,50,320,0.15106311440467834,0.10470896726282916,0.0,0.9999000099990001,True
layer4.1.sn2,50,321,0.21577496826648712,0.1495638146673049,0.0,0.9999000099990001,True
layer4.1.sn2,50,322,0.28812235593795776,0.19971120893791175,0.0,0.9999000099990001,True
layer4.1.sn2,50,323,0.11782312393188477,0.08166876375379437,2.293949833990876e-231,0.9999000099990001,True
layer4.1.sn2,50,324,0.08479777723550797,0.05877734019474427,4.210876131361351e-185,0.9999000099990001,True
layer4.1.sn2,50,325,0.1968046873807907,0.1364146118076478,0.0,0.9999000099990001,True
layer4.1.sn2,50,326,0.45433178544044495,0.31491880448034004,0.0,0.9999000099990001,True
layer4.1.sn2,50,327,0.009855262003839016,0.006831147143316057,1.6474218226341913e-21,0.9999000099990001,True
layer4.1.sn2,50,328,0.02966456674039364,0.02056191073168678,5.968381746329381e-56,0.9999000099990001,True
layer4.1.sn2,50,329,0.1710939258337021,0.11859327662089394,0.0,0.9999000099990001,True
layer4.1.sn2,50,330,0.11625746637582779,0.0805835364979288,3.28885261624836e-253,0.9999000099990001,True
layer4.1.sn2,50,331,0.1473226398229599,0.102116273294999,0.0,0.9999000099990001,True
layer4.1.sn2,50,332,0.3032039403915405,0.2101649627854082,0.0,0.9999000099990001,True
layer4.1.sn2,50,333,0.17043884098529816,0.11813920079300255,0.0,0.9999000099990001,True
layer4.1.sn2,50,334,0.4588860273361206,0.3180755607761834,0.0,0.9999000099990001,True
layer4.1.sn2,50,335,0.40280595421791077,0.27920381919359194,0.0,0.9999000099990001,True
layer4.1.sn2,50,336,0.19684705138206482,0.13644398136492464,0.0,0.9999000099990001,True
layer4.1.sn2,50,337,0.3054081201553345,0.21169276809096702,0.0,0.9999000099990001,True
layer4.1.sn2,50,338,0.05133643373847008,0.03558370361494647,1.3181027924662749e-98,0.9999000099990001,True
layer4.1.sn2,50,339,0.09152479469776154,0.06344015123141729,1.2686611699814513e-167,0.9999000099990001,True
layer4.1.sn2,50,340,0.1109229251742363,0.07688591382351614,2.5425906619480654e-253,0.9999000099990001,True
layer4.1.sn2,50,341,0.1993960738182068,0.1382108237919526,0.0,0.9999000099990001,True
layer4.1.sn2,50,342,0.21415339410305023,0.14843981699073425,0.0,0.9999000099990001,True
layer4.1.sn2,50,343,0.015740254893898964,0.010910313484393393,1.0901800556160556e-25,0.9999000099990001,True
layer4.1.sn2,50,344,0.2604634761810303,0.18053952262133127,0.0,0.9999000099990001,True
layer4.1.sn2,50,345,0.12242583930492401,0.08485912343797865,2.25975539696001e-282,0.9999000099990001,True
layer4.1.sn2,50,346,0.18873105943202972,0.13081839865112838,0.0,0.9999000099990001,True
layer4.1.sn2,50,347,0.07801277935504913,0.0540743387817093,2.1323732352242313e-167,0.9999000099990001,True
layer4.1.sn2,50,348,0.31846538186073303,0.22074339173729898,0.0,0.9999000099990001,True
layer4.1.sn2,50,349,0.20095191895961761,0.13928925192857572,0.0,0.9999000099990001,True
layer4.1.sn2,50,350,0.042393188923597336,0.029384719106159585,6.6489396216530565e-87,0.9999000099990001,True
layer4.1.sn2,50,351,0.1406651735305786,0.09750166499137941,1.3850453689296296e-292,0.9999000099990001,True
layer4.1.sn2,50,352,0.14086361229419708,0.09763922016670755,0.0,0.9999000099990001,True
layer4.1.sn2,50,353,0.2010461539030075,0.13935457383674912,0.0,0.9999000099990001,True
layer4.1.sn2,50,354,0.23890075087547302,0.1655933812305999,0.0,0.9999000099990001,True
layer4.1.sn2,50,355,0.2875416874885559,0.1993087174212308,0.0,0.9999000099990001,True
layer4.1.sn2,50,356,0.27744680643081665,0.19231147295163206,0.0,0.9999000099990001,True
layer4.1.sn2,50,357,0.1814635992050171,0.12578098402383223,0.0,0.9999000099990001,True
layer4.1.sn2,50,358,0.16683858633041382,0.11564369555314853,9.3182576627366e-311,0.9999000099990001,True
layer4.1.sn2,50,359,0.1523519903421402,0.10560235044388085,0.0,0.9999000099990001,True
layer4.1.sn2,50,360,0.26775383949279785,0.18559281543031575,0.0,0.9999000099990001,True
layer4.1.sn2,50,361,0.36550018191337585,0.25334542227210377,0.0,0.9999000099990001,True
layer4.1.sn2,50,362,0.33575984835624695,0.232730989397936,0.0,0.9999000099990001,True
layer4.1.sn2,50,363,0.1603703796863556,0.11116028071944972,3.0828442912132145e-286,0.9999000099990001,True
layer4.1.sn2,50,364,0.2255619317293167,0.15634761719051765,0.0,0.9999000099990001,True
layer4.1.sn2,50,365,0.22524145245552063,0.1561254799467901,0.0,0.9999000099990001,True
layer4.1.sn2,50,366,0.0360344760119915,0.024977195623568385,2.4415660556974735e-74,0.9999000099990001,True
layer4.1.sn2,50,367,0.039848197251558304,0.02762066608963551,1.1001533088339501e-76,0.9999000099990001,True
layer4.1.sn2,50,368,0.012444869615137577,0.008626126203003457,1.7717783850764545e-19,0.9999000099990001,True
layer4.1.sn2,50,369,0.23421187698841095,0.16234330371023484,0.0,0.9999000099990001,True
layer4.1.sn2,50,370,0.32576659321784973,0.22580418762655008,0.0,0.9999000099990001,True
layer4.1.sn2,50,371,0.025025853887200356,0.017346599824865586,6.345227588215847e-35,0.9999000099990001,True
layer4.1.sn2,50,372,0.2531270682811737,0.17545430388661754,0.0,0.9999000099990001,True
layer4.1.sn2,50,373,0.058359477669000626,0.040451707526932744,1.9952757214882317e-95,0.9999000099990001,True
layer4.1.sn2,50,374,0.10738265514373779,0.07443198494954766,5.674555921342147e-253,0.9999000099990001,True
layer4.1.sn2,50,375,0.059370916336774826,0.04115278348006095,2.2415456495136105e-122,0.9999000099990001,True
layer4.1.sn2,50,376,0.39894333481788635,0.27652645701494827,0.0,0.9999000099990001,True
layer4.1.sn2,50,377,0.27233365178108215,0.1887672936592602,0.0,0.9999000099990001,True
layer4.1.sn2,50,378,0.05243171006441116,0.036342891321683425,4.30363633243081e-84,0.9999000099990001,True
layer4.1.sn2,50,379,0.055881235748529434,0.038733920619980176,1.4145197245551802e-104,0.9999000099990001,True
layer4.1.sn2,50,380,0.2275213897228241,0.1577058132057094,0.0,0.9999000099990001,True
layer4.1.sn2,50,381,0.16059546172618866,0.11131629399485064,0.0,0.9999000099990001,True
layer4.1.sn2,50,382,0.1065945103764534,0.0738856834057491,1.4447512110636796e-241,0.9999000099990001,True
layer4.1.sn2,50,383,0.038309354335069656,0.02655402154631889,2.1736275299616918e-61,0.9999000099990001,True
layer4.1.sn2,50,384,0.5270901918411255,0.3653510973502815,0.0,0.9999000099990001,True
layer4.1.sn2,50,385,0.19088588654994965,0.13231201278449112,0.0,0.9999000099990001,True
layer4.1.sn2,50,386,0.009212651289999485,0.0063857233898421155,4.839479453633655e-16,0.9999000099990001,True
layer4.1.sn2,50,387,0.1273929476737976,0.08830206685946554,2.650645515862855e-261,0.9999000099990001,True
layer4.1.sn2,50,388,0.4324670732021332,0.29976333386226595,0.0,0.9999000099990001,True
layer4.1.sn2,50,389,0.2521737515926361,0.17479353447780854,0.0,0.9999000099990001,True
layer4.1.sn2,50,390,0.09383811801671982,0.06504362443426429,1.1523811113301161e-198,0.9999000099990001,True
layer4.1.sn2,50,391,0.04072612524032593,0.028229199712269597,2.572675842743101e-85,0.9999000099990001,True
layer4.1.sn2,50,392,0.10726138949394226,0.07434793055694641,7.291179520141854e-219,0.9999000099990001,True
layer4.1.sn2,50,393,0.2509004473686218,0.1739109291769801,0.0,0.9999000099990001,True
layer4.1.sn2,50,394,0.32205137610435486,0.2232289960240705,0.0,0.9999000099990001,True
layer4.1.sn2,50,395,0.045724425464868546,0.031693756826096875,1.807220802823433e-92,0.9999000099990001,True
layer4.1.sn2,50,396,0.0347648449242115,0.02409715538338324,2.910038627069329e-67,0.9999000099990001,True
layer4.1.sn2,50,397,0.028660332784056664,0.01986582836200512,8.83292022057571e-47,0.9999000099990001,True
layer4.1.sn2,50,398,0.1597997099161148,0.11076471353844937,0.0,0.9999000099990001,True
layer4.1.sn2,50,399,0.10133849829435349,0.07024249373204991,1.0188708562531639e-257,0.9999000099990001,True
layer4.1.sn2,50,400,,0.1636970120925279,,0.9900990099009901,False
layer4.1.sn2,50,401,0.4424239993095398,0.3066649445905124,0.0,0.9999000099990001,True
layer4.1.sn2,50,402,0.23624469339847565,0.16375234503792302,0.0,0.9999000099990001,True
layer4.1.sn2,50,403,0.3003167510032654,0.20816371215484233,0.0,0.9999000099990001,True
layer4.1.sn2,50,404,0.22974249720573425,0.15924536432041406,0.0,0.9999000099990001,True
layer4.1.sn2,50,405,0.3307635486125946,0.2292678168514052,0.0,0.9999000099990001,True
layer4.1.sn2,50,406,0.042365748435258865,0.029365699169011723,1.888791855779627e-74,0.9999000099990001,True
layer4.1.sn2,50,407,0.4887646734714508,0.3387858478435831,0.0,0.9999000099990001,True
layer4.1.sn2,50,408,0.2559874951839447,0.17743701553575422,0.0,0.9999000099990001,True
layer4.1.sn2,50,409,0.2585400938987732,0.17920634737300858,0.0,0.9999000099990001,True
layer4.1.sn2,50,410,0.4050799310207367,0.28078001057863733,0.0,0.9999000099990001,True
layer4.1.sn2,50,411,0.4345667362213135,0.3012187049159095,0.0,0.9999000099990001,True
layer4.1.sn2,50,412,0.06719682365655899,0.046577289711750826,9.1965062733096e-124,0.9999000099990001,True
layer4.1.sn2,50,413,0.2685403823852539,0.18613800916190792,0.0,0.9999000099990001,True
layer4.1.sn2,50,414,0.131754070520401,0.09132496466478053,0.0,0.9999000099990001,True
layer4.1.sn2,50,415,0.1327754259109497,0.09203290886117392,2.021269884969342e-296,0.9999000099990001,True
layer4.1.sn2,50,416,0.4654397964477539,0.32261828935852177,0.0,0.9999000099990001,True
layer4.1.sn2,50,417,0.07176447659730911,0.049743344451905175,2.1872975590627633e-131,0.9999000099990001,True
layer4.1.sn2,50,418,0.15563972294330597,0.1078812313306244,0.0,0.9999000099990001,True
layer4.1.sn2,50,419,0.26633307337760925,0.1846080244163673,0.0,0.9999000099990001,True
layer4.1.sn2,50,420,0.17270001769065857,0.11970653073669561,0.0,0.9999000099990001,True
layer4.1.sn2,50,421,0.09834945201873779,0.06817064550216886,7.604723869117219e-187,0.9999000099990001,True
layer4.1.sn2,50,422,0.41351351141929626,0.2866257331919281,0.0,0.9999000099990001,True
layer4.1.sn2,50,423,0.09988092631101608,0.06923218000519436,1.2347409724671304e-209,0.9999000099990001,True
layer4.1.sn2,50,424,0.2811102569103241,0.194850788293298,0.0,0.9999000099990001,True
layer4.1.sn2,50,425,0.17795705795288086,0.12335043716472865,0.0,0.9999000099990001,True
layer4.1.sn2,50,426,0.12377116084098816,0.08579162908432604,1.0358482259748172e-234,0.9999000099990001,True
layer4.1.sn2,50,427,0.31032493710517883,0.21510085904726933,0.0,0.9999000099990001,True
layer4.1.sn2,50,428,0.1730901151895523,0.11997692884438982,0.0,0.9999000099990001,True
layer4.1.sn2,50,429,0.03277283534407616,0.022716398141835455,2.582111015508658e-45,0.9999000099990001,True
layer4.1.sn2,50,430,0.22446848452091217,0.15558969704825779,0.0,0.9999000099990001,True
layer4.1.sn2,50,431,0.041595302522182465,0.028831667649482636,6.009533131455445e-93,0.9999000099990001,True
layer4.1.sn2,50,432,0.10446088761091232,0.07240677106743065,1.773330841684813e-180,0.9999000099990001,True
layer4.1.sn2,50,433,0.4270775020122528,0.29602756303374034,0.0,0.9999000099990001,True
layer4.1.sn2,50,434,0.22705233097076416,0.1573806862894665,0.0,0.9999000099990001,True
layer4.1.sn2,50,435,0.0548882856965065,0.03804566010256442,3.1549576396829312e-114,0.9999000099990001,True
layer4.1.sn2,50,436,0.13025546073913574,0.0902862100364275,2.7650514290067977e-274,0.9999000099990001,True
layer4.1.sn2,50,437,0.16530784964561462,0.11458266829682812,0.0,0.9999000099990001,True
layer4.1.sn2,50,438,0.05394979193806648,0.03739514619014748,7.298310715774298e-130,0.9999000099990001,True
layer4.1.sn2,50,439,0.10469690710306168,0.0725703636375764,1.882100374214585e-249,0.9999000099990001,True
layer4.1.sn2,50,440,0.09976698458194733,0.0691532034037213,5.772868153394807e-206,0.9999000099990001,True
layer4.1.sn2,50,441,0.2067454308271408,0.14330501465111428,0.0,0.9999000099990001,True
layer4.1.sn2,50,442,0.27095291018486023,0.18781023825329957,0.0,0.9999000099990001,True
layer4.1.sn2,50,443,0.05135009437799454,0.0355931738465451,1.4029835474708312e-119,0.9999000099990001,True
layer4.1.sn2,50,444,0.3705762028694153,0.25686385390184807,0.0,0.9999000099990001,True
layer4.1.sn2,50,445,,0.022658511596153494,,0.9900990099009901,False
layer4.1.sn2,50,446,0.09591954946517944,0.0664863629049619,3.7382442546807234e-241,0.9999000099990001,True
layer4.1.sn2,50,447,0.2596510648727417,0.1799764010351721,0.0,0.9999000099990001,True
layer4.1.sn2,50,448,0.04328801482915878,0.030004966154682827,1.8352968368123815e-84,0.9999000099990001,True
layer4.1.sn2,50,449,0.40129315853118896,0.278155216697995,0.0,0.9999000099990001,True
layer4.1.sn2,50,450,0.1086152195930481,0.07528633316097993,3.0372223670690044e-198,0.9999000099990001,True
layer4.1.sn2,50,451,0.04886413738131523,0.033870037991232345,1.6961971561582702e-89,0.9999000099990001,True
layer4.1.sn2,50,452,0.22369715571403503,0.15505505432812866,0.0,0.9999000099990001,True
layer4.1.sn2,50,453,0.3218309283256531,0.22307620096947425,0.0,0.9999000099990001,True
layer4.1.sn2,50,454,0.05670829489827156,0.03930719597725196,1.0572567310017667e-116,0.9999000099990001,True
layer4.1.sn2,50,455,0.20939700305461884,0.14514294327239252,0.0,0.9999000099990001,True
layer4.1.sn2,50,456,0.09864815324544907,0.06837768853264904,3.4992483706730635e-191,0.9999000099990001,True
layer4.1.sn2,50,457,0.48488757014274597,0.33609844918254184,0.0,0.9999000099990001,True
layer4.1.sn2,50,458,0.4335777163505554,0.3005331781624964,0.0,0.9999000099990001,True
layer4.1.sn2,50,459,0.2504720091819763,0.17361397440350815,0.0,0.9999000099990001,True
layer4.1.sn2,50,460,0.37337130308151245,0.2588012719229666,0.0,0.9999000099990001,True
layer4.1.sn2,50,461,0.15627992153167725,0.10832498232362259,0.0,0.9999000099990001,True
layer4.1.sn2,50,462,0.1280459612607956,0.08875469232262831,2.360424610875766e-236,0.9999000099990001,True
layer4.1.sn2,50,463,0.2285805344581604,0.15843995134497238,0.0,0.9999000099990001,True
layer4.1.sn2,50,464,0.2066275030374527,0.14322327087870146,0.0,0.9999000099990001,True
layer4.1.sn2,50,465,0.17416758835315704,0.1207237719132701,0.0,0.9999000099990001,True
layer4.1.sn2,50,466,0.06016043201088905,0.04170003344134875,1.5720946441103524e-143,0.9999000099990001,True
layer4.1.sn2,50,467,0.03836727514863014,0.026594168800047842,1.684574568172524e-62,0.9999000099990001,True
layer4.1.sn2,50,468,0.2967880368232727,0.20571778313638583,0.0,0.9999000099990001,True
layer4.1.sn2,50,469,0.20010749995708466,0.1387039471892713,0.0,0.9999000099990001,True
layer4.1.sn2,50,470,0.06276218593120575,0.04350343249496122,6.829580611678617e-114,0.9999000099990001,True
layer4.1.sn2,50,471,0.197690948843956,0.13702892584920526,0.0,0.9999000099990001,True
layer4.1.sn2,50,472,0.1265259087085724,0.08770108072744262,2.3186237400919388e-257,0.9999000099990001,True
layer4.1.sn2,50,473,0.34187668561935425,0.23697085266309256,0.0,0.9999000099990001,True
layer4.1.sn2,50,474,0.1851731240749359,0.12835223122355405,0.0,0.9999000099990001,True
layer4.1.sn2,50,475,0.03952478617429733,0.027396493912983568,1.8164910701476693e-81,0.9999000099990001,True
layer4.1.sn2,50,476,0.07687855511903763,0.05328815425154305,2.355470591904812e-165,0.9999000099990001,True
layer4.1.sn2,50,477,0.14413204789161682,0.09990472445955947,1.8087417372713925e-305,0.9999000099990001,True
layer4.1.sn2,50,478,0.2852444052696228,0.19771634687621206,0.0,0.9999000099990001,True
layer4.1.sn2,50,479,0.2679767906665802,0.1857473653934717,0.0,0.9999000099990001,True
layer4.1.sn2,50,480,0.4200061559677124,0.2911260733763018,0.0,0.9999000099990001,True
layer4.1.sn2,50,481,0.44522735476493835,0.30860808952007496,0.0,0.9999000099990001,True
layer4.1.sn2,50,482,0.39053502678871155,0.2706982451014031,0.0,0.9999000099990001,True
layer4.1.sn2,50,483,0.2604202926158905,0.18050958755719482,0.0,0.9999000099990001,True
layer4.1.sn2,50,484,0.0490749329328537,0.034016151707278154,1.4035079064928113e-107,0.9999000099990001,True
layer4.1.sn2,50,485,0.15578433871269226,0.10798147330482749,2.0970876285798164e-299,0.9999000099990001,True
layer4.1.sn2,50,486,0.19356919825077057,0.13417194749915798,0.0,0.9999000099990001,True
layer4.1.sn2,50,487,0.07655159384012222,0.053061520137432434,4.784394112379126e-151,0.9999000099990001,True
layer4.1.sn2,50,488,0.39707574248313904,0.2752319365108227,0.0,0.9999000099990001,True
layer4.1.sn2,50,489,0.28728199005126953,0.19912869943051623,0.0,0.9999000099990001,True
layer4.1.sn2,50,490,0.36323079466819763,0.2517723961687792,0.0,0.9999000099990001,True
layer4.1.sn2,50,491,0.14562557637691498,0.10093995511773782,3.930218460132265e-298,0.9999000099990001,True
layer4.1.sn2,50,492,0.40585529804229736,0.2813174477567526,0.0,0.9999000099990001,True
layer4.1.sn2,50,493,0.1296025663614273,0.08983365857459935,4.69861827848204e-257,0.9999000099990001,True
layer4.1.sn2,50,494,0.15711873769760132,0.10890640568913565,0.0,0.9999000099990001,True
layer4.1.sn2,50,495,0.03110484778881073,0.021560238028159682,1.6709065414288355e-45,0.9999000099990001,True
layer4.1.sn2,50,496,0.33534079790115356,0.23244053790893948,0.0,0.9999000099990001,True
layer4.1.sn2,50,497,0.08757086843252182,0.06069950052867032,6.2234108278456234e-195,0.9999000099990001,True
layer4.1.sn2,50,498,0.0976438969373703,0.06768159029673798,2.1562861168168178e-209,0.9999000099990001,True
layer4.1.sn2,50,499,0.10471264272928238,0.07258127097745762,4.332444517750242e-206,0.9999000099990001,True
layer4.1.sn2,50,500,0.06160895526409149,0.0427040746317139,1.2891602207070236e-142,0.9999000099990001,True
layer4.1.sn2,50,501,0.5666496753692627,0.3927716160637451,0.0,0.9999000099990001,True
layer4.1.sn2,50,502,0.01905650645494461,0.013208963780352212,9.739330306909919e-32,0.9999000099990001,True
layer4.1.sn2,50,503,0.059920936822891235,0.04153402743192642,3.3956352143675258e-108,0.9999000099990001,True
layer4.1.sn2,50,504,0.02373889833688736,0.016454550945720164,2.6803491230417043e-45,0.9999000099990001,True
layer4.1.sn2,50,505,0.008037937805056572,0.005571473863486789,1.540859732982502e-11,0.9999000099990001,True
layer4.1.sn2,50,506,0.08526032418012619,0.05909795499460075,1.9517573042950074e-169,0.9999000099990001,True
layer4.1.sn2,50,507,0.0820312649011612,0.056859740402287494,1.3926014267546979e-177,0.9999000099990001,True
layer4.1.sn2,50,508,0.0757322683930397,0.052493607900477565,5.215994216432185e-171,0.9999000099990001,True
layer4.1.sn2,50,509,0.4423721432685852,0.3066290133313896,0.0,0.9999000099990001,True
layer4.1.sn2,50,510,0.29846370220184326,0.20687928386594623,0.0,0.9999000099990001,True
layer4.1.sn2,50,511,0.10870657861232758,0.07534965750578851,4.6374126601776254e-241,0.9999000099990001,True
sn1,100,0,0.09946325421333313,0.06163689443811955,1.090592754561643e-159,0.9999000099990001,True
sn1,100,1,,0.0,,0.009900990099009901,False
sn1,100,2,0.25305676460266113,0.20214612355889305,1.9258876793298517e-244,0.9999000099990001,True
sn1,100,3,0.04231085628271103,0.027658173435859582,1.6793210857805245e-87,0.9999000099990001,True
sn1,100,4,0.11751116812229156,0.09226345525822005,1.625607581928994e-132,0.9999000099990001,True
sn1,100,5,0.0698518231511116,0.04277304154270164,3.1134654981621673e-164,0.9999000099990001,True
sn1,100,6,0.05649011954665184,0.06242737858310607,1.1678163244890623e-73,0.9999000099990001,True
sn1,100,7,0.2365294247865677,0.17958361617588225,8.827666386937931e-229,0.9999000099990001,True
sn1,100,8,0.09730114042758942,0.06256820548793968,2.599002937130944e-116,0.9999000099990001,True
sn1,100,9,,0.0,,0.9405940594059405,False
sn1,100,10,0.05689983814954758,0.03734348194611115,1.2150407790322409e-51,0.9999000099990001,True
sn1,100,11,0.07895499467849731,0.03997845207206785,3.84358243644279e-96,0.9999000099990001,True
sn1,100,12,0.12455055117607117,0.09815636029905087,4.850860597703701e-146,0.9999000099990001,True
sn1,100,13,0.09048578143119812,0.09432423897241354,1.844004721511688e-111,0.9999000099990001,True
sn1,100,14,0.06738308072090149,0.0392985355468505,2.1819188472613763e-83,0.9999000099990001,True
sn1,100,15,0.12692245841026306,0.08340320313232147,2.2322236311885587e-176,0.9999000099990001,True
sn1,100,16,,0.0,,0.009900990099009901,False
sn1,100,17,0.2606436312198639,0.18866036309960885,1.7571926268362817e-252,0.9999000099990001,True
sn1,100,18,,0.0,,0.009900990099009901,False
sn1,100,19,0.16658933460712433,0.12162270019344432,7.82052808289878e-180,0.9999000099990001,True
sn1,100,20,0.037966061383485794,0.0241001557877254,1.5806400100039932e-44,0.9999000099990001,True
sn1,100,21,0.10988663882017136,0.08360949248137767,2.8226955452752985e-133,0.9999000099990001,True
sn1,100,22,0.012655455619096756,0.0077902617583603525,1.4522182546830562e-07,0.9999000099990001,True
sn1,100,23,0.028916358947753906,0.015298825867319834,1.1618538882676125e-59,0.9999000099990001,True
sn1,100,24,0.14082381129264832,0.09715099697727839,1.0477554175756382e-157,0.9999000099990001,True
sn1,100,25,0.09704176336526871,0.07541801297646501,2.2416222884757614e-117,0.9999000099990001,True
sn1,100,26,0.03433956950902939,0.038012487215683545,3.887754537626926e-47,0.9999000099990001,True
sn1,100,27,,0.00023030352580856396,,0.5841584158415841,False
sn1,100,28,0.029504667967557907,0.009504867263173357,9.352265046302707e-82,0.9999000099990001,True
sn1,100,29,0.2054109126329422,0.1458828493232598,1.4796068767857503e-220,0.9999000099990001,True
sn1,100,30,,0.0,,0.009900990099009901,False
sn1,100,31,0.08925123512744904,0.0764187548587777,2.6845785855074465e-109,0.9999000099990001,True
sn1,100,32,0.21463221311569214,0.147903180420009,5.1053574218206264e-219,0.9999000099990001,True
sn1,100,33,0.17093227803707123,0.12503794664209222,6.1722222943732376e-186,0.9999000099990001,True
sn1,100,34,0.002473453525453806,0.001265854357624313,0.004157445657027372,0.9968003199680032,False
sn1,100,35,0.012463725171983242,0.005008363792781682,1.2234851393886627e-30,0.9999000099990001,True
sn1,100,36,0.2608760595321655,0.21350388544092494,2.993433872327868e-253,0.9999000099990001,True
sn1,100,37,0.20189282298088074,0.1403702619733688,4.1183079390985475e-207,0.9999000099990001,True
sn1,100,38,0.12580609321594238,0.06325563547168939,0.0,0.9999000099990001,True
sn1,100,39,,0.001016161538581313,,0.9306930693069307,False
sn1,100,40,,0.0,,0.009900990099009901,False
sn1,100,41,0.22042125463485718,0.18510719795954408,1.7020469278663977e-225,0.9999000099990001,True
sn1,100,42,0.05948243290185928,0.025990752250375414,2.572001446622072e-152,0.9999000099990001,True
sn1,100,43,0.04263339191675186,0.04103965582237129,1.7210315081221798e-57,0.9999000099990001,True
sn1,100,44,0.14211127161979675,0.09146641287032582,1.3210617809159778e-224,0.9999000099990001,True
sn1,100,45,0.15956592559814453,0.11252428043176654,6.901469233061669e-173,0.9999000099990001,True
sn1,100,46,0.17818127572536469,0.1512224322481362,1.4938735997242854e-192,0.9999000099990001,True
sn1,100,47,0.13629943132400513,0.0770534075322122,1.9771584460350815e-155,0.9999000099990001,True
sn1,100,48,,0.0,,0.009900990099009901,False
sn1,100,49,0.10142534971237183,0.06545823371258142,3.495721916001158e-121,0.9999000099990001,True
sn1,100,50,0.07363181561231613,0.0383853306717252,2.989370426695323e-94,0.9999000099990001,True
sn1,100,51,0.04604522883892059,0.044310307966246285,1.6944608831453802e-65,0.9999000099990001,True
sn1,100,52,0.026869866997003555,0.013692394659223025,2.326494117393459e-47,0.9999000099990001,True
sn1,100,53,0.025762781500816345,0.017176450981729464,7.48564024847841e-26,0.9999000099990001,True
sn1,100,54,0.06761076301336288,0.035389578416532355,3.840877949325387e-87,0.9999000099990001,True
sn1,100,55,0.0036862476263195276,0.0019939360084979345,0.0017445366828575794,0.9983001699830018,False
sn1,100,56,0.10455768555402756,0.03751570037767313,3.570325302706334e-128,0.9999000099990001,True
sn1,100,57,0.1430455446243286,0.09874737700523212,7.463824143230261e-157,0.9999000099990001,True
sn1,100,58,0.09546776860952377,0.08740951919364404,1.1598524045559939e-118,0.9999000099990001,True
sn1,100,59,0.15052355825901031,0.11894741075956025,1.4311714173015528e-169,0.9999000099990001,True
sn1,100,60,0.20636433362960815,0.14808707608593769,2.4222148059278e-214,0.9999000099990001,True
sn1,100,61,0.12163043022155762,0.07130630305750978,2.5780835361672976e-142,0.9999000099990001,True
sn1,100,62,0.18553327023983002,0.13976999645389293,5.9261971359208145e-198,0.9999000099990001,True
sn1,100,63,0.028762029483914375,0.011446566881800473,1.4852623259144171e-61,0.9999000099990001,True
layer1.1.sn2,100,0,0.10984264314174652,0.08439011425876289,2.2821861326755557e-128,0.9999000099990001,True
layer1.1.sn2,100,1,0.48064786195755005,0.3588278579402868,0.0,0.9999000099990001,True
layer1.1.sn2,100,2,0.4232441782951355,0.31821619735160134,0.0,0.9999000099990001,True
layer1.1.sn2,100,3,0.1734965443611145,0.13190240990864865,4.993300862073919e-182,0.9999000099990001,True
layer1.1.sn2,100,4,0.08240175247192383,0.06986743213437982,6.733294812246525e-102,0.9999000099990001,True
layer1.1.sn2,100,5,0.3743283748626709,0.27672445165434056,0.0,0.9999000099990001,True
layer1.1.sn2,100,6,0.1730015128850937,0.13595628198853577,1.2752801987676574e-186,0.9999000099990001,True
layer1.1.sn2,100,7,0.3371982276439667,0.2469252594158865,5.950406561725706e-296,0.9999000099990001,True
layer1.1.sn2,100,8,0.35032716393470764,0.25940600791644497,4.8561435240859614e-300,0.9999000099990001,True
layer1.1.sn2,100,9,0.20967715978622437,0.15507239708688003,3.1940772581603185e-225,0.9999000099990001,True
layer1.1.sn2,100,10,0.2108083814382553,0.1595442793354488,3.3511381888210025e-212,0.9999000099990001,True
layer1.1.sn2,100,11,0.26975539326667786,0.1974559526965598,1.5175799214879562e-257,0.9999000099990001,True
layer1.1.sn2,100,12,0.12797734141349792,0.10518017893377252,9.099140266533623e-144,0.9999000099990001,True
layer1.1.sn2,100,13,0.11359848082065582,0.09421896097646615,1.254863020818519e-133,0.9999000099990001,True
layer1.1.sn2,100,14,0.41891300678253174,0.309897952152522,0.0,0.9999000099990001,True
layer1.1.sn2,100,15,0.15055987238883972,0.12228174540964093,2.4533407124553847e-166,0.9999000099990001,True
layer1.1.sn2,100,16,0.1925838738679886,0.1519165361198299,1.2137165117571256e-198,0.9999000099990001,True
layer1.1.sn2,100,17,0.4267784357070923,0.30474507198032913,0.0,0.9999000099990001,True
layer1.1.sn2,100,18,0.21962927281856537,0.1612395054878455,5.575949701803658e-221,0.9999000099990001,True
layer1.1.sn2,100,19,0.25836384296417236,0.19123335610983122,1.6098673719982273e-248,0.9999000099990001,True
layer1.1.sn2,100,20,0.35100868344306946,0.2587921684111396,3.626086758458028e-300,0.9999000099990001,True
layer1.1.sn2,100,21,0.16705422103405,0.1294032165145133,1.828838852815207e-184,0.9999000099990001,True
layer1.1.sn2,100,22,0.44761019945144653,0.32625682171510373,0.0,0.9999000099990001,True
layer1.1.sn2,100,23,0.11248908936977386,0.08890157637489808,2.6593896393718345e-130,0.9999000099990001,True
layer1.1.sn2,100,24,0.32362374663352966,0.23732229791572668,1.3974884252158886e-282,0.9999000099990001,True
layer1.1.sn2,100,25,0.34708335995674133,0.25684336844560407,7.886676104411777e-304,0.9999000099990001,True
layer1.1.sn2,100,26,0.3660544157028198,0.26631133534952356,0.0,0.9999000099990001,True
layer1.1.sn2,100,27,0.33415067195892334,0.2478559985848788,4.5346089535034114e-295,0.9999000099990001,True
layer1.1.sn2,100,28,0.15126019716262817,0.11486904869630739,1.7553337611050135e-170,0.9999000099990001,True
layer1.1.sn2,100,29,0.30520251393318176,0.21369373287446314,1.5102828104021195e-279,0.9999000099990001,True
layer1.1.sn2,100,30,0.1315162032842636,0.10485424367688154,1.3458973531029215e-150,0.9999000099990001,True
layer1.1.sn2,100,31,0.08117373287677765,0.06704318816379769,4.270622613436275e-99,0.9999000099990001,True
layer1.1.sn2,100,32,0.3924812972545624,0.2886142509664006,0.0,0.9999000099990001,True
layer1.1.sn2,100,33,0.18628185987472534,0.1422111510036725,1.6247547391958783e-194,0.9999000099990001,True
layer1.1.sn2,100,34,0.25495263934135437,0.1959235389088205,4.1511298330727844e-257,0.9999000099990001,True
layer1.1.sn2,100,35,0.1333497017621994,0.10334932303821495,3.5553610465849484e-154,0.9999000099990001,True
layer1.1.sn2,100,36,0.5371367931365967,0.3916674415900771,0.0,0.9999000099990001,True
layer1.1.sn2,100,37,0.3855072259902954,0.2861656561772481,0.0,0.9999000099990001,True
layer1.1.sn2,100,38,0.5214712023735046,0.386813742040344,0.0,0.9999000099990001,True
layer1.1.sn2,100,39,0.22560223937034607,0.1747808616026617,4.1923891336864296e-227,0.9999000099990001,True
layer1.1.sn2,100,40,0.08755002170801163,0.07427534882664841,5.042983229299915e-107,0.9999000099990001,True
layer1.1.sn2,100,41,0.40940457582473755,0.29471500116786475,0.0,0.9999000099990001,True
layer1.1.sn2,100,42,0.13100990653038025,0.10355324658431338,3.2110199615986896e-152,0.9999000099990001,True
layer1.1.sn2,100,43,0.14039431512355804,0.1088831371240497,2.09374111957732e-163,0.9999000099990001,True
layer1.1.sn2,100,44,0.12766680121421814,0.10672686592215136,4.6871606405181575e-150,0.9999000099990001,True
layer1.1.sn2,100,45,0.29336851835250854,0.21531697385880977,1.2740482922464726e-271,0.9999000099990001,True
layer1.1.sn2,100,46,0.23947842419147491,0.17719178333992208,2.956802123035016e-238,0.9999000099990001,True
layer1.1.sn2,100,47,0.06628914177417755,0.05484454566429311,2.51946456677857e-85,0.9999000099990001,True
layer1.1.sn2,100,48,0.23755347728729248,0.18261091673440966,7.217033657155459e-232,0.9999000099990001,True
layer1.1.sn2,100,49,0.28244057297706604,0.20790378494288542,9.651213674312597e-265,0.9999000099990001,True
layer1.1.sn2,100,50,0.24967797100543976,0.1859012576105183,2.8261439569128796e-251,0.9999000099990001,True
layer1.1.sn2,100,51,0.1829874962568283,0.14010210302287845,2.0556195095562449e-199,0.9999000099990001,True
layer1.1.sn2,100,52,0.3030700087547302,0.22395784965521057,4.9429762058142615e-269,0.9999000099990001,True
layer1.1.sn2,100,53,0.3037729561328888,0.2231082191862467,2.0747753933075463e-274,0.9999000099990001,True
layer1.1.sn2,100,54,0.17997801303863525,0.14107893992507597,1.0859908077521384e-192,0.9999000099990001,True
layer1.1.sn2,100,55,0.1939629167318344,0.14602790025926865,1.4497951075898953e-201,0.9999000099990001,True
layer1.1.sn2,100,56,0.2891847491264343,0.21480244359672337,1.6551854408410538e-265,0.9999000099990001,True
layer1.1.sn2,100,57,0.46201157569885254,0.3306120999594421,0.0,0.9999000099990001,True
layer1.1.sn2,100,58,0.24311472475528717,0.1810023802084112,5.934823999383422e-243,0.9999000099990001,True
layer1.1.sn2,100,59,0.22178170084953308,0.169808439667606,1.8388436606805943e-219,0.9999000099990001,True
layer1.1.sn2,100,60,0.2873040437698364,0.20820832624704932,1.4069515049137523e-268,0.9999000099990001,True
layer1.1.sn2,100,61,0.22911566495895386,0.17612692285494735,2.790395210060953e-225,0.9999000099990001,True
layer1.1.sn2,100,62,0.39168107509613037,0.28699914166718,0.0,0.9999000099990001,True
layer1.1.sn2,100,63,0.20831575989723206,0.1548777436810732,3.3538732320990843e-217,0.9999000099990001,True
layer2.1.sn2,100,0,0.3589607775211334,0.22750285407097992,4.2728243021378e-310,0.9999000099990001,True
layer2.1.sn2,100,1,0.5184383392333984,0.36842734908142527,0.0,0.9999000099990001,True
layer2.1.sn2,100,2,0.5342971682548523,0.39404878881522754,0.0,0.9999000099990001,True
layer2.1.sn2,100,3,0.25850918889045715,0.18815517768460638,5.602844242669207e-256,0.9999000099990001,True
layer2.1.sn2,100,4,0.37206247448921204,0.2711281440505311,1.1893657578578205e-307,0.9999000099990001,True
layer2.1.sn2,100,5,0.17143923044204712,0.12474105235867516,2.910399803948549e-186,0.9999000099990001,True
layer2.1.sn2,100,6,0.5294203162193298,0.39836050695648106,0.0,0.9999000099990001,True
layer2.1.sn2,100,7,0.3113161325454712,0.22834479386160259,7.006577290505382e-291,0.9999000099990001,True
layer2.1.sn2,100,8,0.5792984962463379,0.4140052141868654,0.0,0.9999000099990001,True
layer2.1.sn2,100,9,0.21032817661762238,0.15382204664623111,5.755440269176412e-207,0.9999000099990001,True
layer2.1.sn2,100,10,0.24400097131729126,0.18368151495111515,1.2009096748793737e-238,0.9999000099990001,True
layer2.1.sn2,100,11,0.4462224245071411,0.31788369471565614,0.0,0.9999000099990001,True
layer2.1.sn2,100,12,0.2477104514837265,0.19072828254296406,5.524207714653549e-244,0.9999000099990001,True
layer2.1.sn2,100,13,0.20849353075027466,0.1555691828461977,1.0865854328383642e-219,0.9999000099990001,True
layer2.1.sn2,100,14,0.2623811960220337,0.19895785253160697,2.6360271473702914e-255,0.9999000099990001,True
layer2.1.sn2,100,15,0.28173720836639404,0.20405072552486136,1.5193600800333035e-257,0.9999000099990001,True
layer2.1.sn2,100,16,0.35423609614372253,0.25739423737458444,1.5314527429718458e-305,0.9999000099990001,True
layer2.1.sn2,100,17,0.2911423146724701,0.19813629704817654,2.871811609067436e-272,0.9999000099990001,True
layer2.1.sn2,100,18,0.2554192841053009,0.1710635719814861,3.168786394629133e-252,0.9999000099990001,True
layer2.1.sn2,100,19,0.5789119005203247,0.4199037868833504,0.0,0.9999000099990001,True
layer2.1.sn2,100,20,0.3546425402164459,0.25932055142821653,5.699535834623356e-305,0.9999000099990001,True
layer2.1.sn2,100,21,0.26105719804763794,0.19257080612575828,5.971211684943645e-261,0.9999000099990001,True
layer2.1.sn2,100,22,0.2614840269088745,0.1984008549733347,7.666768637025333e-262,0.9999000099990001,True
layer2.1.sn2,100,23,0.4137892723083496,0.30386932539093925,0.0,0.9999000099990001,True
layer2.1.sn2,100,24,0.36953699588775635,0.2563491008704287,2.968265257085525e-309,0.9999000099990001,True
layer2.1.sn2,100,25,0.6473756432533264,0.48125545998543595,0.0,0.9999000099990001,True
layer2.1.sn2,100,26,0.28926560282707214,0.20037545620956604,1.1875988229026263e-278,0.9999000099990001,True
layer2.1.sn2,100,27,0.29188016057014465,0.21334171686881526,4.671455790414784e-268,0.9999000099990001,True
layer2.1.sn2,100,28,0.45663854479789734,0.31964521683374225,0.0,0.9999000099990001,True
layer2.1.sn2,100,29,0.14685606956481934,0.11172943472091224,1.7177696194572552e-168,0.9999000099990001,True
layer2.1.sn2,100,30,0.31283000111579895,0.2304193068059489,1.7830340056085457e-282,0.9999000099990001,True
layer2.1.sn2,100,31,0.4153863191604614,0.29818303108772726,0.0,0.9999000099990001,True
layer2.1.sn2,100,32,0.24541056156158447,0.18453874064932446,4.557857748678952e-242,0.9999000099990001,True
layer2.1.sn2,100,33,0.3169670104980469,0.21291362239101463,3.0291872348221705e-283,0.9999000099990001,True
layer2.1.sn2,100,34,0.1932866871356964,0.14806710940180406,3.1609712149953406e-199,0.9999000099990001,True
layer2.1.sn2,100,35,0.683895468711853,0.5024871958570527,0.0,0.9999000099990001,True
layer2.1.sn2,100,36,0.3362390697002411,0.24378305527165067,9.959755861671624e-301,0.9999000099990001,True
layer2.1.sn2,100,37,0.44765007495880127,0.31344725677447993,0.0,0.9999000099990001,True
layer2.1.sn2,100,38,0.4589690864086151,0.3219663120613142,0.0,0.9999000099990001,True
layer2.1.sn2,100,39,0.3610387146472931,0.26317525561727473,2.3382687388006e-310,0.9999000099990001,True
layer2.1.sn2,100,40,0.39593470096588135,0.28970184025521006,0.0,0.9999000099990001,True
layer2.1.sn2,100,41,0.23761115968227386,0.17259337580391196,1.0318642169047688e-232,0.9999000099990001,True
layer2.1.sn2,100,42,0.5476598143577576,0.40083338399670476,0.0,0.9999000099990001,True
layer2.1.sn2,100,43,0.3244740962982178,0.2415163537374922,1.5799854151485343e-295,0.9999000099990001,True
layer2.1.sn2,100,44,0.45753419399261475,0.33366993323261107,0.0,0.9999000099990001,True
layer2.1.sn2,100,45,0.5319028496742249,0.3949881873987642,0.0,0.9999000099990001,True
layer2.1.sn2,100,46,0.5543690919876099,0.4055064557130822,0.0,0.9999000099990001,True
layer2.1.sn2,100,47,0.2318180948495865,0.17347229545493248,3.066832059537181e-234,0.9999000099990001,True
layer2.1.sn2,100,48,0.12743939459323883,0.09947599997993388,1.886489139761798e-145,0.9999000099990001,True
layer2.1.sn2,100,49,0.3341001868247986,0.2409248735141022,4.715028164011932e-298,0.9999000099990001,True
layer2.1.sn2,100,50,0.21121126413345337,0.15740567893045448,1.725731659010941e-215,0.9999000099990001,True
layer2.1.sn2,100,51,0.5814809203147888,0.41413270693276016,0.0,0.9999000099990001,True
layer2.1.sn2,100,52,0.350070983171463,0.25759233501930595,2.3415973462545307e-300,0.9999000099990001,True
layer2.1.sn2,100,53,0.2543976306915283,0.18035333176409613,4.1560523760342304e-241,0.9999000099990001,True
layer2.1.sn2,100,54,0.2830292284488678,0.21454425818163284,4.345277732703991e-271,0.9999000099990001,True
layer2.1.sn2,100,55,0.6360220313072205,0.47180385030302047,0.0,0.9999000099990001,True
layer2.1.sn2,100,56,0.3618400990962982,0.2669171990247411,1.489752262615865e-308,0.9999000099990001,True
layer2.1.sn2,100,57,0.5164213180541992,0.37725418338732686,0.0,0.9999000099990001,True
layer2.1.sn2,100,58,0.3763848543167114,0.2632659056306721,0.0,0.9999000099990001,True
layer2.1.sn2,100,59,0.16438063979148865,0.12342756153683031,4.6049540553794777e-184,0.9999000099990001,True
layer2.1.sn2,100,60,0.3580198585987091,0.2553826827688065,1.66175898839977e-310,0.9999000099990001,True
layer2.1.sn2,100,61,0.29831430315971375,0.21471409911708972,3.348295785069941e-272,0.9999000099990001,True
layer2.1.sn2,100,62,0.39241403341293335,0.2897781550561068,0.0,0.9999000099990001,True
layer2.1.sn2,100,63,0.6121066212654114,0.47442695813838176,0.0,0.9999000099990001,True
layer2.1.sn2,100,64,0.3277393877506256,0.2385209330277059,1.991605235862598e-287,0.9999000099990001,True
layer2.1.sn2,100,65,0.2524228096008301,0.1880394485815493,8.649859880945659e-253,0.9999000099990001,True
layer2.1.sn2,100,66,0.4397430121898651,0.32625466982189383,0.0,0.9999000099990001,True
layer2.1.sn2,100,67,0.28778788447380066,0.21055125203961533,2.405031375647244e-263,0.9999000099990001,True
layer2.1.sn2,100,68,0.35913988947868347,0.26835125119917935,2.8439844788208e-310,0.9999000099990001,True
layer2.1.sn2,100,69,0.36883455514907837,0.26162156924172725,1.39272285571e-311,0.9999000099990001,True
layer2.1.sn2,100,70,0.3481828570365906,0.25519934974783753,6.868676926430665e-296,0.9999000099990001,True
layer2.1.sn2,100,71,0.18508604168891907,0.14307766260396956,3.031267487019717e-199,0.9999000099990001,True
layer2.1.sn2,100,72,0.1514231115579605,0.12071404979122838,7.650286606678106e-169,0.9999000099990001,True
layer2.1.sn2,100,73,0.5014975666999817,0.3594686505286475,0.0,0.9999000099990001,True
layer2.1.sn2,100,74,0.26557597517967224,0.19973523699587936,5.9129000954744746e-248,0.9999000099990001,True
layer2.1.sn2,100,75,0.38033604621887207,0.2690970790515419,0.0,0.9999000099990001,True
layer2.1.sn2,100,76,0.34530964493751526,0.24196933485897265,3.72521735805044e-300,0.9999000099990001,True
layer2.1.sn2,100,77,0.3083231449127197,0.20900891040505357,9.571321289611958e-279,0.9999000099990001,True
layer2.1.sn2,100,78,0.5737772583961487,0.4326723895245297,0.0,0.9999000099990001,True
layer2.1.sn2,100,79,0.37814679741859436,0.2771545319465453,0.0,0.9999000099990001,True
layer2.1.sn2,100,80,0.5090490579605103,0.3773552497495538,0.0,0.9999000099990001,True
layer2.1.sn2,100,81,0.24724215269088745,0.19261989974994814,3.740187699926592e-249,0.9999000099990001,True
layer2.1.sn2,100,82,0.3473925292491913,0.24759697689768617,1.567585908981145e-294,0.9999000099990001,True
layer2.1.sn2,100,83,0.30336397886276245,0.22661459338153495,1.0504270265538575e-277,0.9999000099990001,True
layer2.1.sn2,100,84,0.3791831135749817,0.29628808182866684,0.0,0.9999000099990001,True
layer2.1.sn2,100,85,0.6592956185340881,0.4915030876914596,0.0,0.9999000099990001,True
layer2.1.sn2,100,86,0.44209161400794983,0.32074407022064033,0.0,0.9999000099990001,True
layer2.1.sn2,100,87,0.4366343021392822,0.30917325823997016,0.0,0.9999000099990001,True
layer2.1.sn2,100,88,0.3488124907016754,0.26852825853355455,5.913613269350243e-298,0.9999000099990001,True
layer2.1.sn2,100,89,0.36893051862716675,0.2666007393773484,6.086263783425684e-304,0.9999000099990001,True
layer2.1.sn2,100,90,0.35838520526885986,0.2605846224697015,2.299566194331164e-288,0.9999000099990001,True
layer2.1.sn2,100,91,0.2903759479522705,0.21654513666193428,2.0285243022988933e-275,0.9999000099990001,True
layer2.1.sn2,100,92,0.44001540541648865,0.3085172817610659,0.0,0.9999000099990001,True
layer2.1.sn2,100,93,0.6121371388435364,0.44693527140213246,0.0,0.9999000099990001,True
layer2.1.sn2,100,94,0.4625931680202484,0.3314063875376735,0.0,0.9999000099990001,True
layer2.1.sn2,100,95,0.21002405881881714,0.15441750196780013,4.074805040169299e-217,0.9999000099990001,True
layer2.1.sn2,100,96,0.41840481758117676,0.304832795740432,0.0,0.9999000099990001,True
layer2.1.sn2,100,97,0.3323655426502228,0.2366750213000752,2.091220063382626e-288,0.9999000099990001,True
layer2.1.sn2,100,98,0.5178955793380737,0.37663453466887753,0.0,0.9999000099990001,True
layer2.1.sn2,100,99,0.24186179041862488,0.17663769544675373,3.688654501507526e-233,0.9999000099990001,True
layer2.1.sn2,100,100,0.20581740140914917,0.15677841682231816,7.392686216589956e-210,0.9999000099990001,True
layer2.1.sn2,100,101,0.20299401879310608,0.12683495196758576,0.0,0.9999000099990001,True
layer2.1.sn2,100,102,0.33145010471343994,0.24511283822500374,3.415574054599473e-291,0.9999000099990001,True
layer2.1.sn2,100,103,0.5975387692451477,0.4482216607048692,0.0,0.9999000099990001,True
layer2.1.sn2,100,104,0.5371670722961426,0.3810799598478822,0.0,0.9999000099990001,True
layer2.1.sn2,100,105,0.40362995862960815,0.2887218786454152,0.0,0.9999000099990001,True
layer2.1.sn2,100,106,0.25764474272727966,0.19055545967124637,2.5479116376986013e-242,0.9999000099990001,True
layer2.1.sn2,100,107,0.16711176931858063,0.11957113039904062,5.3343742638677726e-182,0.9999000099990001,True
layer2.1.sn2,100,108,0.5389525890350342,0.3960959985003757,0.0,0.9999000099990001,True
layer2.1.sn2,100,109,0.3596874475479126,0.2641318247812228,5.613896321085067e-308,0.9999000099990001,True
layer2.1.sn2,100,110,0.42789947986602783,0.3133051602557165,0.0,0.9999000099990001,True
layer2.1.sn2,100,111,0.2748531997203827,0.19230091658598317,5.910764002927283e-259,0.9999000099990001,True
layer2.1.sn2,100,112,0.3239230513572693,0.24163743008724453,7.498403480853304e-286,0.9999000099990001,True
layer2.1.sn2,100,113,0.42885613441467285,0.31149727098896096,0.0,0.9999000099990001,True
layer2.1.sn2,100,114,0.3090004026889801,0.2244785640429443,1.983534642443168e-277,0.9999000099990001,True
layer2.1.sn2,100,115,0.45898884534835815,0.34568772625067495,0.0,0.9999000099990001,True
layer2.1.sn2,100,116,0.21398407220840454,0.14975468740883385,2.0360878635025338e-225,0.9999000099990001,True
layer2.1.sn2,100,117,0.4630438983440399,0.32601750240988114,0.0,0.9999000099990001,True
layer2.1.sn2,100,118,0.38451680541038513,0.2817865881932131,0.0,0.9999000099990001,True
layer2.1.sn2,100,119,0.23919463157653809,0.17265243980729847,2.593962343362993e-240,0.9999000099990001,True
layer2.1.sn2,100,120,0.24748797714710236,0.181899237874308,2.323178848906049e-243,0.9999000099990001,True
layer2.1.sn2,100,121,0.20521052181720734,0.14948595493004246,2.9596761653250767e-211,0.9999000099990001,True
layer2.1.sn2,100,122,0.34371456503868103,0.23811958686656237,4.72571215077096e-308,0.9999000099990001,True
layer2.1.sn2,100,123,0.22382819652557373,0.16623920743721543,2.0483713848874437e-223,0.9999000099990001,True
layer2.1.sn2,100,124,0.19991877675056458,0.15080626290073615,4.834907060168926e-206,0.9999000099990001,True
layer2.1.sn2,100,125,0.4351077079772949,0.31366140335732773,0.0,0.9999000099990001,True
layer2.1.sn2,100,126,0.5995457768440247,0.4471987183507492,0.0,0.9999000099990001,True
layer2.1.sn2,100,127,0.3991774320602417,0.2889103827192028,0.0,0.9999000099990001,True
layer3.1.sn2,100,0,0.6626356840133667,0.5058254756367742,0.0,0.9999000099990001,True
layer3.1.sn2,100,1,0.495187908411026,0.3801752504483709,0.0,0.9999000099990001,True
layer3.1.sn2,100,2,0.5466609597206116,0.4474067077867675,0.0,0.9999000099990001,True
layer3.1.sn2,100,3,0.46907415986061096,0.347413424292522,0.0,0.9999000099990001,True
layer3.1.sn2,100,4,0.4032561779022217,0.3181110923597372,0.0,0.9999000099990001,True
layer3.1.sn2,100,5,0.48846742510795593,0.37776743196881823,0.0,0.9999000099990001,True
layer3.1.sn2,100,6,0.4741460084915161,0.3615249827430285,0.0,0.9999000099990001,True
layer3.1.sn2,100,7,0.6424879431724548,0.5219254298921405,0.0,0.9999000099990001,True
layer3.1.sn2,100,8,0.561410665512085,0.38323454132433377,0.0,0.9999000099990001,True
layer3.1.sn2,100,9,0.335747092962265,0.25799255217111017,1.996095925707067e-300,0.9999000099990001,True
layer3.1.sn2,100,10,0.4931548833847046,0.33451531052462435,0.0,0.9999000099990001,True
layer3.1.sn2,100,11,0.39882585406303406,0.334224009678772,0.0,0.9999000099990001,True
layer3.1.sn2,100,12,0.6679648756980896,0.5101293247665195,0.0,0.9999000099990001,True
layer3.1.sn2,100,13,0.6145448684692383,0.48470031971702326,0.0,0.9999000099990001,True
layer3.1.sn2,100,14,0.7249194383621216,0.49857962919507937,0.0,0.9999000099990001,True
layer3.1.sn2,100,15,0.750568151473999,0.5194873829967164,0.0,0.9999000099990001,True
layer3.1.sn2,100,16,0.5941717028617859,0.4044465122081527,0.0,0.9999000099990001,True
layer3.1.sn2,100,17,0.51537024974823,0.35081844574738574,0.0,0.9999000099990001,True
layer3.1.sn2,100,18,0.6096895933151245,0.4569629805044646,0.0,0.9999000099990001,True
layer3.1.sn2,100,19,0.5197823643684387,0.396132155242241,0.0,0.9999000099990001,True
layer3.1.sn2,100,20,0.45294278860092163,0.3553156569035202,0.0,0.9999000099990001,True
layer3.1.sn2,100,21,0.5007697343826294,0.38754164480592335,0.0,0.9999000099990001,True
layer3.1.sn2,100,22,0.36488571763038635,0.2976571246329702,2.842405822279e-311,0.9999000099990001,True
layer3.1.sn2,100,23,0.3448176980018616,0.2681749888231369,1.326964569916449e-301,0.9999000099990001,True
layer3.1.sn2,100,24,0.4043615758419037,0.30267221667719924,0.0,0.9999000099990001,True
layer3.1.sn2,100,25,0.7005661725997925,0.4817817922693267,0.0,0.9999000099990001,True
layer3.1.sn2,100,26,0.6508312225341797,0.485280978016629,0.0,0.9999000099990001,True
layer3.1.sn2,100,27,0.2843749225139618,0.2421631941788609,1.5874146864612656e-267,0.9999000099990001,True
layer3.1.sn2,100,28,0.45543932914733887,0.3609437472091984,0.0,0.9999000099990001,True
layer3.1.sn2,100,29,0.37913310527801514,0.2995084625444897,0.0,0.9999000099990001,True
layer3.1.sn2,100,30,0.463749498128891,0.3394670335751264,0.0,0.9999000099990001,True
layer3.1.sn2,100,31,0.5875106453895569,0.40324640088445685,0.0,0.9999000099990001,True
layer3.1.sn2,100,32,0.5721447467803955,0.43536146511751406,0.0,0.9999000099990001,True
layer3.1.sn2,100,33,0.40550878643989563,0.29981051387611746,0.0,0.9999000099990001,True
layer3.1.sn2,100,34,0.5086737275123596,0.3539010359651858,0.0,0.9999000099990001,True
layer3.1.sn2,100,35,0.474717378616333,0.35146847574368556,0.0,0.9999000099990001,True
layer3.1.sn2,100,36,0.668898344039917,0.4639008628973656,0.0,0.9999000099990001,True
layer3.1.sn2,100,37,0.5680943131446838,0.4437193110002199,0.0,0.9999000099990001,True
layer3.1.sn2,100,38,0.631206750869751,0.5081929380535097,0.0,0.9999000099990001,True
layer3.1.sn2,100,39,0.5305896997451782,0.36639806115703655,0.0,0.9999000099990001,True
layer3.1.sn2,100,40,0.6785546541213989,0.4693725130495811,0.0,0.9999000099990001,True
layer3.1.sn2,100,41,0.6113001704216003,0.42092686908359134,0.0,0.9999000099990001,True
layer3.1.sn2,100,42,0.4540320336818695,0.34490474359353496,0.0,0.9999000099990001,True
layer3.1.sn2,100,43,0.747435450553894,0.512213414771845,0.0,0.9999000099990001,True
layer3.1.sn2,100,44,0.4052777886390686,0.322185382870817,0.0,0.9999000099990001,True
layer3.1.sn2,100,45,0.32199257612228394,0.25327822763894314,1.4412341111222552e-288,0.9999000099990001,True
layer3.1.sn2,100,46,0.6497296094894409,0.5022183496439614,0.0,0.9999000099990001,True
layer3.1.sn2,100,47,0.5462101101875305,0.43251625407162875,0.0,0.9999000099990001,True
layer3.1.sn2,100,48,0.48056498169898987,0.37181885826230354,0.0,0.9999000099990001,True
layer3.1.sn2,100,49,0.5849627256393433,0.4329191981318396,0.0,0.9999000099990001,True
layer3.1.sn2,100,50,0.2998487949371338,0.2349281589237802,3.935777076724122e-275,0.9999000099990001,True
layer3.1.sn2,100,51,0.7147746682167053,0.5367368005052328,0.0,0.9999000099990001,True
layer3.1.sn2,100,52,0.6545388102531433,0.4963114425785198,0.0,0.9999000099990001,True
layer3.1.sn2,100,53,0.6655394434928894,0.4523329537535054,0.0,0.9999000099990001,True
layer3.1.sn2,100,54,0.5391667485237122,0.4607444293693822,0.0,0.9999000099990001,True
layer3.1.sn2,100,55,0.44264301657676697,0.32898591420982753,0.0,0.9999000099990001,True
layer3.1.sn2,100,56,0.582957923412323,0.4750859703703075,0.0,0.9999000099990001,True
layer3.1.sn2,100,57,0.48782777786254883,0.37969113159916296,0.0,0.9999000099990001,True
layer3.1.sn2,100,58,0.6396565437316895,0.4398912913534534,0.0,0.9999000099990001,True
layer3.1.sn2,100,59,0.45208120346069336,0.3114270846743949,0.0,0.9999000099990001,True
layer3.1.sn2,100,60,0.5950862169265747,0.4130916943691366,0.0,0.9999000099990001,True
layer3.1.sn2,100,61,0.2920662760734558,0.2046829653656127,0.0,0.9999000099990001,True
layer3.1.sn2,100,62,0.7418600916862488,0.5133605290150247,0.0,0.9999000099990001,True
layer3.1.sn2,100,63,0.664008617401123,0.5075568355227897,0.0,0.9999000099990001,True
layer3.1.sn2,100,64,0.7130846977233887,0.5794769701997267,0.0,0.9999000099990001,True
layer3.1.sn2,100,65,0.38268110156059265,0.30338947911926706,0.0,0.9999000099990001,True
layer3.1.sn2,100,66,0.544208288192749,0.4262730795996253,0.0,0.9999000099990001,True
layer3.1.sn2,100,67,0.5161370038986206,0.3854180838239978,0.0,0.9999000099990001,True
layer3.1.sn2,100,68,0.2861354947090149,0.2167368311780774,9.918941998986113e-261,0.9999000099990001,True
layer3.1.sn2,100,69,0.6727889776229858,0.5370159957374717,0.0,0.9999000099990001,True
layer3.1.sn2,100,70,0.43150973320007324,0.3449586088230944,0.0,0.9999000099990001,True
layer3.1.sn2,100,71,0.6056779026985168,0.45271186673841624,0.0,0.9999000099990001,True
layer3.1.sn2,100,72,0.55035001039505,0.37891169938696434,0.0,0.9999000099990001,True
layer3.1.sn2,100,73,0.5157198905944824,0.45521749495101155,0.0,0.9999000099990001,True
layer3.1.sn2,100,74,0.7411184310913086,0.5083346773827233,0.0,0.9999000099990001,True
layer3.1.sn2,100,75,0.3960033655166626,0.29621330375314714,0.0,0.9999000099990001,True
layer3.1.sn2,100,76,0.4314608573913574,0.35350111946047497,0.0,0.9999000099990001,True
layer3.1.sn2,100,77,0.7884572148323059,0.5432532764137021,0.0,0.9999000099990001,True
layer3.1.sn2,100,78,0.678748369216919,0.5325058062897475,0.0,0.9999000099990001,True
layer3.1.sn2,100,79,0.607309877872467,0.42346471352993686,0.0,0.9999000099990001,True
layer3.1.sn2,100,80,0.4109296500682831,0.3106746016376363,0.0,0.9999000099990001,True
layer3.1.sn2,100,81,0.5317319631576538,0.3645185856345361,0.0,0.9999000099990001,True
layer3.1.sn2,100,82,0.619738757610321,0.48512838011752074,0.0,0.9999000099990001,True
layer3.1.sn2,100,83,0.4532829523086548,0.3442709879533616,0.0,0.9999000099990001,True
layer3.1.sn2,100,84,0.6993067860603333,0.5414721153687594,0.0,0.9999000099990001,True
layer3.1.sn2,100,85,0.3870609402656555,0.3092655738609564,0.0,0.9999000099990001,True
layer3.1.sn2,100,86,0.7063049674034119,0.5691688427399684,0.0,0.9999000099990001,True
layer3.1.sn2,100,87,0.5688762068748474,0.42898927319912716,0.0,0.9999000099990001,True
layer3.1.sn2,100,88,0.41942864656448364,0.3025869802108584,0.0,0.9999000099990001,True
layer3.1.sn2,100,89,0.36777281761169434,0.28737742730912064,0.0,0.9999000099990001,True
layer3.1.sn2,100,90,0.45771241188049316,0.3302802763158157,0.0,0.9999000099990001,True
layer3.1.sn2,100,91,0.33932965993881226,0.2623986841641216,1.491258606241038e-295,0.9999000099990001,True
layer3.1.sn2,100,92,0.4819595217704773,0.3630182078207992,0.0,0.9999000099990001,True
layer3.1.sn2,100,93,0.49863550066947937,0.3824299666032377,0.0,0.9999000099990001,True
layer3.1.sn2,100,94,0.9249134063720703,0.6367543843423065,0.0,0.9999000099990001,True
layer3.1.sn2,100,95,0.44001641869544983,0.3487869318197081,0.0,0.9999000099990001,True
layer3.1.sn2,100,96,0.4363575875759125,0.33677617709829055,0.0,0.9999000099990001,True
layer3.1.sn2,100,97,0.43607452511787415,0.30196580350610136,0.0,0.9999000099990001,True
layer3.1.sn2,100,98,0.29462048411369324,0.20183554557916716,0.0,0.9999000099990001,True
layer3.1.sn2,100,99,0.29900720715522766,0.2484991981383773,7.650955103216127e-273,0.9999000099990001,True
layer3.1.sn2,100,100,0.69339919090271,0.47881218496519984,0.0,0.9999000099990001,True
layer3.1.sn2,100,101,0.71583092212677,0.5587175650798379,0.0,0.9999000099990001,True
layer3.1.sn2,100,102,0.5545271039009094,0.4246754272489479,0.0,0.9999000099990001,True
layer3.1.sn2,100,103,0.4448947608470917,0.3313146541428141,0.0,0.9999000099990001,True
layer3.1.sn2,100,104,0.39050230383872986,0.2971321883962267,0.0,0.9999000099990001,True
layer3.1.sn2,100,105,0.5286210775375366,0.40098689679634647,0.0,0.9999000099990001,True
layer3.1.sn2,100,106,0.4891877770423889,0.3703950131432642,0.0,0.9999000099990001,True
layer3.1.sn2,100,107,0.6360523700714111,0.5124382916761433,0.0,0.9999000099990001,True
layer3.1.sn2,100,108,0.7087461352348328,0.5580267595959449,0.0,0.9999000099990001,True
layer3.1.sn2,100,109,0.3845827579498291,0.29149707092199706,0.0,0.9999000099990001,True
layer3.1.sn2,100,110,0.41877132654190063,0.3183066387225165,0.0,0.9999000099990001,True
layer3.1.sn2,100,111,0.5868048071861267,0.45231493718754734,0.0,0.9999000099990001,True
layer3.1.sn2,100,112,0.43776440620422363,0.32902456391986856,0.0,0.9999000099990001,True
layer3.1.sn2,100,113,0.546744167804718,0.4366217511476488,0.0,0.9999000099990001,True
layer3.1.sn2,100,114,0.4772289991378784,0.35849649387750726,0.0,0.9999000099990001,True
layer3.1.sn2,100,115,0.4993225336074829,0.36487614060980245,0.0,0.9999000099990001,True
layer3.1.sn2,100,116,0.3630574941635132,0.2978435519447757,6.294596896294553e-308,0.9999000099990001,True
layer3.1.sn2,100,117,0.4906373620033264,0.36669577281338894,0.0,0.9999000099990001,True
layer3.1.sn2,100,118,0.6045743823051453,0.4619537778424988,0.0,0.9999000099990001,True
layer3.1.sn2,100,119,0.4458498954772949,0.33877799317398893,0.0,0.9999000099990001,True
layer3.1.sn2,100,120,0.5300741195678711,0.4048551313851503,0.0,0.9999000099990001,True
layer3.1.sn2,100,121,0.6610410809516907,0.5032374671530071,0.0,0.9999000099990001,True
layer3.1.sn2,100,122,0.3758828341960907,0.2799372195990591,0.0,0.9999000099990001,True
layer3.1.sn2,100,123,0.3519878387451172,0.2724080609572044,1.6400310909511633e-300,0.9999000099990001,True
layer3.1.sn2,100,124,0.41219455003738403,0.3034455913956891,0.0,0.9999000099990001,True
layer3.1.sn2,100,125,0.48255541920661926,0.3749151538851421,0.0,0.9999000099990001,True
layer3.1.sn2,100,126,0.5519689917564392,0.3826074575010217,0.0,0.9999000099990001,True
layer3.1.sn2,100,127,0.5029951930046082,0.39570769766135494,0.0,0.9999000099990001,True
layer3.1.sn2,100,128,0.8443657159805298,0.5889434917241284,0.0,0.9999000099990001,True
layer3.1.sn2,100,129,0.7368847727775574,0.5099269262146109,0.0,0.9999000099990001,True
layer3.1.sn2,100,130,0.5949392914772034,0.4399684171224748,0.0,0.9999000099990001,True
layer3.1.sn2,100,131,0.4694390296936035,0.36341750038686577,0.0,0.9999000099990001,True
layer3.1.sn2,100,132,0.6956620216369629,0.48402410069265855,0.0,0.9999000099990001,True
layer3.1.sn2,100,133,0.3773123621940613,0.2837032611187561,0.0,0.9999000099990001,True
layer3.1.sn2,100,134,0.5702673196792603,0.39544438256545533,0.0,0.9999000099990001,True
layer3.1.sn2,100,135,0.6698472499847412,0.5328837330066503,0.0,0.9999000099990001,True
layer3.1.sn2,100,136,0.6152485013008118,0.4284774799268495,0.0,0.9999000099990001,True
layer3.1.sn2,100,137,0.610773503780365,0.47954862791850417,0.0,0.9999000099990001,True
layer3.1.sn2,100,138,0.434428870677948,0.32548849734889684,0.0,0.9999000099990001,True
layer3.1.sn2,100,139,0.6439220905303955,0.4955880197912129,0.0,0.9999000099990001,True
layer3.1.sn2,100,140,0.53522789478302,0.4047096574828613,0.0,0.9999000099990001,True
layer3.1.sn2,100,141,0.5653939247131348,0.3895745260126332,0.0,0.9999000099990001,True
layer3.1.sn2,100,142,0.5049181580543518,0.3766348821738613,0.0,0.9999000099990001,True
layer3.1.sn2,100,143,0.473270058631897,0.35937231153517746,0.0,0.9999000099990001,True
layer3.1.sn2,100,144,0.38044872879981995,0.31320822576158647,0.0,0.9999000099990001,True
layer3.1.sn2,100,145,0.5020890235900879,0.3764337342809776,0.0,0.9999000099990001,True
layer3.1.sn2,100,146,0.6040917038917542,0.45570826482536514,0.0,0.9999000099990001,True
layer3.1.sn2,100,147,0.7125505805015564,0.5886193580727712,0.0,0.9999000099990001,True
layer3.1.sn2,100,148,0.5046501159667969,0.3800057575239921,0.0,0.9999000099990001,True
layer3.1.sn2,100,149,0.641933023929596,0.4441360765775733,0.0,0.9999000099990001,True
layer3.1.sn2,100,150,0.4929509460926056,0.3734317753686896,0.0,0.9999000099990001,True
layer3.1.sn2,100,151,,0.30774613110518667,,0.9900990099009901,False
layer3.1.sn2,100,152,0.5784956812858582,0.39564659722383966,0.0,0.9999000099990001,True
layer3.1.sn2,100,153,0.40740907192230225,0.3109556717748666,0.0,0.9999000099990001,True
layer3.1.sn2,100,154,0.5787719488143921,0.4339712816929314,0.0,0.9999000099990001,True
layer3.1.sn2,100,155,0.42780330777168274,0.32813564831141706,0.0,0.9999000099990001,True
layer3.1.sn2,100,156,0.5922503471374512,0.4321920286877282,0.0,0.9999000099990001,True
layer3.1.sn2,100,157,0.6348654627799988,0.503318090563574,0.0,0.9999000099990001,True
layer3.1.sn2,100,158,0.6032530665397644,0.4125343008444162,0.0,0.9999000099990001,True
layer3.1.sn2,100,159,0.47371187806129456,0.32321260272827396,0.0,0.9999000099990001,True
layer3.1.sn2,100,160,0.759501576423645,0.5244564221820344,0.0,0.9999000099990001,True
layer3.1.sn2,100,161,0.5019775629043579,0.3748153016278646,0.0,0.9999000099990001,True
layer3.1.sn2,100,162,0.504399299621582,0.34842669716925634,0.0,0.9999000099990001,True
layer3.1.sn2,100,163,0.3594443202018738,0.2506525805834724,0.0,0.9999000099990001,True
layer3.1.sn2,100,164,0.40968674421310425,0.306144040770022,0.0,0.9999000099990001,True
layer3.1.sn2,100,165,0.5586707592010498,0.4096567309182919,0.0,0.9999000099990001,True
layer3.1.sn2,100,166,0.48544514179229736,0.37720961280511556,0.0,0.9999000099990001,True
layer3.1.sn2,100,167,0.6057488918304443,0.468284394364516,0.0,0.9999000099990001,True
layer3.1.sn2,100,168,0.5450068712234497,0.41271257533789185,0.0,0.9999000099990001,True
layer3.1.sn2,100,169,0.6795805096626282,0.581851082282471,0.0,0.9999000099990001,True
layer3.1.sn2,100,170,0.3892193138599396,0.2813943994118148,0.0,0.9999000099990001,True
layer3.1.sn2,100,171,0.678080677986145,0.5346637340565422,0.0,0.9999000099990001,True
layer3.1.sn2,100,172,0.6802033185958862,0.5435956834662505,0.0,0.9999000099990001,True
layer3.1.sn2,100,173,0.4746687114238739,0.3460166770338422,0.0,0.9999000099990001,True
layer3.1.sn2,100,174,0.7142243981361389,0.5862880960283395,0.0,0.9999000099990001,True
layer3.1.sn2,100,175,0.6993634104728699,0.5484804930805018,0.0,0.9999000099990001,True
layer3.1.sn2,100,176,0.4704224169254303,0.37759009869542975,0.0,0.9999000099990001,True
layer3.1.sn2,100,177,0.5571771860122681,0.4102336342850227,0.0,0.9999000099990001,True
layer3.1.sn2,100,178,0.5378491282463074,0.36748524214306016,0.0,0.9999000099990001,True
layer3.1.sn2,100,179,0.574370801448822,0.3988088563680922,0.0,0.9999000099990001,True
layer3.1.sn2,100,180,0.5276617407798767,0.36198196180335085,0.0,0.9999000099990001,True
layer3.1.sn2,100,181,0.23976139724254608,0.19921958072496115,1.4808108761765616e-228,0.9999000099990001,True
layer3.1.sn2,100,182,0.4592615067958832,0.31855302793533,0.0,0.9999000099990001,True
layer3.1.sn2,100,183,0.46531060338020325,0.3496974476154998,0.0,0.9999000099990001,True
layer3.1.sn2,100,184,0.5187561511993408,0.41559860134555326,0.0,0.9999000099990001,True
layer3.1.sn2,100,185,0.7050389647483826,0.4839550396608876,0.0,0.9999000099990001,True
layer3.1.sn2,100,186,0.515735924243927,0.41300387378789,0.0,0.9999000099990001,True
layer3.1.sn2,100,187,0.4441123306751251,0.3273333156949897,0.0,0.9999000099990001,True
layer3.1.sn2,100,188,0.3588588535785675,0.28431071874897645,7.577995853464387e-302,0.9999000099990001,True
layer3.1.sn2,100,189,0.4425033926963806,0.35467922035864863,0.0,0.9999000099990001,True
layer3.1.sn2,100,190,0.5883916616439819,0.4603815792305934,0.0,0.9999000099990001,True
layer3.1.sn2,100,191,0.508527934551239,0.34823775379192085,0.0,0.9999000099990001,True
layer3.1.sn2,100,192,0.5175079107284546,0.39781148213791384,0.0,0.9999000099990001,True
layer3.1.sn2,100,193,0.7519143223762512,0.5198878565861149,0.0,0.9999000099990001,True
layer3.1.sn2,100,194,0.49559035897254944,0.3725563238168647,0.0,0.9999000099990001,True
layer3.1.sn2,100,195,0.37015992403030396,0.2968740862734651,0.0,0.9999000099990001,True
layer3.1.sn2,100,196,0.4535853862762451,0.3295257193638801,0.0,0.9999000099990001,True
layer3.1.sn2,100,197,0.4728858470916748,0.32830242045081076,0.0,0.9999000099990001,True
layer3.1.sn2,100,198,0.4522959291934967,0.34788082525193764,0.0,0.9999000099990001,True
layer3.1.sn2,100,199,0.7119146585464478,0.5568310324092642,0.0,0.9999000099990001,True
layer3.1.sn2,100,200,0.6322733163833618,0.4815517687115842,0.0,0.9999000099990001,True
layer3.1.sn2,100,201,0.3753674626350403,0.3016793107531711,0.0,0.9999000099990001,True
layer3.1.sn2,100,202,0.5176780819892883,0.3798177709198178,0.0,0.9999000099990001,True
layer3.1.sn2,100,203,0.5383346676826477,0.40494323867402593,0.0,0.9999000099990001,True
layer3.1.sn2,100,204,0.33061274886131287,0.22138923334207458,0.0,0.9999000099990001,True
layer3.1.sn2,100,205,0.5429752469062805,0.40429303227828495,0.0,0.9999000099990001,True
layer3.1.sn2,100,206,0.47922807931900024,0.3282508932497643,0.0,0.9999000099990001,True
layer3.1.sn2,100,207,0.4972769021987915,0.344623880069748,0.0,0.9999000099990001,True
layer3.1.sn2,100,208,0.37518012523651123,0.2842586244783586,1.0437411742873e-310,0.9999000099990001,True
layer3.1.sn2,100,209,0.7793747186660767,0.5391647081304309,0.0,0.9999000099990001,True
layer3.1.sn2,100,210,0.36931103467941284,0.2848294501785372,9.875437677372958e-303,0.9999000099990001,True
layer3.1.sn2,100,211,0.29191407561302185,0.23216068462745648,2.2791736163004083e-266,0.9999000099990001,True
layer3.1.sn2,100,212,0.5535740852355957,0.41452889296796036,0.0,0.9999000099990001,True
layer3.1.sn2,100,213,0.44525814056396484,0.37008368695854915,0.0,0.9999000099990001,True
layer3.1.sn2,100,214,0.4048788249492645,0.3170332808450803,0.0,0.9999000099990001,True
layer3.1.sn2,100,215,0.3537212610244751,0.27367973604024276,3.15773834042161e-299,0.9999000099990001,True
layer3.1.sn2,100,216,0.5670271515846252,0.3895733925072264,0.0,0.9999000099990001,True
layer3.1.sn2,100,217,0.39618220925331116,0.3004862600806596,0.0,0.9999000099990001,True
layer3.1.sn2,100,218,0.48743799328804016,0.3716571367100825,0.0,0.9999000099990001,True
layer3.1.sn2,100,219,0.5604564547538757,0.4232017043534523,0.0,0.9999000099990001,True
layer3.1.sn2,100,220,0.28507745265960693,0.2381768330542287,6.754270474947906e-261,0.9999000099990001,True
layer3.1.sn2,100,221,0.42978641390800476,0.2955365738071782,0.0,0.9999000099990001,True
layer3.1.sn2,100,222,0.7093990445137024,0.4864510254144444,0.0,0.9999000099990001,True
layer3.1.sn2,100,223,0.3107593357563019,0.23278013556729685,1.1783905355071095e-284,0.9999000099990001,True
layer3.1.sn2,100,224,0.5333075523376465,0.3714850963524079,0.0,0.9999000099990001,True
layer3.1.sn2,100,225,0.4325757622718811,0.3219445297517102,0.0,0.9999000099990001,True
layer3.1.sn2,100,226,0.5239998698234558,0.4064513902414345,0.0,0.9999000099990001,True
layer3.1.sn2,100,227,0.4132176339626312,0.2861098975008246,0.0,0.9999000099990001,True
layer3.1.sn2,100,228,0.4405469596385956,0.33059574481769854,0.0,0.9999000099990001,True
layer3.1.sn2,100,229,0.45773422718048096,0.3470266701418041,0.0,0.9999000099990001,True
layer3.1.sn2,100,230,0.5644037127494812,0.38608249905873443,0.0,0.9999000099990001,True
layer3.1.sn2,100,231,0.2960730493068695,0.2317967036373639,5.26996526444244e-271,0.9999000099990001,True
layer3.1.sn2,100,232,0.5342950224876404,0.39830354233584236,0.0,0.9999000099990001,True
layer3.1.sn2,100,233,0.25174933671951294,0.2030400420511333,6.104259069517781e-250,0.9999000099990001,True
layer3.1.sn2,100,234,0.8158254027366638,0.5648277415864558,0.0,0.9999000099990001,True
layer3.1.sn2,100,235,0.6102454662322998,0.4534553171583505,0.0,0.9999000099990001,True
layer3.1.sn2,100,236,0.5484572649002075,0.3743733479551193,0.0,0.9999000099990001,True
layer3.1.sn2,100,237,0.6075616478919983,0.46824691060080037,0.0,0.9999000099990001,True
layer3.1.sn2,100,238,0.47789379954338074,0.3297186559259766,0.0,0.9999000099990001,True
layer3.1.sn2,100,239,0.4731006622314453,0.36855980758024376,0.0,0.9999000099990001,True
layer3.1.sn2,100,240,,0.4678300936171974,,0.9900990099009901,False
layer3.1.sn2,100,241,0.7445874810218811,0.5645312962446765,0.0,0.9999000099990001,True
layer3.1.sn2,100,242,0.4313424527645111,0.33072909562112374,0.0,0.9999000099990001,True
layer3.1.sn2,100,243,0.23589062690734863,0.19594547458503106,1.897994395762966e-235,0.9999000099990001,True
layer3.1.sn2,100,244,0.4132218360900879,0.3139900184028654,0.0,0.9999000099990001,True
layer3.1.sn2,100,245,0.38648757338523865,0.2863975903633792,0.0,0.9999000099990001,True
layer3.1.sn2,100,246,0.6480321288108826,0.531545253172901,0.0,0.9999000099990001,True
layer3.1.sn2,100,247,0.6813291311264038,0.4644676162938358,0.0,0.9999000099990001,True
layer3.1.sn2,100,248,0.5309520363807678,0.4110275557804992,0.0,0.9999000099990001,True
layer3.1.sn2,100,249,0.4750860035419464,0.32917245560507613,0.0,0.9999000099990001,True
layer3.1.sn2,100,250,0.6493558287620544,0.4455449234410918,0.0,0.9999000099990001,True
layer3.1.sn2,100,251,0.728643000125885,0.5019789787546061,0.0,0.9999000099990001,True
layer3.1.sn2,100,252,0.37846145033836365,0.28220304497241433,0.0,0.9999000099990001,True
layer3.1.sn2,100,253,0.5505412817001343,0.3827819289252836,0.0,0.9999000099990001,True
layer3.1.sn2,100,254,0.37448468804359436,0.29742055343868823,1.0272331474311145e-307,0.9999000099990001,True
layer3.1.sn2,100,255,0.8493279814720154,0.5877030670933503,0.0,0.9999000099990001,True
layer4.1.sn2,100,0,0.1530996710062027,0.10612060437850063,0.0,0.9999000099990001,True
layer4.1.sn2,100,1,0.2377716600894928,0.16481075247975224,0.0,0.9999000099990001,True
layer4.1.sn2,100,2,0.15809577703475952,0.10958364206828164,0.0,0.9999000099990001,True
layer4.1.sn2,100,3,0.06156010925769806,0.04267021735916786,4.461967665319244e-142,0.9999000099990001,True
layer4.1.sn2,100,4,0.04491284862160683,0.031131214245756284,7.250948767290392e-92,0.9999000099990001,True
layer4.1.sn2,100,5,0.07703223079442978,0.05339467441045036,6.699650571712971e-215,0.9999000099990001,True
layer4.1.sn2,100,6,0.09109359979629517,0.06314126947057369,1.713583010446795e-195,0.9999000099990001,True
layer4.1.sn2,100,7,0.011775050312280655,0.008161843110180055,1.1926931441939734e-26,0.9999000099990001,True
layer4.1.sn2,100,8,0.2945960462093353,0.20419842085723716,0.0,0.9999000099990001,True
layer4.1.sn2,100,9,0.1872955709695816,0.12982339446999258,0.0,0.9999000099990001,True
layer4.1.sn2,100,10,0.06020593270659447,0.041731571777222476,6.867481912758839e-100,0.9999000099990001,True
layer4.1.sn2,100,11,0.07172248512506485,0.04971424079299013,2.651562286795437e-137,0.9999000099990001,True
layer4.1.sn2,100,12,0.09614425897598267,0.06664212197585218,3.1870019594478674e-169,0.9999000099990001,True
layer4.1.sn2,100,13,0.10463377088308334,0.07252660219151918,2.5491573685946542e-219,0.9999000099990001,True
layer4.1.sn2,100,14,0.01322135329246521,0.009164343841925807,1.4180739827842167e-23,0.9999000099990001,True
layer4.1.sn2,100,15,0.2461075335741043,0.17058874768251964,0.0,0.9999000099990001,True
layer4.1.sn2,100,16,0.4262657165527344,0.29546487793543286,0.0,0.9999000099990001,True
layer4.1.sn2,100,17,0.1728580892086029,0.11981610104495044,0.0,0.9999000099990001,True
layer4.1.sn2,100,18,0.02412967011332512,0.016725413210437395,4.980864135559111e-35,0.9999000099990001,True
layer4.1.sn2,100,19,0.016931548714637756,0.01173605556167071,7.954038574220607e-38,0.9999000099990001,True
layer4.1.sn2,100,20,0.09764451533555984,0.06768201908457122,8.801706562915888e-207,0.9999000099990001,True
layer4.1.sn2,100,21,0.3453962802886963,0.2394104651526181,0.0,0.9999000099990001,True
layer4.1.sn2,100,22,0.26290780305862427,0.18223379496298958,0.0,0.9999000099990001,True
layer4.1.sn2,100,23,0.12528802454471588,0.08684304415925713,8.573940373953342e-304,0.9999000099990001,True
layer4.1.sn2,100,24,0.38741642236709595,0.26853660022179104,0.0,0.9999000099990001,True
layer4.1.sn2,100,25,0.09090025722980499,0.0630072553204581,2.444505127861658e-261,0.9999000099990001,True
layer4.1.sn2,100,26,0.29952964186668396,0.2076181167236616,0.0,0.9999000099990001,True
layer4.1.sn2,100,27,0.015747083351016045,0.010915046990453545,2.351149038525087e-31,0.9999000099990001,True
layer4.1.sn2,100,28,0.05797167494893074,0.04018290358646076,1.6983315569759105e-117,0.9999000099990001,True
layer4.1.sn2,100,29,0.03390969708561897,0.02350441175576528,2.0866760570320676e-74,0.9999000099990001,True
layer4.1.sn2,100,30,0.30026185512542725,0.20812566491723777,0.0,0.9999000099990001,True
layer4.1.sn2,100,31,0.3135908842086792,0.21736463099182973,0.0,0.9999000099990001,True
layer4.1.sn2,100,32,0.48407652974128723,0.335536289565393,0.0,0.9999000099990001,True
layer4.1.sn2,100,33,0.44011181592941284,0.30506227032569855,0.0,0.9999000099990001,True
layer4.1.sn2,100,34,0.4093013405799866,0.28370606363910045,0.0,0.9999000099990001,True
layer4.1.sn2,100,35,0.14665615558624268,0.10165430581111035,0.0,0.9999000099990001,True
layer4.1.sn2,100,36,0.1061469241976738,0.07357544348645498,5.032435221364072e-268,0.9999000099990001,True
layer4.1.sn2,100,37,0.31116756796836853,0.21568492606261608,0.0,0.9999000099990001,True
layer4.1.sn2,100,38,0.08287829905748367,0.05744685929549849,3.3512433200074494e-200,0.9999000099990001,True
layer4.1.sn2,100,39,0.02514798380434513,0.017431253571290127,2.448491993136892e-51,0.9999000099990001,True
layer4.1.sn2,100,40,0.2006452977657318,0.13907671915273118,0.0,0.9999000099990001,True
layer4.1.sn2,100,41,0.31730613112449646,0.21993984903384964,0.0,0.9999000099990001,True
layer4.1.sn2,100,42,0.4838087856769562,0.33535069095583914,0.0,0.9999000099990001,True
layer4.1.sn2,100,43,0.1412351429462433,0.09789674249503974,3.0427901001643616e-295,0.9999000099990001,True
layer4.1.sn2,100,44,0.33721551299095154,0.23373998667301182,0.0,0.9999000099990001,True
layer4.1.sn2,100,45,0.1566411852836609,0.10857539328616925,0.0,0.9999000099990001,True
layer4.1.sn2,100,46,0.26153185963630676,0.18128006551475967,0.0,0.9999000099990001,True
layer4.1.sn2,100,47,0.1155816838145256,0.08011512042664229,1.2993305009763278e-274,0.9999000099990001,True
layer4.1.sn2,100,48,0.1375865787267685,0.09536774825943159,9.486143709474062e-277,0.9999000099990001,True
layer4.1.sn2,100,49,0.2924870252609253,0.2027365538757847,0.0,0.9999000099990001,True
layer4.1.sn2,100,50,0.14313246309757233,0.09921185955125633,0.0,0.9999000099990001,True
layer4.1.sn2,100,51,0.27240651845932007,0.1888178080173359,0.0,0.9999000099990001,True
layer4.1.sn2,100,52,0.43480831384658813,0.3013861499707118,0.0,0.9999000099990001,True
layer4.1.sn2,100,53,0.1941918283700943,0.13460352012197968,0.0,0.9999000099990001,True
layer4.1.sn2,100,54,0.16047991812229156,0.11123620172753701,0.0,0.9999000099990001,True
layer4.1.sn2,100,55,0.0681220218539238,0.04721858831350387,1.5096679925277592e-128,0.9999000099990001,True
layer4.1.sn2,100,56,0.2884732484817505,0.199954422994253,0.0,0.9999000099990001,True
layer4.1.sn2,100,57,0.34953367710113525,0.24227827736094565,0.0,0.9999000099990001,True
layer4.1.sn2,100,58,0.2843775153160095,0.19711546611272074,0.0,0.9999000099990001,True
layer4.1.sn2,100,59,0.157744899392128,0.1093404333127845,0.0,0.9999000099990001,True
layer4.1.sn2,100,60,0.30468958616256714,0.21119472509796183,0.0,0.9999000099990001,True
layer4.1.sn2,100,61,0.03611685708165169,0.025034296385553413,3.7868435954942664e-113,0.9999000099990001,True
layer4.1.sn2,100,62,0.2762812376022339,0.19150355888069034,0.0,0.9999000099990001,True
layer4.1.sn2,100,63,0.40500736236572266,0.28072971838408634,0.0,0.9999000099990001,True
layer4.1.sn2,100,64,0.4098445773124695,0.28408262074182966,0.0,0.9999000099990001,True
layer4.1.sn2,100,65,0.3748573064804077,0.2598312911466965,0.0,0.9999000099990001,True
layer4.1.sn2,100,66,0.1892431527376175,0.1311733534616341,0.0,0.9999000099990001,True
layer4.1.sn2,100,67,0.39759203791618347,0.2755898047645725,0.0,0.9999000099990001,True
layer4.1.sn2,100,68,0.09547508507966995,0.06617828462903193,5.615511125839916e-221,0.9999000099990001,True
layer4.1.sn2,100,69,0.2995680272579193,0.20764472647038895,0.0,0.9999000099990001,True
layer4.1.sn2,100,70,0.054420147091150284,0.037721170462683334,5.110451589551715e-96,0.9999000099990001,True
layer4.1.sn2,100,71,0.393393874168396,0.2726798575442573,0.0,0.9999000099990001,True
layer4.1.sn2,100,72,0.08340996503829956,0.057815382995385904,2.9339643371547146e-252,0.9999000099990001,True
layer4.1.sn2,100,73,0.2862298786640167,0.19839943816458305,0.0,0.9999000099990001,True
layer4.1.sn2,100,74,0.04859141260385513,0.03368099973493552,1.6076544866984065e-85,0.9999000099990001,True
layer4.1.sn2,100,75,0.3675177991390228,0.2547439212041426,0.0,0.9999000099990001,True
layer4.1.sn2,100,76,0.09014474600553513,0.062483574339964675,2.8362733679178045e-187,0.9999000099990001,True
layer4.1.sn2,100,77,0.04604015126824379,0.031912602274432635,3.3216193009405585e-76,0.9999000099990001,True
layer4.1.sn2,100,78,0.07743791490793228,0.0536758704449967,1.745934077336703e-203,0.9999000099990001,True
layer4.1.sn2,100,79,0.2831519842147827,0.19626599424434665,0.0,0.9999000099990001,True
layer4.1.sn2,100,80,0.13172177970409393,0.0913025820377584,3.1166923354159197e-280,0.9999000099990001,True
layer4.1.sn2,100,81,0.1397876739501953,0.09689343296127424,4.2990245140350963e-283,0.9999000099990001,True
layer4.1.sn2,100,82,0.05814781412482262,0.04030499360545413,8.598164722219409e-141,0.9999000099990001,True
layer4.1.sn2,100,83,0.16327239573001862,0.1131717957092868,0.0,0.9999000099990001,True
layer4.1.sn2,100,84,0.35043054819107056,0.24289993943614321,0.0,0.9999000099990001,True
layer4.1.sn2,100,85,0.3736060857772827,0.2589640012237139,0.0,0.9999000099990001,True
layer4.1.sn2,100,86,0.5660273432731628,0.39234025656068805,0.0,0.9999000099990001,True
layer4.1.sn2,100,87,0.3597317337989807,0.24934704017934706,0.0,0.9999000099990001,True
layer4.1.sn2,100,88,0.12370233982801437,0.08574392644317749,0.0,0.9999000099990001,True
layer4.1.sn2,100,89,0.03524354472756386,0.024428963937583502,3.173126697373046e-64,0.9999000099990001,True
layer4.1.sn2,100,90,0.3040112257003784,0.2107245338564458,0.0,0.9999000099990001,True
layer4.1.sn2,100,91,0.3540549576282501,0.2454122001044996,0.0,0.9999000099990001,True
layer4.1.sn2,100,92,0.548015832901001,0.3798556367678807,0.0,0.9999000099990001,True
layer4.1.sn2,100,93,0.13906151056289673,0.09639009897991938,2.820732849486463e-307,0.9999000099990001,True
layer4.1.sn2,100,94,0.11803116649389267,0.08181297070305861,3.2857553829000724e-231,0.9999000099990001,True
layer4.1.sn2,100,95,0.3645362854003906,0.2526772960953976,0.0,0.9999000099990001,True
layer4.1.sn2,100,96,0.4833439290523529,0.33502847788934276,0.0,0.9999000099990001,True
layer4.1.sn2,100,97,0.346602201461792,0.2402463428536339,0.0,0.9999000099990001,True
layer4.1.sn2,100,98,0.6016514897346497,0.41703301342112453,0.0,0.9999000099990001,True
layer4.1.sn2,100,99,0.32448428869247437,0.22491535982178962,0.0,0.9999000099990001,True
layer4.1.sn2,100,100,0.15835872292518616,0.1097659033995651,0.0,0.9999000099990001,True
layer4.1.sn2,100,101,0.4222464859485626,0.2926789516882547,0.0,0.9999000099990001,True
layer4.1.sn2,100,102,0.29998764395713806,0.20793559355995211,0.0,0.9999000099990001,True
layer4.1.sn2,100,103,0.396411269903183,0.2747713458481644,0.0,0.9999000099990001,True
layer4.1.sn2,100,104,0.055465057492256165,0.03844544932649648,1.7861392006068808e-134,0.9999000099990001,True
layer4.1.sn2,100,105,0.42570412158966064,0.29507561970762,0.0,0.9999000099990001,True
layer4.1.sn2,100,106,0.19758188724517822,0.13695333062775839,0.0,0.9999000099990001,True
layer4.1.sn2,100,107,0.32217714190483093,0.22331617899480816,0.0,0.9999000099990001,True
layer4.1.sn2,100,108,0.3690357208251953,0.2557960629122711,0.0,0.9999000099990001,True
layer4.1.sn2,100,109,0.21135790646076202,0.14650213697566775,0.0,0.9999000099990001,True
layer4.1.sn2,100,110,0.21945887804031372,0.1521173054999647,0.0,0.9999000099990001,True
layer4.1.sn2,100,111,0.061389558017253876,0.042551999766085785,1.4805039500838296e-118,0.9999000099990001,True
layer4.1.sn2,100,112,0.41664281487464905,0.2887947939123635,0.0,0.9999000099990001,True
layer4.1.sn2,100,113,0.44548797607421875,0.3087887424169243,0.0,0.9999000099990001,True
layer4.1.sn2,100,114,0.28382590413093567,0.19673311597365226,0.0,0.9999000099990001,True
layer4.1.sn2,100,115,0.13214834034442902,0.09159825012375308,4.175790708026477e-256,0.9999000099990001,True
layer4.1.sn2,100,116,0.1665731966495514,0.11545974639423,0.0,0.9999000099990001,True
layer4.1.sn2,100,117,0.06230505183339119,0.04318657030962263,1.0273943789331639e-131,0.9999000099990001,True
layer4.1.sn2,100,118,0.28817856311798096,0.19975015449737515,0.0,0.9999000099990001,True
layer4.1.sn2,100,119,0.18597152829170227,0.12890563634308147,0.0,0.9999000099990001,True
layer4.1.sn2,100,120,0.20282509922981262,0.1405876430847167,0.0,0.9999000099990001,True
layer4.1.sn2,100,121,0.11125976592302322,0.07711939063446602,1.345924103109877e-252,0.9999000099990001,True
layer4.1.sn2,100,122,0.2860959768295288,0.19830660999378516,0.0,0.9999000099990001,True
layer4.1.sn2,100,123,0.2746850550174713,0.19039717280816348,0.0,0.9999000099990001,True
layer4.1.sn2,100,124,0.12244514375925064,0.08487250820093098,9.907227289504444e-246,0.9999000099990001,True
layer4.1.sn2,100,125,0.3836166560649872,0.2659028137446625,0.0,0.9999000099990001,True
layer4.1.sn2,100,126,0.058024898171424866,0.040219794910346454,4.494655852465859e-129,0.9999000099990001,True
layer4.1.sn2,100,127,0.04291531443595886,0.02974662847424062,2.0538292731277054e-79,0.9999000099990001,True
layer4.1.sn2,100,128,0.07698682695627213,0.053363204020745535,1.211589261227388e-159,0.9999000099990001,True
layer4.1.sn2,100,129,0.23694705963134766,0.16423919018582622,0.0,0.9999000099990001,True
layer4.1.sn2,100,130,0.14414818584918976,0.09991591301018529,0.0,0.9999000099990001,True
layer4.1.sn2,100,131,0.5582199692726135,0.38692858618805215,0.0,0.9999000099990001,True
layer4.1.sn2,100,132,0.022599995136260986,0.01566512235525584,6.456760799986008e-35,0.9999000099990001,True
layer4.1.sn2,100,133,0.3427591919898987,0.23758256314775822,0.0,0.9999000099990001,True
layer4.1.sn2,100,134,0.2953203618526459,0.20470047200948685,0.0,0.9999000099990001,True
layer4.1.sn2,100,135,0.12116286903619766,0.08398370190355608,1.2416375083447453e-251,0.9999000099990001,True
layer4.1.sn2,100,136,0.2666087746620178,0.18479911557589368,0.0,0.9999000099990001,True
layer4.1.sn2,100,137,0.07207095623016357,0.04995577848353591,1.8165330165857597e-157,0.9999000099990001,True
layer4.1.sn2,100,138,0.1290220469236374,0.08943127297502168,1.1598302690733307e-284,0.9999000099990001,True
layer4.1.sn2,100,139,0.1460455358028412,0.10123104799198608,0.0,0.9999000099990001,True
layer4.1.sn2,100,140,0.0184901412576437,0.012816388692201029,1.466919737308575e-29,0.9999000099990001,True
layer4.1.sn2,100,141,0.337682843208313,0.2340639024708797,0.0,0.9999000099990001,True
layer4.1.sn2,100,142,0.04334595799446106,0.03004512986017441,1.4512306842808396e-83,0.9999000099990001,True
layer4.1.sn2,100,143,0.09084927290678024,0.06297191500000675,2.3429715624861197e-253,0.9999000099990001,True
layer4.1.sn2,100,144,0.33736181259155273,0.2338413904178434,0.0,0.9999000099990001,True
layer4.1.sn2,100,145,0.04504919797182083,0.031225724573126817,1.7199117743752147e-108,0.9999000099990001,True
layer4.1.sn2,100,146,0.05779804289340973,0.04006254996362282,2.791166010825362e-153,0.9999000099990001,True
layer4.1.sn2,100,147,0.035029955208301544,0.024280914342738803,1.321823213693374e-71,0.9999000099990001,True
layer4.1.sn2,100,148,0.1030290424823761,0.07141428891133514,9.68652603112772e-208,0.9999000099990001,True
layer4.1.sn2,100,149,0.13390213251113892,0.0928138879945043,2.4247902493554285e-307,0.9999000099990001,True
layer4.1.sn2,100,150,0.37461137771606445,0.2596608183557554,0.0,0.9999000099990001,True
layer4.1.sn2,100,151,,0.12409756100359101,,0.9900990099009901,False
layer4.1.sn2,100,152,0.2549004852771759,0.17668354350538543,0.0,0.9999000099990001,True
layer4.1.sn2,100,153,0.011874987743794918,0.00823111457299143,9.657650414146184e-20,0.9999000099990001,True
layer4.1.sn2,100,154,0.13116374611854553,0.09091578161243037,6.948021368214502e-268,0.9999000099990001,True
layer4.1.sn2,100,155,0.3587232828140259,0.24864803962655635,0.0,0.9999000099990001,True
layer4.1.sn2,100,156,0.16294997930526733,0.11294831950358067,3.529592774711102e-306,0.9999000099990001,True
layer4.1.sn2,100,157,0.14652729034423828,0.10156497494990091,2.244075760297658e-307,0.9999000099990001,True
layer4.1.sn2,100,158,0.0498688742518425,0.034566468914037016,3.533544461205789e-111,0.9999000099990001,True
layer4.1.sn2,100,159,0.29979565739631653,0.20780250859441696,0.0,0.9999000099990001,True
layer4.1.sn2,100,160,0.4777073562145233,0.3311215072212412,0.0,0.9999000099990001,True
layer4.1.sn2,100,161,0.04232383146882057,0.029336643368568942,5.827986937929847e-76,0.9999000099990001,True
layer4.1.sn2,100,162,0.24839778244495392,0.172176219734294,0.0,0.9999000099990001,True
layer4.1.sn2,100,163,0.2611108422279358,0.18098825320572556,0.0,0.9999000099990001,True
layer4.1.sn2,100,164,0.00911153294146061,0.006315633677118297,4.4922922366480824e-12,0.9999000099990001,True
layer4.1.sn2,100,165,0.39661940932273865,0.27491562922371887,0.0,0.9999000099990001,True
layer4.1.sn2,100,166,0.2329588532447815,0.16147476723513066,0.0,0.9999000099990001,True
layer4.1.sn2,100,167,0.08323546499013901,0.05769442735964131,5.07412381739404e-205,0.9999000099990001,True
layer4.1.sn2,100,168,0.31229493021965027,0.2164663463144602,0.0,0.9999000099990001,True
layer4.1.sn2,100,169,0.07971743494272232,0.05525591634879841,2.76965627373637e-140,0.9999000099990001,True
layer4.1.sn2,100,170,0.04364830628037453,0.03025469996087885,1.0340080769331837e-95,0.9999000099990001,True
layer4.1.sn2,100,171,0.2676439881324768,0.18551668591456277,0.0,0.9999000099990001,True
layer4.1.sn2,100,172,0.31684356927871704,0.21961921695596232,0.0,0.9999000099990001,True
layer4.1.sn2,100,173,0.10712670534849167,0.07425457366314492,3.290538282400911e-256,0.9999000099990001,True
layer4.1.sn2,100,174,0.3987422585487366,0.2763870718431147,0.0,0.9999000099990001,True
layer4.1.sn2,100,175,0.19188761711120605,0.13300635919227435,0.0,0.9999000099990001,True
layer4.1.sn2,100,176,0.17354914546012878,0.12029510455997607,0.0,0.9999000099990001,True
layer4.1.sn2,100,177,0.2179127037525177,0.1510455743091938,0.0,0.9999000099990001,True
layer4.1.sn2,100,178,0.27385222911834717,0.18981990268867924,0.0,0.9999000099990001,True
layer4.1.sn2,100,179,0.25461462140083313,0.17648541095075432,0.0,0.9999000099990001,True
layer4.1.sn2,100,180,0.0449315570294857,0.031144181400847508,1.0916570489811357e-107,0.9999000099990001,True
layer4.1.sn2,100,181,0.4073584973812103,0.282359397472689,0.0,0.9999000099990001,True
layer4.1.sn2,100,182,0.24917611479759216,0.17271571758241377,0.0,0.9999000099990001,True
layer4.1.sn2,100,183,0.008468135260045528,0.005869664160784408,4.211991174745032e-08,0.9999000099990001,True
layer4.1.sn2,100,184,0.48807498812675476,0.33830779228242236,0.0,0.9999000099990001,True
layer4.1.sn2,100,185,0.03587743639945984,0.024868342682918286,1.1414955266151059e-53,0.9999000099990001,True
layer4.1.sn2,100,186,0.27589279413223267,0.19123431192694273,0.0,0.9999000099990001,True
layer4.1.sn2,100,187,0.06917359679937363,0.04794748569465387,1.9804859661379582e-189,0.9999000099990001,True
layer4.1.sn2,100,188,0.17663471400737762,0.12243385387535644,0.0,0.9999000099990001,True
layer4.1.sn2,100,189,0.3126550614833832,0.21671596554276024,0.0,0.9999000099990001,True
layer4.1.sn2,100,190,0.11583101749420166,0.08028794272911907,5.081406901562017e-289,0.9999000099990001,True
layer4.1.sn2,100,191,0.28361761569976807,0.19658875253390765,0.0,0.9999000099990001,True
layer4.1.sn2,100,192,0.3881089687347412,0.269016642224723,0.0,0.9999000099990001,True
layer4.1.sn2,100,193,0.3663657307624817,0.25394537898662306,0.0,0.9999000099990001,True
layer4.1.sn2,100,194,0.003041561460122466,0.002108249805589197,0.0001569250285782364,0.9993000699930007,False
layer4.1.sn2,100,195,0.1712164431810379,0.11867819263322524,0.0,0.9999000099990001,True
layer4.1.sn2,100,196,0.4446839392185211,0.3082314219343477,0.0,0.9999000099990001,True
layer4.1.sn2,100,197,0.027636032551527023,0.01915583854431469,1.4120089617498406e-42,0.9999000099990001,True
layer4.1.sn2,100,198,0.2624548375606537,0.18191983718098012,0.0,0.9999000099990001,True
layer4.1.sn2,100,199,0.03727761283516884,0.025838871827847047,1.3415348898278803e-60,0.9999000099990001,True
layer4.1.sn2,100,200,0.20165365934371948,0.13977566184125925,0.0,0.9999000099990001,True
layer4.1.sn2,100,201,0.05929197743535042,0.0410980677021105,1.1447482484331678e-104,0.9999000099990001,True
layer4.1.sn2,100,202,0.10614802688360214,0.07357620809905974,7.810148294803389e-243,0.9999000099990001,True
layer4.1.sn2,100,203,0.13322845101356506,0.09234692939846113,1.5683612639196932e-230,0.9999000099990001,True
layer4.1.sn2,100,204,0.23762580752372742,0.16470965683331207,0.0,0.9999000099990001,True
layer4.1.sn2,100,205,0.09732876718044281,0.06746315915635628,4.5602389773359596e-237,0.9999000099990001,True
layer4.1.sn2,100,206,0.11025692522525787,0.0764242743998396,3.345186239937802e-222,0.9999000099990001,True
layer4.1.sn2,100,207,0.3717862665653229,0.25770260798961153,0.0,0.9999000099990001,True
layer4.1.sn2,100,208,0.13550496101379395,0.09392488111254109,8.761741143812119e-306,0.9999000099990001,True
layer4.1.sn2,100,209,0.09928315132856369,0.06881783621367393,2.897146646139263e-233,0.9999000099990001,True
layer4.1.sn2,100,210,0.1214827373623848,0.08420541470810533,4.373055912589334e-262,0.9999000099990001,True
layer4.1.sn2,100,211,0.22206899523735046,0.15392649554097004,0.0,0.9999000099990001,True
layer4.1.sn2,100,212,0.04929415509104729,0.03416810407729645,3.0255725496756418e-86,0.9999000099990001,True
layer4.1.sn2,100,213,0.1220070943236351,0.08456887489978142,2.731948527676042e-253,0.9999000099990001,True
layer4.1.sn2,100,214,0.4356762766838074,0.3019877929836209,0.0,0.9999000099990001,True
layer4.1.sn2,100,215,0.03652498126029968,0.02531718805999949,2.8315192790457626e-89,0.9999000099990001,True
layer4.1.sn2,100,216,0.5016821026802063,0.34773955420907254,0.0,0.9999000099990001,True
layer4.1.sn2,100,217,0.31454309821128845,0.21802467178291907,0.0,0.9999000099990001,True
layer4.1.sn2,100,218,0.055788297206163406,0.038669502141491674,8.144735657498651e-147,0.9999000099990001,True
layer4.1.sn2,100,219,0.070323646068573,0.048744635369936104,3.224685635489594e-164,0.9999000099990001,True
layer4.1.sn2,100,220,0.0536210834980011,0.03716730287414162,1.0405434186044965e-80,0.9999000099990001,True
layer4.1.sn2,100,221,0.019705401733517647,0.013658744113916176,2.2261674108897455e-34,0.9999000099990001,True
layer4.1.sn2,100,222,0.023829543963074684,0.01651738081165951,2.172334287564355e-42,0.9999000099990001,True
layer4.1.sn2,100,223,0.3307372033596039,0.22924955412827053,0.0,0.9999000099990001,True
layer4.1.sn2,100,224,0.09648068249225616,0.06687531324717315,6.919611074187935e-233,0.9999000099990001,True
layer4.1.sn2,100,225,0.3199891448020935,0.22179957596675998,0.0,0.9999000099990001,True
layer4.1.sn2,100,226,0.3860107660293579,0.2675622638235182,0.0,0.9999000099990001,True
layer4.1.sn2,100,227,0.016455795615911484,0.0114062886290375,1.766263500492185e-24,0.9999000099990001,True
layer4.1.sn2,100,228,0.23928575217723846,0.16586024870202393,0.0,0.9999000099990001,True
layer4.1.sn2,100,229,0.3383992314338684,0.23456047534185648,0.0,0.9999000099990001,True
layer4.1.sn2,100,230,0.11490904539823532,0.07964888162733712,5.458712442765241e-275,0.9999000099990001,True
layer4.1.sn2,100,231,0.40348902344703674,0.2796772889803463,0.0,0.9999000099990001,True
layer4.1.sn2,100,232,0.06453283131122589,0.04473074809103976,7.103422105911535e-158,0.9999000099990001,True
layer4.1.sn2,100,233,0.21022963523864746,0.14572007691852987,0.0,0.9999000099990001,True
layer4.1.sn2,100,234,0.07370949536561966,0.05109152895450357,8.097377911119935e-160,0.9999000099990001,True
layer4.1.sn2,100,235,0.1914699524641037,0.13271686278753586,0.0,0.9999000099990001,True
layer4.1.sn2,100,236,0.07481255382299423,0.05185610933085966,8.364172417428961e-179,0.9999000099990001,True
layer4.1.sn2,100,237,0.11604553461074829,0.08043663503877169,1.8960799336677357e-256,0.9999000099990001,True
layer4.1.sn2,100,238,0.3756943345069885,0.2604114639398553,0.0,0.9999000099990001,True
layer4.1.sn2,100,239,0.3035907447338104,0.21043307532184347,0.0,0.9999000099990001,True
layer4.1.sn2,100,240,,0.12241285782801614,,0.9900990099009901,False
layer4.1.sn2,100,241,0.27541863918304443,0.1909056525241245,0.0,0.9999000099990001,True
layer4.1.sn2,100,242,0.3634034991264343,0.2518921079435198,0.0,0.9999000099990001,True
layer4.1.sn2,100,243,0.11151151359081268,0.07729389175961938,1.2662450913831472e-232,0.9999000099990001,True
layer4.1.sn2,100,244,0.09823818504810333,0.06809352091773196,8.27116144452219e-216,0.9999000099990001,True
layer4.1.sn2,100,245,0.18081547319889069,0.12533173786969787,0.0,0.9999000099990001,True
layer4.1.sn2,100,246,0.14821942150592804,0.10273787914877885,5.89075186140302e-309,0.9999000099990001,True
layer4.1.sn2,100,247,0.23621045053005219,0.1637286052219065,0.0,0.9999000099990001,True
layer4.1.sn2,100,248,0.19251079857349396,0.1334383168639601,0.0,0.9999000099990001,True
layer4.1.sn2,100,249,0.2556251883506775,0.17718588156978207,0.0,0.9999000099990001,True
layer4.1.sn2,100,250,0.17716751992702484,0.12280316287213364,0.0,0.9999000099990001,True
layer4.1.sn2,100,251,0.1303834617137909,0.09037492518189162,1.9520455863960213e-308,0.9999000099990001,True
layer4.1.sn2,100,252,0.10799280554056168,0.07485490815511187,8.30199184523901e-260,0.9999000099990001,True
layer4.1.sn2,100,253,0.11259511858224869,0.07804498875903462,3.267386469108882e-199,0.9999000099990001,True
layer4.1.sn2,100,254,0.13300183415412903,0.0921898471486327,3.664834133627042e-283,0.9999000099990001,True
layer4.1.sn2,100,255,0.29170453548431396,0.2021941840020753,0.0,0.9999000099990001,True
layer4.1.sn2,100,256,0.48262378573417664,0.3345293159178517,0.0,0.9999000099990001,True
layer4.1.sn2,100,257,0.12894247472286224,0.08937610923742406,6.85989275637902e-295,0.9999000099990001,True
layer4.1.sn2,100,258,0.06185666471719742,0.04287577196921448,1.71439607068825e-132,0.9999000099990001,True
layer4.1.sn2,100,259,0.07553178071975708,0.05235464296537669,2.0560412507302258e-172,0.9999000099990001,True
layer4.1.sn2,100,260,0.1849234402179718,0.12817916143180194,0.0,0.9999000099990001,True
layer4.1.sn2,100,261,0.01923736184835434,0.01333432362486001,9.526304831536225e-43,0.9999000099990001,True
layer4.1.sn2,100,262,0.18164904415607452,0.12590951799178318,0.0,0.9999000099990001,True
layer4.1.sn2,100,263,0.052215203642845154,0.03619282056893251,6.585275058109886e-135,0.9999000099990001,True
layer4.1.sn2,100,264,0.253467857837677,0.17569052499069793,0.0,0.9999000099990001,True
layer4.1.sn2,100,265,0.5032194256782532,0.3488051395260636,0.0,0.9999000099990001,True
layer4.1.sn2,100,266,0.25825682282447815,0.17900998004736163,0.0,0.9999000099990001,True
layer4.1.sn2,100,267,0.16772319376468658,0.11625685888210387,0.0,0.9999000099990001,True
layer4.1.sn2,100,268,0.08014024794101715,0.05554898885708728,2.0862133598411035e-171,0.9999000099990001,True
layer4.1.sn2,100,269,0.4476962685585022,0.3103194121502427,0.0,0.9999000099990001,True
layer4.1.sn2,100,270,0.11556895077228546,0.08010628990169737,2.1946769114855253e-249,0.9999000099990001,True
layer4.1.sn2,100,271,0.14819090068340302,0.1027181002100315,1.2811852878783075e-306,0.9999000099990001,True
layer4.1.sn2,100,272,0.06899146735668182,0.047821242536559984,2.882302771601762e-135,0.9999000099990001,True
layer4.1.sn2,100,273,0.20308546721935272,0.1407681216765411,0.0,0.9999000099990001,True
layer4.1.sn2,100,274,0.33450424671173096,0.23186067972590013,0.0,0.9999000099990001,True
layer4.1.sn2,100,275,0.35712599754333496,0.24754088381109796,0.0,0.9999000099990001,True
layer4.1.sn2,100,276,0.08518294990062714,0.05904432180078906,5.839193921744511e-155,0.9999000099990001,True
layer4.1.sn2,100,277,0.577191174030304,0.40007841849083947,0.0,0.9999000099990001,True
layer4.1.sn2,100,278,0.15065814554691315,0.10442826839850994,2.9270473426604754e-300,0.9999000099990001,True
layer4.1.sn2,100,279,0.2543824017047882,0.17632444912761133,0.0,0.9999000099990001,True
layer4.1.sn2,100,280,0.3394860625267029,0.23531380811815078,0.0,0.9999000099990001,True
layer4.1.sn2,100,281,0.307241827249527,0.2129638130405678,0.0,0.9999000099990001,True
layer4.1.sn2,100,282,0.318684458732605,0.2208952330009495,0.0,0.9999000099990001,True
layer4.1.sn2,100,283,0.2033447027206421,0.14094780240544785,0.0,0.9999000099990001,True
layer4.1.sn2,100,284,0.3051609992980957,0.2115214878486522,0.0,0.9999000099990001,True
layer4.1.sn2,100,285,0.0602036751806736,0.04173000824138981,3.9026321415467175e-149,0.9999000099990001,True
layer4.1.sn2,100,286,0.04913830757141113,0.03406007888715179,2.566853996797847e-118,0.9999000099990001,True
layer4.1.sn2,100,287,0.4078793227672577,0.28272039632452167,0.0,0.9999000099990001,True
layer4.1.sn2,100,288,0.4548225700855255,0.31525899243000327,0.0,0.9999000099990001,True
layer4.1.sn2,100,289,0.3059917092323303,0.21209728748919077,0.0,0.9999000099990001,True
layer4.1.sn2,100,290,0.2231166958808899,0.15465270852684992,0.0,0.9999000099990001,True
layer4.1.sn2,100,291,0.34677037596702576,0.24036291695988424,0.0,0.9999000099990001,True
layer4.1.sn2,100,292,0.3574484884738922,0.24776441870609603,0.0,0.9999000099990001,True
layer4.1.sn2,100,293,0.09707558900117874,0.06728767176565126,1.941434774855267e-242,0.9999000099990001,True
layer4.1.sn2,100,294,0.31134238839149475,0.2158060922044676,0.0,0.9999000099990001,True
layer4.1.sn2,100,295,0.43878409266471863,0.30414196373271457,0.0,0.9999000099990001,True
layer4.1.sn2,100,296,0.13370829820632935,0.09267952755510869,2.2827833233006437e-304,0.9999000099990001,True
layer4.1.sn2,100,297,0.29743045568466187,0.2061630903873562,0.0,0.9999000099990001,True
layer4.1.sn2,100,298,0.28192004561424255,0.1954120933844751,0.0,0.9999000099990001,True
layer4.1.sn2,100,299,0.35039064288139343,0.24287228486102747,0.0,0.9999000099990001,True
layer4.1.sn2,100,300,0.279238760471344,0.19355355329013446,0.0,0.9999000099990001,True
layer4.1.sn2,100,301,0.08754988014698029,0.06068495017118623,4.8738371874439714e-169,0.9999000099990001,True
layer4.1.sn2,100,302,0.15023668110370636,0.10413613312632956,0.0,0.9999000099990001,True
layer4.1.sn2,100,303,0.413181334733963,0.2863954842209758,0.0,0.9999000099990001,True
layer4.1.sn2,100,304,0.05747418478131294,0.03983806813751389,2.5641185346774916e-128,0.9999000099990001,True
layer4.1.sn2,100,305,0.45366793870925903,0.31445864606072904,0.0,0.9999000099990001,True
layer4.1.sn2,100,306,0.1884312480688095,0.1306105874403228,0.0,0.9999000099990001,True
layer4.1.sn2,100,307,0.05184460058808327,0.03593593905849059,2.0910424076766367e-120,0.9999000099990001,True
layer4.1.sn2,100,308,0.15918086469173431,0.11033576567750517,0.0,0.9999000099990001,True
layer4.1.sn2,100,309,0.2599850296974182,0.18020789050552113,0.0,0.9999000099990001,True
layer4.1.sn2,100,310,0.11401796340942383,0.07903122931633973,6.598166887669038e-261,0.9999000099990001,True
layer4.1.sn2,100,311,0.09175580739974976,0.06360027893737773,9.79750772839386e-209,0.9999000099990001,True
layer4.1.sn2,100,312,0.04153047129511833,0.02878672927723076,2.2342165891622264e-121,0.9999000099990001,True
layer4.1.sn2,100,313,0.019576940685510635,0.01356970124254207,2.425422903453503e-34,0.9999000099990001,True
layer4.1.sn2,100,314,0.11203976720571518,0.07766005099047693,6.808574793228204e-243,0.9999000099990001,True
layer4.1.sn2,100,315,0.17411403357982635,0.12068665117424666,0.0,0.9999000099990001,True
layer4.1.sn2,100,316,0.39380767941474915,0.2729666925865277,0.0,0.9999000099990001,True
layer4.1.sn2,100,317,0.04422764852643013,0.03065626877704051,2.236257994205031e-96,0.9999000099990001,True
layer4.1.sn2,100,318,,0.16869809546907638,,0.9900990099009901,False
layer4.1.sn2,100,319,0.0840499997138977,0.05825902007289914,9.391399957395304e-195,0.9999000099990001,True
layer4.1.sn2,100,320,0.05843925103545189,0.040507002491797006,9.184595694883015e-118,0.9999000099990001,True
layer4.1.sn2,100,321,0.12985067069530487,0.09000562505315438,6.410328362271646e-271,0.9999000099990001,True
layer4.1.sn2,100,322,0.32179903984069824,0.22305409680326993,0.0,0.9999000099990001,True
layer4.1.sn2,100,323,0.13415804505348206,0.09299127283609243,0.0,0.9999000099990001,True
layer4.1.sn2,100,324,0.06839659810066223,0.047408908124741286,3.641975806771005e-133,0.9999000099990001,True
layer4.1.sn2,100,325,0.20876114070415497,0.1447022006360972,0.0,0.9999000099990001,True
layer4.1.sn2,100,326,0.33477699756622314,0.23204973152174924,0.0,0.9999000099990001,True
layer4.1.sn2,100,327,0.017129186540842056,0.011873047067529315,2.290314034408042e-31,0.9999000099990001,True
layer4.1.sn2,100,328,0.06339183449745178,0.04393986950145802,3.135911078031542e-122,0.9999000099990001,True
layer4.1.sn2,100,329,0.09851302206516266,0.06828402099183706,3.1982631946577706e-229,0.9999000099990001,True
layer4.1.sn2,100,330,0.09242139756679535,0.06406163049510676,4.037125189962376e-228,0.9999000099990001,True
layer4.1.sn2,100,331,0.1773034632205963,0.12289740038411791,0.0,0.9999000099990001,True
layer4.1.sn2,100,332,0.3361815810203552,0.23302332108897195,0.0,0.9999000099990001,True
layer4.1.sn2,100,333,0.2750675082206726,0.19066227285615459,0.0,0.9999000099990001,True
layer4.1.sn2,100,334,0.5232639312744141,0.3626989128344652,0.0,0.9999000099990001,True
layer4.1.sn2,100,335,0.41837790608406067,0.28999746350926847,0.0,0.9999000099990001,True
layer4.1.sn2,100,336,0.10154078155755997,0.07038270664869879,1.040269615584699e-209,0.9999000099990001,True
layer4.1.sn2,100,337,0.36285847425460815,0.25151433837711495,0.0,0.9999000099990001,True
layer4.1.sn2,100,338,0.02566782385110855,0.017791579197069092,4.623087267955824e-59,0.9999000099990001,True
layer4.1.sn2,100,339,0.0784464105963707,0.05437490628740944,3.0938066490257753e-173,0.9999000099990001,True
layer4.1.sn2,100,340,0.05278131365776062,0.03658521918717629,2.0689128391314557e-127,0.9999000099990001,True
layer4.1.sn2,100,341,0.09331703931093216,0.06468244052142005,5.325711865170311e-223,0.9999000099990001,True
layer4.1.sn2,100,342,0.29054054617881775,0.20138736043502548,0.0,0.9999000099990001,True
layer4.1.sn2,100,343,0.1571650505065918,0.10893851513616194,0.0,0.9999000099990001,True
layer4.1.sn2,100,344,0.291319876909256,0.20192755120443148,0.0,0.9999000099990001,True
layer4.1.sn2,100,345,0.09549246728420258,0.06619033335391214,1.0413782953578575e-202,0.9999000099990001,True
layer4.1.sn2,100,346,0.20600759983062744,0.1427935900997694,0.0,0.9999000099990001,True
layer4.1.sn2,100,347,0.10784836113452911,0.07475478648199507,4.332017102334686e-263,0.9999000099990001,True
layer4.1.sn2,100,348,0.29607337713241577,0.20522241732556407,0.0,0.9999000099990001,True
layer4.1.sn2,100,349,0.32468461990356445,0.22505422995125773,0.0,0.9999000099990001,True
layer4.1.sn2,100,350,0.08143676817417145,0.05644766661756927,2.94328171123235e-184,0.9999000099990001,True
layer4.1.sn2,100,351,0.17642460763454437,0.1222882180802006,0.0,0.9999000099990001,True
layer4.1.sn2,100,352,0.12804532051086426,0.08875425749117798,0.0,0.9999000099990001,True
layer4.1.sn2,100,353,0.21592271327972412,0.14966621498379748,0.0,0.9999000099990001,True
layer4.1.sn2,100,354,0.2459517866373062,0.17048078254204713,0.0,0.9999000099990001,True
layer4.1.sn2,100,355,0.3738967478275299,0.2591654700756376,0.0,0.9999000099990001,True
layer4.1.sn2,100,356,0.2823578715324402,0.1957155572140141,0.0,0.9999000099990001,True
layer4.1.sn2,100,357,0.14886707067489624,0.10318678579053538,0.0,0.9999000099990001,True
layer4.1.sn2,100,358,0.19514596462249756,0.1352648769432171,0.0,0.9999000099990001,True
layer4.1.sn2,100,359,0.17627213895320892,0.12218253736818882,0.0,0.9999000099990001,True
layer4.1.sn2,100,360,0.25255629420280457,0.17505868154761328,0.0,0.9999000099990001,True
layer4.1.sn2,100,361,0.4050838053226471,0.2807826883742778,0.0,0.9999000099990001,True
layer4.1.sn2,100,362,0.33629122376441956,0.23309930459319556,0.0,0.9999000099990001,True
layer4.1.sn2,100,363,0.20026493072509766,0.13881307652988542,0.0,0.9999000099990001,True
layer4.1.sn2,100,364,0.30533698201179504,0.21164347423711938,0.0,0.9999000099990001,True
layer4.1.sn2,100,365,0.15931694209575653,0.11043009082633615,9.151771163445015e-296,0.9999000099990001,True
layer4.1.sn2,100,366,0.031966857612133026,0.02215773623033819,5.10866306786562e-56,0.9999000099990001,True
layer4.1.sn2,100,367,0.020536834374070168,0.01423504900481393,1.2422166398967514e-32,0.9999000099990001,True
layer4.1.sn2,100,368,0.07805580645799637,0.054104162661179137,6.149196622392521e-205,0.9999000099990001,True
layer4.1.sn2,100,369,0.28918424248695374,0.20044724341151754,0.0,0.9999000099990001,True
layer4.1.sn2,100,370,0.38109537959098816,0.2641551848031539,0.0,0.9999000099990001,True
layer4.1.sn2,100,371,0.014085851609706879,0.00976356844449191,1.343767115767546e-16,0.9999000099990001,True
layer4.1.sn2,100,372,0.2558761239051819,0.17735981644728438,0.0,0.9999000099990001,True
layer4.1.sn2,100,373,0.14918988943099976,0.10341054831811247,4.185404305139122e-290,0.9999000099990001,True
layer4.1.sn2,100,374,0.13241985440254211,0.0917864436285069,0.0,0.9999000099990001,True
layer4.1.sn2,100,375,0.0891679972410202,0.06180654356269928,1.0588304265574607e-216,0.9999000099990001,True
layer4.1.sn2,100,376,0.3722797632217407,0.2580446754693016,0.0,0.9999000099990001,True
layer4.1.sn2,100,377,0.3294539749622345,0.22836009626468562,0.0,0.9999000099990001,True
layer4.1.sn2,100,378,0.12030087411403656,0.08338620916660887,2.5709269615207587e-256,0.9999000099990001,True
layer4.1.sn2,100,379,0.07397870719432831,0.05127813042344685,6.665750078920545e-199,0.9999000099990001,True
layer4.1.sn2,100,380,0.23175737261772156,0.16064197146849593,0.0,0.9999000099990001,True
layer4.1.sn2,100,381,0.16302499175071716,0.11300031469960957,0.0,0.9999000099990001,True
layer4.1.sn2,100,382,0.11591341346502304,0.08034505492045126,9.188134157936411e-272,0.9999000099990001,True
layer4.1.sn2,100,383,0.051444485783576965,0.03565860133846888,5.134843749472091e-102,0.9999000099990001,True
layer4.1.sn2,100,384,0.4078066349029541,0.2826700149475839,0.0,0.9999000099990001,True
layer4.1.sn2,100,385,0.07544192671775818,0.0522923613554269,6.046539445552256e-172,0.9999000099990001,True
layer4.1.sn2,100,386,0.019378742203116417,0.013432320471347849,5.129604706409713e-41,0.9999000099990001,True
layer4.1.sn2,100,387,0.07605738937854767,0.052718966609122196,2.9906778100099196e-148,0.9999000099990001,True
layer4.1.sn2,100,388,0.5738768577575684,0.3977811268824986,0.0,0.9999000099990001,True
layer4.1.sn2,100,389,0.3028997778892517,0.20995411913066317,0.0,0.9999000099990001,True
layer4.1.sn2,100,390,0.11235421895980835,0.07787800955789749,1.2905664883550365e-264,0.9999000099990001,True
layer4.1.sn2,100,391,0.06343702226877213,0.043971191218684993,2.539266972724087e-124,0.9999000099990001,True
layer4.1.sn2,100,392,0.16221755743026733,0.11244063813174107,1.2282404599817159e-295,0.9999000099990001,True
layer4.1.sn2,100,393,0.37114787101745605,0.2572601015043234,0.0,0.9999000099990001,True
layer4.1.sn2,100,394,0.3632912039756775,0.25181428324163,0.0,0.9999000099990001,True
layer4.1.sn2,100,395,0.11374859511852264,0.07884451641611266,1.3050298566164807e-255,0.9999000099990001,True
layer4.1.sn2,100,396,0.04745224118232727,0.03289138744305031,5.499999448421248e-125,0.9999000099990001,True
layer4.1.sn2,100,397,0.04370816424489021,0.030296191427943465,1.4255422923013677e-103,0.9999000099990001,True
layer4.1.sn2,100,398,0.06771732866764069,0.04693807559645755,1.225423023333674e-173,0.9999000099990001,True
layer4.1.sn2,100,399,0.10299171507358551,0.07138841621474168,1.5725345331740302e-257,0.9999000099990001,True
layer4.1.sn2,100,400,,0.20310565024876037,,0.9900990099009901,False
layer4.1.sn2,100,401,0.453395813703537,0.3142700209287936,0.0,0.9999000099990001,True
layer4.1.sn2,100,402,0.3137020766735077,0.2174417092662508,0.0,0.9999000099990001,True
layer4.1.sn2,100,403,0.3394855558872223,0.23531346391011887,0.0,0.9999000099990001,True
layer4.1.sn2,100,404,0.21654722094535828,0.150099093010998,0.0,0.9999000099990001,True
layer4.1.sn2,100,405,0.38099750876426697,0.26408734008448637,0.0,0.9999000099990001,True
layer4.1.sn2,100,406,0.05389709025621414,0.03735861605273132,9.337966928322672e-107,0.9999000099990001,True
layer4.1.sn2,100,407,0.5291867852210999,0.3668043292300256,0.0,0.9999000099990001,True
layer4.1.sn2,100,408,0.3482295572757721,0.2413743366142206,0.0,0.9999000099990001,True
layer4.1.sn2,100,409,0.2793792188167572,0.19365091640730822,0.0,0.9999000099990001,True
layer4.1.sn2,100,410,0.4440959692001343,0.3078238723192619,0.0,0.9999000099990001,True
layer4.1.sn2,100,411,0.43820255994796753,0.30373887528360466,0.0,0.9999000099990001,True
layer4.1.sn2,100,412,0.09517976641654968,0.06597358637276077,7.259405724675312e-231,0.9999000099990001,True
layer4.1.sn2,100,413,0.3316221237182617,0.2298629369691922,0.0,0.9999000099990001,True
layer4.1.sn2,100,414,0.1452646702528,0.10068979526726873,0.0,0.9999000099990001,True
layer4.1.sn2,100,415,0.21072685718536377,0.14606473173954054,0.0,0.9999000099990001,True
layer4.1.sn2,100,416,0.5578623414039612,0.3866807083810942,0.0,0.9999000099990001,True
layer4.1.sn2,100,417,0.14775317907333374,0.10241470315708294,0.0,0.9999000099990001,True
layer4.1.sn2,100,418,0.11248394846916199,0.07796793154898501,5.505906304782696e-247,0.9999000099990001,True
layer4.1.sn2,100,419,0.2947483956813812,0.2043040139441358,0.0,0.9999000099990001,True
layer4.1.sn2,100,420,0.16295965015888214,0.11295502482364769,0.0,0.9999000099990001,True
layer4.1.sn2,100,421,0.14313656091690063,0.09921470068701922,1.3536057274452245e-276,0.9999000099990001,True
layer4.1.sn2,100,422,0.4259158968925476,0.2952224062601397,0.0,0.9999000099990001,True
layer4.1.sn2,100,423,0.10075868666172028,0.06984059823957531,2.033056380322953e-236,0.9999000099990001,True
layer4.1.sn2,100,424,0.3878205120563507,0.2688166917082384,0.0,0.9999000099990001,True
layer4.1.sn2,100,425,0.25470346212387085,0.17654698511053712,0.0,0.9999000099990001,True
layer4.1.sn2,100,426,0.2594984173774719,0.17987059257529397,0.0,0.9999000099990001,True
layer4.1.sn2,100,427,0.3735407590866089,0.25891871765704766,0.0,0.9999000099990001,True
layer4.1.sn2,100,428,0.273276686668396,0.18942096585794932,0.0,0.9999000099990001,True
layer4.1.sn2,100,429,0.0990118533372879,0.0686297880760196,1.0825804860464155e-225,0.9999000099990001,True
layer4.1.sn2,100,430,0.3227444291114807,0.2237093877263065,0.0,0.9999000099990001,True
layer4.1.sn2,100,431,0.031054718419909477,0.021525490618384657,1.2464286879200693e-79,0.9999000099990001,True
layer4.1.sn2,100,432,0.1738429218530655,0.12049872921342494,0.0,0.9999000099990001,True
layer4.1.sn2,100,433,0.400738388299942,0.27777069107009544,0.0,0.9999000099990001,True
layer4.1.sn2,100,434,0.19636930525302887,0.13611282664187024,0.0,0.9999000099990001,True
layer4.1.sn2,100,435,0.1048278734087944,0.07266114463306565,1.3194165857212108e-256,0.9999000099990001,True
layer4.1.sn2,100,436,0.17341293394565582,0.12020068739751864,0.0,0.9999000099990001,True
layer4.1.sn2,100,437,0.08205533772706985,0.05687642683110862,3.81957085012142e-181,0.9999000099990001,True
layer4.1.sn2,100,438,0.10256031900644302,0.07108939456694863,1.6964738512456597e-236,0.9999000099990001,True
layer4.1.sn2,100,439,0.03883238509297371,0.026916558329188867,5.873706379880888e-88,0.9999000099990001,True
layer4.1.sn2,100,440,0.1789216250181198,0.12401902036664778,0.0,0.9999000099990001,True
layer4.1.sn2,100,441,0.2080065757036209,0.14417917580066986,0.0,0.9999000099990001,True
layer4.1.sn2,100,442,0.3378750681877136,0.23419714362118005,0.0,0.9999000099990001,True
layer4.1.sn2,100,443,0.10619891434907913,0.07361148039064144,1.991465796337567e-240,0.9999000099990001,True
layer4.1.sn2,100,444,0.1586877405643463,0.1099939559151159,0.0,0.9999000099990001,True
layer4.1.sn2,100,445,,0.02036873907950908,,0.9900990099009901,False
layer4.1.sn2,100,446,0.18798698484897614,0.13030265087973225,0.0,0.9999000099990001,True
layer4.1.sn2,100,447,0.37870875000953674,0.2625009010294431,0.0,0.9999000099990001,True
layer4.1.sn2,100,448,0.09659799188375473,0.06695662331522635,1.9938825484847175e-221,0.9999000099990001,True
layer4.1.sn2,100,449,0.5382513999938965,0.37308744656336634,0.0,0.9999000099990001,True
layer4.1.sn2,100,450,0.19463345408439636,0.1349096314833728,0.0,0.9999000099990001,True
layer4.1.sn2,100,451,0.13041679561138153,0.09039803083102052,4.134655734468039e-271,0.9999000099990001,True
layer4.1.sn2,100,452,0.2757197618484497,0.1911143760909482,0.0,0.9999000099990001,True
layer4.1.sn2,100,453,0.313684344291687,0.2174294290194286,0.0,0.9999000099990001,True
layer4.1.sn2,100,454,0.23482118546962738,0.1627656376898942,0.0,0.9999000099990001,True
layer4.1.sn2,100,455,0.25059184432029724,0.17369702793340866,0.0,0.9999000099990001,True
layer4.1.sn2,100,456,0.12402262538671494,0.08596593360416509,7.646240448608431e-257,0.9999000099990001,True
layer4.1.sn2,100,457,0.42641258239746094,0.2955666892469883,0.0,0.9999000099990001,True
layer4.1.sn2,100,458,0.460030198097229,0.31886864420161526,0.0,0.9999000099990001,True
layer4.1.sn2,100,459,0.2560049593448639,0.17744910962284857,0.0,0.9999000099990001,True
layer4.1.sn2,100,460,0.43076953291893005,0.29858669644884095,0.0,0.9999000099990001,True
layer4.1.sn2,100,461,0.23168295621871948,0.16059038938286027,0.0,0.9999000099990001,True
layer4.1.sn2,100,462,0.18763835728168488,0.13006099514393316,0.0,0.9999000099990001,True
layer4.1.sn2,100,463,0.21080902218818665,0.146121684358564,0.0,0.9999000099990001,True
layer4.1.sn2,100,464,0.2823054790496826,0.195679256915319,0.0,0.9999000099990001,True
layer4.1.sn2,100,465,0.17232608795166016,0.11944733733545825,0.0,0.9999000099990001,True
layer4.1.sn2,100,466,0.1003146544098854,0.06953281905686416,1.5060206433268538e-225,0.9999000099990001,True
layer4.1.sn2,100,467,0.0842636376619339,0.05840710063578642,1.5023778173877534e-174,0.9999000099990001,True
layer4.1.sn2,100,468,0.3987928330898285,0.2764221187035974,0.0,0.9999000099990001,True
layer4.1.sn2,100,469,0.1242031678557396,0.08609107817727907,2.2552972573979817e-284,0.9999000099990001,True
layer4.1.sn2,100,470,0.0493769496679306,0.034225494209378114,6.805733335773842e-86,0.9999000099990001,True
layer4.1.sn2,100,471,0.14558696746826172,0.10091319177367877,0.0,0.9999000099990001,True
layer4.1.sn2,100,472,0.19475314021110535,0.1349925919923629,0.0,0.9999000099990001,True
layer4.1.sn2,100,473,0.22485293447971344,0.1558561726215168,0.0,0.9999000099990001,True
layer4.1.sn2,100,474,0.19634012877941132,0.13609260274723928,0.0,0.9999000099990001,True
layer4.1.sn2,100,475,0.050986938178539276,0.035341452075340576,3.650866607512349e-111,0.9999000099990001,True
layer4.1.sn2,100,476,0.04879577457904816,0.03382265480267866,2.2439432158307594e-84,0.9999000099990001,True
layer4.1.sn2,100,477,0.10035617649555206,0.06956159949317212,3.627054467054263e-227,0.9999000099990001,True
layer4.1.sn2,100,478,0.3729235827922821,0.2584909320236427,0.0,0.9999000099990001,True
layer4.1.sn2,100,479,0.0988968014717102,0.0685500408183456,4.735596798718552e-251,0.9999000099990001,True
layer4.1.sn2,100,480,0.5414604544639587,0.37531178345636057,0.0,0.9999000099990001,True
layer4.1.sn2,100,481,0.42689248919487,0.2958993324412883,0.0,0.9999000099990001,True
layer4.1.sn2,100,482,0.3776509761810303,0.2617677107044689,0.0,0.9999000099990001,True
layer4.1.sn2,100,483,0.3924519717693329,0.2720269825297499,0.0,0.9999000099990001,True
layer4.1.sn2,100,484,0.05845962092280388,0.04052112151817729,1.2714396171986886e-133,0.9999000099990001,True
layer4.1.sn2,100,485,0.281610369682312,0.19519742882602226,0.0,0.9999000099990001,True
layer4.1.sn2,100,486,0.211675763130188,0.14672246110400192,0.0,0.9999000099990001,True
layer4.1.sn2,100,487,0.10130634158849716,0.07022020741675702,3.628757948336974e-235,0.9999000099990001,True
layer4.1.sn2,100,488,0.5438227653503418,0.3769492203110529,0.0,0.9999000099990001,True
layer4.1.sn2,100,489,0.37717780470848083,0.2614397336375779,0.0,0.9999000099990001,True
layer4.1.sn2,100,490,0.2964094877243042,0.2054553916985598,0.0,0.9999000099990001,True
layer4.1.sn2,100,491,0.10607455670833588,0.07352527743556304,2.43946992654946e-215,0.9999000099990001,True
layer4.1.sn2,100,492,0.47133365273475647,0.3267035905168286,0.0,0.9999000099990001,True
layer4.1.sn2,100,493,0.11089032888412476,0.07686331988779072,1.1867375511298883e-248,0.9999000099990001,True
layer4.1.sn2,100,494,0.2465706765651703,0.17090976669829466,0.0,0.9999000099990001,True
layer4.1.sn2,100,495,0.0704561248421669,0.048836465886989304,1.5055720806899188e-141,0.9999000099990001,True
layer4.1.sn2,100,496,0.3616107702255249,0.2506494813150757,0.0,0.9999000099990001,True
layer4.1.sn2,100,497,0.19072288274765015,0.13219902846490178,0.0,0.9999000099990001,True
layer4.1.sn2,100,498,0.10453808307647705,0.07246027602111461,8.05778005235178e-210,0.9999000099990001,True
layer4.1.sn2,100,499,0.10413970053195953,0.07218414126072711,1.4325555327626155e-257,0.9999000099990001,True
layer4.1.sn2,100,500,0.05384623259305954,0.037323364677975236,1.4457181099102267e-144,0.9999000099990001,True
layer4.1.sn2,100,501,0.6011244058609009,0.4166677044983206,0.0,0.9999000099990001,True
layer4.1.sn2,100,502,0.01829896867275238,0.012683879047202902,2.1306417263174897e-40,0.9999000099990001,True
layer4.1.sn2,100,503,0.17378535866737366,0.12045882887123027,1.0403406916871791e-304,0.9999000099990001,True
layer4.1.sn2,100,504,0.04311021789908409,0.029881727166529287,6.650637749450556e-84,0.9999000099990001,True
layer4.1.sn2,100,505,0.0408344641327858,0.028304292573310078,7.722308987570208e-97,0.9999000099990001,True
layer4.1.sn2,100,506,0.11914340406656265,0.08258391551386667,2.2315860637796797e-249,0.9999000099990001,True
layer4.1.sn2,100,507,0.07671920955181122,0.05317770503675763,4.783695514315557e-205,0.9999000099990001,True
layer4.1.sn2,100,508,0.17972522974014282,0.12457604057848956,0.0,0.9999000099990001,True
layer4.1.sn2,100,509,0.31314945220947266,0.21705866309001554,0.0,0.9999000099990001,True
layer4.1.sn2,100,510,0.33231431245803833,0.2303427385991655,0.0,0.9999000099990001,True
layer4.1.sn2,100,511,0.18793068826198578,0.13026362249271267,0.0,0.9999000099990001,True
sn1,200,0,0.05183188244700432,0.030908119757140216,4.019470683239294e-102,0.9999000099990001,True
sn1,200,1,,0.0,,0.009900990099009901,False
sn1,200,2,0.24177773296833038,0.1923143292298794,6.893495925583867e-236,0.9999000099990001,True
sn1,200,3,0.03807923197746277,0.022690362680597088,2.0390963010736724e-103,0.9999000099990001,True
sn1,200,4,0.12766239047050476,0.09926840084871898,1.7313867797470538e-144,0.9999000099990001,True
sn1,200,5,0.06228228285908699,0.03556414793257711,3.585868038069023e-162,0.9999000099990001,True
sn1,200,6,0.05335414037108421,0.06530395300257939,1.1715652675467217e-71,0.9999000099990001,True
sn1,200,7,0.2230522632598877,0.17156886500209245,3.504360520186844e-218,0.9999000099990001,True
sn1,200,8,0.058713048696517944,0.0506509771439564,5.338522081774572e-74,0.9999000099990001,True
sn1,200,9,0.0016523489030078053,0.0005053658850097968,0.016654774886423883,0.9892010798920108,False
sn1,200,10,0.02978118322789669,0.01842999096604309,6.08313258107475e-25,0.9999000099990001,True
sn1,200,11,0.09267619997262955,0.06900788401074008,6.0619264540969475e-117,0.9999000099990001,True
sn1,200,12,0.12941837310791016,0.09984453177137712,3.636399001771751e-148,0.9999000099990001,True
sn1,200,13,0.0925307348370552,0.08815922968099718,3.8411519355468686e-114,0.9999000099990001,True
sn1,200,14,0.020801695063710213,0.00830660391999767,2.744929334101523e-38,0.9999000099990001,True
sn1,200,15,0.12196550518274307,0.07867358057175661,2.808450993006716e-173,0.9999000099990001,True
sn1,200,16,0.03278637304902077,0.017924058597410496,3.351315441478695e-61,0.9999000099990001,True
sn1,200,17,0.2482345849275589,0.17876058656689103,8.259563547348629e-241,0.9999000099990001,True
sn1,200,18,,0.0,,0.009900990099009901,False
sn1,200,19,0.12667416036128998,0.0886243912202057,1.4590785292884604e-145,0.9999000099990001,True
sn1,200,20,,0.0018341109882587994,,0.9900990099009901,False
sn1,200,21,0.09719473123550415,0.07510210503684481,5.64602385735545e-117,0.9999000099990001,True
sn1,200,22,,0.0015979374448212972,,0.9306930693069307,False
sn1,200,23,0.017023952677845955,0.005610289926009887,2.3109981195448127e-33,0.9999000099990001,True
sn1,200,24,0.13720719516277313,0.09031130004921431,2.7623424200968247e-160,0.9999000099990001,True
sn1,200,25,0.09311024099588394,0.07554358921456183,8.883578478417453e-114,0.9999000099990001,True
sn1,200,26,0.05931900069117546,0.054082361383428534,6.071850613437826e-77,0.9999000099990001,True
sn1,200,27,,0.0005915704066285804,,0.9801980198019802,False
sn1,200,28,0.013215258717536926,0.005273605010606061,2.613052398551637e-29,0.9999000099990001,True
sn1,200,29,0.19739022850990295,0.14549413622131493,2.2576752173409073e-204,0.9999000099990001,True
sn1,200,30,,0.0010089888877875277,,0.38613861386138615,False
sn1,200,31,0.11314444243907928,0.10298864574928876,6.163270403151858e-134,0.9999000099990001,True
sn1,200,32,0.20735040307044983,0.13253104422932194,2.1530116626893287e-214,0.9999000099990001,True
sn1,200,33,0.17002283036708832,0.12153033783694686,1.886629837160166e-183,0.9999000099990001,True
sn1,200,34,,0.0,,0.009900990099009901,False
sn1,200,35,0.017636319622397423,0.007520458574612624,2.306414487488845e-43,0.9999000099990001,True
sn1,200,36,0.2722984552383423,0.22308979962312567,5.992044094449232e-262,0.9999000099990001,True
sn1,200,37,0.2339310646057129,0.1651841861940624,2.030228375467106e-231,0.9999000099990001,True
sn1,200,38,0.18633697926998138,0.11850064527306331,8.18847567954316e-198,0.9999000099990001,True
sn1,200,39,0.05485992133617401,0.027085947027461185,1.8622092497249788e-127,0.9999000099990001,True
sn1,200,40,,0.0,,0.009900990099009901,False
sn1,200,41,0.20970144867897034,0.17649595504820884,5.373402872936717e-216,0.9999000099990001,True
sn1,200,42,0.04406950622797012,0.014930540841396545,1.1663840042673641e-115,0.9999000099990001,True
sn1,200,43,0.058089226484298706,0.04444214896459349,1.8073946676638485e-78,0.9999000099990001,True
sn1,200,44,0.13233231008052826,0.08344671059256162,2.0191996709959694e-228,0.9999000099990001,True
sn1,200,45,0.1800333559513092,0.1336723407581578,3.8151119300257324e-193,0.9999000099990001,True
sn1,200,46,0.24066093564033508,0.19281113841058434,1.891689145128831e-245,0.9999000099990001,True
sn1,200,47,0.13224484026432037,0.07534629763836603,3.640130117555937e-151,0.9999000099990001,True
sn1,200,48,,0.00023030352580856396,,0.009900990099009901,False
sn1,200,49,0.1586836576461792,0.11533643041007965,1.3158555653508261e-173,0.9999000099990001,True
sn1,200,50,0.11269572377204895,0.08110301974252242,2.766514239120133e-135,0.9999000099990001,True
sn1,200,51,0.03300003334879875,0.03548891754898227,4.642659132382113e-45,0.9999000099990001,True
sn1,200,52,0.02702796459197998,0.011528068763173506,2.300167812230074e-68,0.9999000099990001,True
sn1,200,53,0.03330327197909355,0.020158630740518206,8.00958480796784e-31,0.9999000099990001,True
sn1,200,54,0.07987283170223236,0.04822821460770281,3.6069823091130703e-99,0.9999000099990001,True
sn1,200,55,0.17970028519630432,0.10281092794391153,1.160410228789144e-191,0.9999000099990001,True
sn1,200,56,0.04301564767956734,0.020673405563343746,6.107717014428276e-100,0.9999000099990001,True
sn1,200,57,0.15803402662277222,0.1132498785382068,8.765614565473185e-174,0.9999000099990001,True
sn1,200,58,0.10132110118865967,0.08505405927836007,3.4911611019563004e-126,0.9999000099990001,True
sn1,200,59,0.10794894397258759,0.06992083709208755,8.467058376812104e-130,0.9999000099990001,True
sn1,200,60,0.17750926315784454,0.11994792937770446,5.605206580468615e-193,0.9999000099990001,True
sn1,200,61,0.16286681592464447,0.11454505948715317,1.9952616804765145e-180,0.9999000099990001,True
sn1,200,62,0.20137536525726318,0.15333212909603056,1.4123228573506823e-210,0.9999000099990001,True
sn1,200,63,0.12257268279790878,0.08312069106911078,9.31868602426072e-139,0.9999000099990001,True
layer1.1.sn2,200,0,0.09136959910392761,0.07382925575973315,1.5545451931877502e-109,0.9999000099990001,True
layer1.1.sn2,200,1,0.4206750690937042,0.31521443011228967,0.0,0.9999000099990001,True
layer1.1.sn2,200,2,0.3743284046649933,0.2776573182714945,0.0,0.9999000099990001,True
layer1.1.sn2,200,3,0.16557905077934265,0.1268399343533752,1.221515409584176e-181,0.9999000099990001,True
layer1.1.sn2,200,4,0.09650256484746933,0.0809326984357833,2.2075826909271493e-119,0.9999000099990001,True
layer1.1.sn2,200,5,0.2995455861091614,0.2240424697434199,3.814764466763026e-276,0.9999000099990001,True
layer1.1.sn2,200,6,0.14076368510723114,0.11104899284315763,1.6467084572817091e-156,0.9999000099990001,True
layer1.1.sn2,200,7,0.2872754633426666,0.20924364048804678,5.6671329397989454e-269,0.9999000099990001,True
layer1.1.sn2,200,8,0.1537901759147644,0.11752864765523896,5.808825105303084e-169,0.9999000099990001,True
layer1.1.sn2,200,9,0.1962163746356964,0.1496195594557071,1.4171059524001564e-212,0.9999000099990001,True
layer1.1.sn2,200,10,0.2051422894001007,0.15732899227946442,7.659632259716693e-213,0.9999000099990001,True
layer1.1.sn2,200,11,0.2419327050447464,0.18195601110419748,2.5753374365528747e-238,0.9999000099990001,True
layer1.1.sn2,200,12,0.11503629386425018,0.09843566951406334,1.331765380158507e-135,0.9999000099990001,True
layer1.1.sn2,200,13,0.140206977725029,0.11114978041767079,2.4349465188977285e-159,0.9999000099990001,True
layer1.1.sn2,200,14,0.4032769203186035,0.2943700412137896,0.0,0.9999000099990001,True
layer1.1.sn2,200,15,0.18422847986221313,0.14761010920958173,1.1784581856290874e-194,0.9999000099990001,True
layer1.1.sn2,200,16,0.18330888450145721,0.14593800622990297,8.508221751062548e-198,0.9999000099990001,True
layer1.1.sn2,200,17,0.3052787780761719,0.22160848667188082,4.189597467092628e-280,0.9999000099990001,True
layer1.1.sn2,200,18,0.19251888990402222,0.14100192623898994,1.180215587820719e-200,0.9999000099990001,True
layer1.1.sn2,200,19,0.3016912639141083,0.2238080452299626,5.72204050604299e-283,0.9999000099990001,True
layer1.1.sn2,200,20,0.3161282241344452,0.23414880199666194,1.4694018551902285e-284,0.9999000099990001,True
layer1.1.sn2,200,21,0.1296178102493286,0.10445408945898745,2.4393913772105457e-150,0.9999000099990001,True
layer1.1.sn2,200,22,0.22305531799793243,0.1628526213977347,1.0480368425500293e-235,0.9999000099990001,True
layer1.1.sn2,200,23,0.1261381357908249,0.09957639843316327,3.5668853734241045e-145,0.9999000099990001,True
layer1.1.sn2,200,24,0.20838198065757751,0.15445397629706425,3.721022049912832e-216,0.9999000099990001,True
layer1.1.sn2,200,25,0.28387415409088135,0.2126248182145467,4.144487125503345e-261,0.9999000099990001,True
layer1.1.sn2,200,26,0.26099687814712524,0.19333089481513807,1.7321086901576522e-252,0.9999000099990001,True
layer1.1.sn2,200,27,0.27244850993156433,0.2011736787288333,7.647404199073083e-254,0.9999000099990001,True
layer1.1.sn2,200,28,0.1772601306438446,0.13161897323761906,4.537835207094959e-190,0.9999000099990001,True
layer1.1.sn2,200,29,0.31261831521987915,0.2204828078560693,4.253465856488942e-291,0.9999000099990001,True
layer1.1.sn2,200,30,0.11141373962163925,0.08932263531664748,6.285597803911141e-128,0.9999000099990001,True
layer1.1.sn2,200,31,0.15504057705402374,0.11728246308860436,2.924334770267249e-171,0.9999000099990001,True
layer1.1.sn2,200,32,0.22058862447738647,0.16610231633145608,8.682789508497283e-225,0.9999000099990001,True
layer1.1.sn2,200,33,0.16621147096157074,0.12628259106624964,2.7128729209392976e-181,0.9999000099990001,True
layer1.1.sn2,200,34,0.19297148287296295,0.15150165931695916,2.4496585996645962e-204,0.9999000099990001,True
layer1.1.sn2,200,35,0.12381130456924438,0.09540858832723484,4.351227026781358e-143,0.9999000099990001,True
layer1.1.sn2,200,36,0.44518139958381653,0.3240349503548572,0.0,0.9999000099990001,True
layer1.1.sn2,200,37,0.3776070773601532,0.2762644291248113,1.3738317322204e-311,0.9999000099990001,True
layer1.1.sn2,200,38,0.3738638460636139,0.27828511210475343,0.0,0.9999000099990001,True
layer1.1.sn2,200,39,0.1850443035364151,0.14532308412414485,3.059821682919103e-195,0.9999000099990001,True
layer1.1.sn2,200,40,0.08479282259941101,0.06804091434526036,1.0651766835684861e-104,0.9999000099990001,True
layer1.1.sn2,200,41,0.23480743169784546,0.1710486325955416,1.8007899021062056e-237,0.9999000099990001,True
layer1.1.sn2,200,42,0.13992896676063538,0.1097193587933181,1.281752978618016e-159,0.9999000099990001,True
layer1.1.sn2,200,43,0.18438376486301422,0.14012311988451373,5.484356857407824e-194,0.9999000099990001,True
layer1.1.sn2,200,44,0.11490023881196976,0.09563189409542866,7.905777809324237e-133,0.9999000099990001,True
layer1.1.sn2,200,45,0.16313482820987701,0.12434826936598115,3.450462771199242e-178,0.9999000099990001,True
layer1.1.sn2,200,46,0.18808989226818085,0.14856046665567035,2.2867943304747858e-200,0.9999000099990001,True
layer1.1.sn2,200,47,0.05552443861961365,0.045632546499188686,6.038033091595392e-70,0.9999000099990001,True
layer1.1.sn2,200,48,0.22572146356105804,0.17530259863313563,2.1748351771605472e-232,0.9999000099990001,True
layer1.1.sn2,200,49,0.1960766464471817,0.14551935110766506,4.664927429221346e-212,0.9999000099990001,True
layer1.1.sn2,200,50,0.14651702344417572,0.12390171822836092,4.475743143618845e-161,0.9999000099990001,True
layer1.1.sn2,200,51,0.09261104464530945,0.07679056897793768,2.1093756659475428e-110,0.9999000099990001,True
layer1.1.sn2,200,52,0.24442251026630402,0.184015243307492,1.5853302178369372e-232,0.9999000099990001,True
layer1.1.sn2,200,53,0.29453638195991516,0.21760859877958658,1.7597470068820164e-272,0.9999000099990001,True
layer1.1.sn2,200,54,0.122135229408741,0.09391308558605162,8.656147864643729e-136,0.9999000099990001,True
layer1.1.sn2,200,55,0.17718616127967834,0.12866009683913215,3.5304813046445844e-189,0.9999000099990001,True
layer1.1.sn2,200,56,0.29693374037742615,0.21996214468402625,1.8957849770409784e-274,0.9999000099990001,True
layer1.1.sn2,200,57,0.37713760137557983,0.2737426561990411,0.0,0.9999000099990001,True
layer1.1.sn2,200,58,0.2413182109594345,0.180933876510993,8.168713087746844e-243,0.9999000099990001,True
layer1.1.sn2,200,59,0.22213482856750488,0.1645772283887653,1.402240608216119e-225,0.9999000099990001,True
layer1.1.sn2,200,60,0.2201685756444931,0.16468479780287554,1.0613610162703285e-222,0.9999000099990001,True
layer1.1.sn2,200,61,0.16853275895118713,0.13346393158377623,6.437302168438705e-181,0.9999000099990001,True
layer1.1.sn2,200,62,0.37559038400650024,0.27690025345771563,0.0,0.9999000099990001,True
layer1.1.sn2,200,63,0.13372738659381866,0.10400587810707568,1.4069553597468603e-153,0.9999000099990001,True
layer2.1.sn2,200,0,0.3358786702156067,0.22589217750205037,3.565400706200028e-299,0.9999000099990001,True
layer2.1.sn2,200,1,0.5769011378288269,0.4177451027936606,0.0,0.9999000099990001,True
layer2.1.sn2,200,2,0.6016812324523926,0.43994968011055774,0.0,0.9999000099990001,True
layer2.1.sn2,200,3,0.2666667103767395,0.19593716266410355,1.6631146740675272e-255,0.9999000099990001,True
layer2.1.sn2,200,4,0.33759790658950806,0.2451530675911634,5.125290419192516e-293,0.9999000099990001,True
layer2.1.sn2,200,5,0.13702309131622314,0.10039693032815589,9.67680837816494e-157,0.9999000099990001,True
layer2.1.sn2,200,6,0.5142926573753357,0.3732269751688925,0.0,0.9999000099990001,True
layer2.1.sn2,200,7,0.31842079758644104,0.2394528707037618,1.912039904601514e-285,0.9999000099990001,True
layer2.1.sn2,200,8,0.6067140102386475,0.4478397690078244,0.0,0.9999000099990001,True
layer2.1.sn2,200,9,0.24457062780857086,0.1766039984964502,3.7598314830119944e-245,0.9999000099990001,True
layer2.1.sn2,200,10,0.33253049850463867,0.24200203128808567,2.355301399629532e-292,0.9999000099990001,True
layer2.1.sn2,200,11,0.3044007122516632,0.2190211527793873,9.106314296058095e-282,0.9999000099990001,True
layer2.1.sn2,200,12,0.25399714708328247,0.19308577223029894,3.2043317503403664e-245,0.9999000099990001,True
layer2.1.sn2,200,13,0.20417340099811554,0.15644354011019923,8.197921502746514e-215,0.9999000099990001,True
layer2.1.sn2,200,14,0.21081867814064026,0.15912075467758394,2.4409214569365866e-222,0.9999000099990001,True
layer2.1.sn2,200,15,0.40690910816192627,0.2917297530052094,0.0,0.9999000099990001,True
layer2.1.sn2,200,16,0.2967919409275055,0.22573020549073627,1.1220847363613772e-271,0.9999000099990001,True
layer2.1.sn2,200,17,0.3187834620475769,0.23138987609027856,7.37867732702181e-288,0.9999000099990001,True
layer2.1.sn2,200,18,0.25019869208335876,0.17547050446496232,1.811765835843151e-244,0.9999000099990001,True
layer2.1.sn2,200,19,0.49839821457862854,0.3570019007093822,0.0,0.9999000099990001,True
layer2.1.sn2,200,20,0.29021769762039185,0.21537165384403956,3.1689524148019336e-271,0.9999000099990001,True
layer2.1.sn2,200,21,0.20622912049293518,0.15012167589324954,8.79092792007314e-221,0.9999000099990001,True
layer2.1.sn2,200,22,0.19326873123645782,0.14621375025062466,9.430818146734225e-202,0.9999000099990001,True
layer2.1.sn2,200,23,0.37419870495796204,0.2739689810365673,0.0,0.9999000099990001,True
layer2.1.sn2,200,24,0.2856791913509369,0.19476226475778813,7.874028344865323e-270,0.9999000099990001,True
layer2.1.sn2,200,25,0.6658275127410889,0.4987165471132794,0.0,0.9999000099990001,True
layer2.1.sn2,200,26,0.2973378002643585,0.22411212246992718,2.5046490846092104e-273,0.9999000099990001,True
layer2.1.sn2,200,27,0.32011860609054565,0.23484487925989403,4.52232168208476e-288,0.9999000099990001,True
layer2.1.sn2,200,28,0.6095501780509949,0.4426693747661531,0.0,0.9999000099990001,True
layer2.1.sn2,200,29,0.18331389129161835,0.13966768536724417,1.2312083243019243e-196,0.9999000099990001,True
layer2.1.sn2,200,30,0.3247045576572418,0.227178734484083,6.5029665671194395e-285,0.9999000099990001,True
layer2.1.sn2,200,31,0.3299470841884613,0.24797537876427292,5.933109506337287e-290,0.9999000099990001,True
layer2.1.sn2,200,32,0.3200640082359314,0.2337034810097916,3.4637984019740052e-279,0.9999000099990001,True
layer2.1.sn2,200,33,0.21308442950248718,0.14989440970263945,8.049347274925431e-217,0.9999000099990001,True
layer2.1.sn2,200,34,0.1903110295534134,0.14465510676379106,3.300797700167106e-201,0.9999000099990001,True
layer2.1.sn2,200,35,0.6423343420028687,0.4640868083021191,0.0,0.9999000099990001,True
layer2.1.sn2,200,36,0.29441922903060913,0.22026138933390255,9.315550498307695e-273,0.9999000099990001,True
layer2.1.sn2,200,37,0.44392186403274536,0.3151938209227315,0.0,0.9999000099990001,True
layer2.1.sn2,200,38,0.4471159875392914,0.32443693783238037,0.0,0.9999000099990001,True
layer2.1.sn2,200,39,0.3586808443069458,0.26199809665575696,6.489235509845924e-305,0.9999000099990001,True
layer2.1.sn2,200,40,0.3850177526473999,0.2810498467291435,0.0,0.9999000099990001,True
layer2.1.sn2,200,41,0.23190030455589294,0.17027696835328995,9.426890950712586e-227,0.9999000099990001,True
layer2.1.sn2,200,42,0.4709368050098419,0.34070695517943167,0.0,0.9999000099990001,True
layer2.1.sn2,200,43,0.2876487672328949,0.21741571230544854,2.1084808538462982e-267,0.9999000099990001,True
layer2.1.sn2,200,44,0.4435713589191437,0.31334510273918137,0.0,0.9999000099990001,True
layer2.1.sn2,200,45,0.529403567314148,0.37026872457463117,0.0,0.9999000099990001,True
layer2.1.sn2,200,46,0.5717706084251404,0.4227673049673603,0.0,0.9999000099990001,True
layer2.1.sn2,200,47,0.15506227314472198,0.11460792141282573,1.0726878587255503e-174,0.9999000099990001,True
layer2.1.sn2,200,48,0.1911264955997467,0.14529519625093068,6.749223554768528e-198,0.9999000099990001,True
layer2.1.sn2,200,49,0.25780189037323,0.190580670171551,7.676890501290401e-242,0.9999000099990001,True
layer2.1.sn2,200,50,0.18824529647827148,0.14480756428892735,1.262037796970817e-201,0.9999000099990001,True
layer2.1.sn2,200,51,0.637124240398407,0.45899682469594116,0.0,0.9999000099990001,True
layer2.1.sn2,200,52,0.2037779539823532,0.15849440609978743,5.004722022219609e-214,0.9999000099990001,True
layer2.1.sn2,200,53,0.4252100884914398,0.3043413735722177,0.0,0.9999000099990001,True
layer2.1.sn2,200,54,0.2580547332763672,0.19464875200380333,4.228749734597896e-250,0.9999000099990001,True
layer2.1.sn2,200,55,0.6611859798431396,0.4920622122413134,0.0,0.9999000099990001,True
layer2.1.sn2,200,56,0.35589954257011414,0.24830025721203233,7.386052039294675e-302,0.9999000099990001,True
layer2.1.sn2,200,57,0.5203636288642883,0.38935366031801694,0.0,0.9999000099990001,True
layer2.1.sn2,200,58,0.3337467312812805,0.2485507323232966,4.7131181827363774e-291,0.9999000099990001,True
layer2.1.sn2,200,59,0.19251103699207306,0.14467833057102578,5.488574253547147e-204,0.9999000099990001,True
layer2.1.sn2,200,60,0.49716252088546753,0.3443997485925998,0.0,0.9999000099990001,True
layer2.1.sn2,200,61,0.26389196515083313,0.17967849055159066,2.3627548354418234e-249,0.9999000099990001,True
layer2.1.sn2,200,62,0.4258734881877899,0.312158869971004,0.0,0.9999000099990001,True
layer2.1.sn2,200,63,0.5951760411262512,0.4640449420281187,0.0,0.9999000099990001,True
layer2.1.sn2,200,64,0.3258025646209717,0.23557281759994464,1.6643284452800236e-284,0.9999000099990001,True
layer2.1.sn2,200,65,0.1635146588087082,0.12215627481967711,6.886387025962299e-188,0.9999000099990001,True
layer2.1.sn2,200,66,0.43937984108924866,0.32759946873679796,0.0,0.9999000099990001,True
layer2.1.sn2,200,67,0.16850699484348297,0.12944005877963582,1.494161462764169e-183,0.9999000099990001,True
layer2.1.sn2,200,68,0.33349645137786865,0.25534657533215394,1.356660692635172e-305,0.9999000099990001,True
layer2.1.sn2,200,69,0.23702265322208405,0.17431635255515815,1.687847598621953e-232,0.9999000099990001,True
layer2.1.sn2,200,70,0.37378159165382385,0.27809052927231376,8.087085444067e-312,0.9999000099990001,True
layer2.1.sn2,200,71,0.21130365133285522,0.15895647790037087,5.6505982994052963e-219,0.9999000099990001,True
layer2.1.sn2,200,72,0.16369567811489105,0.12505424787109726,8.123404935203698e-175,0.9999000099990001,True
layer2.1.sn2,200,73,0.38870370388031006,0.2958695913810143,0.0,0.9999000099990001,True
layer2.1.sn2,200,74,0.24583777785301208,0.17959465633021116,5.308292191335286e-236,0.9999000099990001,True
layer2.1.sn2,200,75,0.2853890657424927,0.21449935970062411,1.2892091290800802e-263,0.9999000099990001,True
layer2.1.sn2,200,76,0.4318567216396332,0.29298752056576416,0.0,0.9999000099990001,True
layer2.1.sn2,200,77,0.30853813886642456,0.22262932503769364,7.433855482846702e-283,0.9999000099990001,True
layer2.1.sn2,200,78,0.6269881725311279,0.4608308519942247,0.0,0.9999000099990001,True
layer2.1.sn2,200,79,0.3524898588657379,0.26236676939090364,6.162982905664172e-297,0.9999000099990001,True
layer2.1.sn2,200,80,0.48775777220726013,0.3539242755299209,0.0,0.9999000099990001,True
layer2.1.sn2,200,81,0.26972946524620056,0.20878985861575408,4.4226980891398944e-256,0.9999000099990001,True
layer2.1.sn2,200,82,0.2751024067401886,0.19983236896647644,2.4670678563078597e-258,0.9999000099990001,True
layer2.1.sn2,200,83,0.34941190481185913,0.26751230825563854,2.010680532859607e-306,0.9999000099990001,True
layer2.1.sn2,200,84,0.3487207293510437,0.27780119532877645,1.9967973420629995e-298,0.9999000099990001,True
layer2.1.sn2,200,85,0.6945840120315552,0.5180455304032285,0.0,0.9999000099990001,True
layer2.1.sn2,200,86,0.48523494601249695,0.352138236409306,0.0,0.9999000099990001,True
layer2.1.sn2,200,87,0.42397838830947876,0.31368915278663245,0.0,0.9999000099990001,True
layer2.1.sn2,200,88,0.30936288833618164,0.2370142652649969,5.71037496585671e-285,0.9999000099990001,True
layer2.1.sn2,200,89,0.2108001708984375,0.16038738401999808,1.814185488999855e-215,0.9999000099990001,True
layer2.1.sn2,200,90,0.3717474639415741,0.27466475756265685,4.159701129511217e-306,0.9999000099990001,True
layer2.1.sn2,200,91,0.2698885500431061,0.20384924383534125,2.6239710875706665e-256,0.9999000099990001,True
layer2.1.sn2,200,92,0.390805721282959,0.2684363272916773,0.0,0.9999000099990001,True
layer2.1.sn2,200,93,0.5010468363761902,0.3702635643215637,0.0,0.9999000099990001,True
layer2.1.sn2,200,94,0.44485628604888916,0.3048761132480263,0.0,0.9999000099990001,True
layer2.1.sn2,200,95,0.29985636472702026,0.21742218524413623,1.8122498365063738e-276,0.9999000099990001,True
layer2.1.sn2,200,96,0.36004915833473206,0.265007974815816,3.838572108785e-311,0.9999000099990001,True
layer2.1.sn2,200,97,0.36738982796669006,0.25686276053640356,2.0351990696061e-310,0.9999000099990001,True
layer2.1.sn2,200,98,0.49820637702941895,0.3614423635339671,0.0,0.9999000099990001,True
layer2.1.sn2,200,99,0.21248500049114227,0.15854803424915856,1.8131000717745183e-225,0.9999000099990001,True
layer2.1.sn2,200,100,0.226622074842453,0.17052009187898415,1.9040780874138894e-231,0.9999000099990001,True
layer2.1.sn2,200,101,0.1201336532831192,0.07183641887900337,3.4965740471358687e-302,0.9999000099990001,True
layer2.1.sn2,200,102,0.2848187983036041,0.2118158012128869,1.3352751846837865e-259,0.9999000099990001,True
layer2.1.sn2,200,103,0.5893449187278748,0.43884615545849265,0.0,0.9999000099990001,True
layer2.1.sn2,200,104,0.601163923740387,0.4286457880941598,0.0,0.9999000099990001,True
layer2.1.sn2,200,105,0.3293648660182953,0.23388548439129603,8.949526954770698e-289,0.9999000099990001,True
layer2.1.sn2,200,106,0.08541124314069748,0.0706526899658718,1.9475334457455603e-105,0.9999000099990001,True
layer2.1.sn2,200,107,0.20128843188285828,0.14089164442616636,1.6969520121697933e-207,0.9999000099990001,True
layer2.1.sn2,200,108,0.4501451253890991,0.32796646082753744,0.0,0.9999000099990001,True
layer2.1.sn2,200,109,0.32301950454711914,0.227934016262611,2.733224513568986e-284,0.9999000099990001,True
layer2.1.sn2,200,110,0.37424182891845703,0.28522546206989574,4.436137006117e-312,0.9999000099990001,True
layer2.1.sn2,200,111,0.24322983622550964,0.1710503632324945,3.9531786852895463e-237,0.9999000099990001,True
layer2.1.sn2,200,112,0.34869369864463806,0.26005651726946144,2.5178949183758463e-307,0.9999000099990001,True
layer2.1.sn2,200,113,0.3570934236049652,0.21892954328513728,1.3777308796215807e-306,0.9999000099990001,True
layer2.1.sn2,200,114,0.33148330450057983,0.2419001307603433,9.372805091004402e-292,0.9999000099990001,True
layer2.1.sn2,200,115,0.48785826563835144,0.35990857295485124,0.0,0.9999000099990001,True
layer2.1.sn2,200,116,0.12415126711130142,0.08464812350235125,1.4106561162563044e-141,0.9999000099990001,True
layer2.1.sn2,200,117,0.4906200170516968,0.35790219952833024,0.0,0.9999000099990001,True
layer2.1.sn2,200,118,0.32776719331741333,0.24962744564069403,8.820879085662814e-297,0.9999000099990001,True
layer2.1.sn2,200,119,0.2899072468280792,0.20503737713333234,1.7596367484213164e-267,0.9999000099990001,True
layer2.1.sn2,200,120,0.16815871000289917,0.12264730319211758,1.4048510322225423e-186,0.9999000099990001,True
layer2.1.sn2,200,121,0.21423207223415375,0.16056370921277038,7.810471100381625e-217,0.9999000099990001,True
layer2.1.sn2,200,122,0.29511916637420654,0.21746248361455217,1.0249792868569788e-277,0.9999000099990001,True
layer2.1.sn2,200,123,0.3073238730430603,0.22832670882234052,7.076551241458193e-268,0.9999000099990001,True
layer2.1.sn2,200,124,0.2284667044878006,0.1713426536021322,8.510765064740354e-227,0.9999000099990001,True
layer2.1.sn2,200,125,0.4233233630657196,0.30452871970174145,0.0,0.9999000099990001,True
layer2.1.sn2,200,126,0.5734105706214905,0.423125936016052,0.0,0.9999000099990001,True
layer2.1.sn2,200,127,0.408693790435791,0.29967233859894815,0.0,0.9999000099990001,True
layer3.1.sn2,200,0,0.5683762431144714,0.4233509597647406,0.0,0.9999000099990001,True
layer3.1.sn2,200,1,0.6449458003044128,0.48436399120862517,0.0,0.9999000099990001,True
layer3.1.sn2,200,2,0.6330280303955078,0.5048228895774393,0.0,0.9999000099990001,True
layer3.1.sn2,200,3,0.4974190294742584,0.364487224592685,0.0,0.9999000099990001,True
layer3.1.sn2,200,4,0.49239012598991394,0.38464298856413515,0.0,0.9999000099990001,True
layer3.1.sn2,200,5,0.5757752656936646,0.4400659635654328,0.0,0.9999000099990001,True
layer3.1.sn2,200,6,0.571876049041748,0.43424398238183326,0.0,0.9999000099990001,True
layer3.1.sn2,200,7,0.6621764302253723,0.5138549935361066,0.0,0.9999000099990001,True
layer3.1.sn2,200,8,0.6331998109817505,0.46054206218740973,0.0,0.9999000099990001,True
layer3.1.sn2,200,9,0.4078913927078247,0.30946969131443286,0.0,0.9999000099990001,True
layer3.1.sn2,200,10,0.3997894525527954,0.27256108035426496,0.0,0.9999000099990001,True
layer3.1.sn2,200,11,0.38747256994247437,0.2957206101107114,0.0,0.9999000099990001,True
layer3.1.sn2,200,12,0.7862429618835449,0.5460406326963878,0.0,0.9999000099990001,True
layer3.1.sn2,200,13,0.600570797920227,0.46469512673281227,0.0,0.9999000099990001,True
layer3.1.sn2,200,14,0.5469505190849304,0.41480480526214614,0.0,0.9999000099990001,True
layer3.1.sn2,200,15,0.7025076746940613,0.5553633992146585,0.0,0.9999000099990001,True
layer3.1.sn2,200,16,0.49184468388557434,0.37455133227977144,0.0,0.9999000099990001,True
layer3.1.sn2,200,17,0.45202016830444336,0.33857434612267634,0.0,0.9999000099990001,True
layer3.1.sn2,200,18,0.6805029511451721,0.5091421382005735,0.0,0.9999000099990001,True
layer3.1.sn2,200,19,0.6514409184455872,0.5018789497732496,0.0,0.9999000099990001,True
layer3.1.sn2,200,20,0.4569377899169922,0.3600427142566036,0.0,0.9999000099990001,True
layer3.1.sn2,200,21,0.5521458983421326,0.3790728640120119,0.0,0.9999000099990001,True
layer3.1.sn2,200,22,0.5633658170700073,0.3903764378178405,0.0,0.9999000099990001,True
layer3.1.sn2,200,23,0.37928909063339233,0.2857951902644079,0.0,0.9999000099990001,True
layer3.1.sn2,200,24,0.5013800263404846,0.3721237659841784,0.0,0.9999000099990001,True
layer3.1.sn2,200,25,0.734039843082428,0.5031438554567088,0.0,0.9999000099990001,True
layer3.1.sn2,200,26,0.653433620929718,0.4815557326152835,0.0,0.9999000099990001,True
layer3.1.sn2,200,27,0.1934725046157837,0.17874545829659613,1.4554969754528568e-206,0.9999000099990001,True
layer3.1.sn2,200,28,0.5116470456123352,0.39305703337705256,0.0,0.9999000099990001,True
layer3.1.sn2,200,29,0.4468250274658203,0.35184207982510063,0.0,0.9999000099990001,True
layer3.1.sn2,200,30,0.5759531855583191,0.3947608516819735,0.0,0.9999000099990001,True
layer3.1.sn2,200,31,0.5465818643569946,0.42184750539545846,0.0,0.9999000099990001,True
layer3.1.sn2,200,32,0.5785123109817505,0.4481204123309066,0.0,0.9999000099990001,True
layer3.1.sn2,200,33,0.4422397315502167,0.33107143144107576,0.0,0.9999000099990001,True
layer3.1.sn2,200,34,0.3904038369655609,0.31097319635775666,0.0,0.9999000099990001,True
layer3.1.sn2,200,35,0.5344606637954712,0.397356954082697,0.0,0.9999000099990001,True
layer3.1.sn2,200,36,0.4848982095718384,0.3314867507600989,0.0,0.9999000099990001,True
layer3.1.sn2,200,37,0.6571877002716064,0.45727200573499355,0.0,0.9999000099990001,True
layer3.1.sn2,200,38,0.7146773934364319,0.5543488802686918,0.0,0.9999000099990001,True
layer3.1.sn2,200,39,0.5590565204620361,0.3859704948210601,0.0,0.9999000099990001,True
layer3.1.sn2,200,40,0.5911775827407837,0.4185643664188151,0.0,0.9999000099990001,True
layer3.1.sn2,200,41,0.5898762941360474,0.4303323582999494,0.0,0.9999000099990001,True
layer3.1.sn2,200,42,0.415212482213974,0.31656399942848756,0.0,0.9999000099990001,True
layer3.1.sn2,200,43,0.5103287100791931,0.3879890245567766,0.0,0.9999000099990001,True
layer3.1.sn2,200,44,0.534276008605957,0.40607313872179246,0.0,0.9999000099990001,True
layer3.1.sn2,200,45,0.41401469707489014,0.3240371952898581,0.0,0.9999000099990001,True
layer3.1.sn2,200,46,0.6055822968482971,0.45695295247461193,0.0,0.9999000099990001,True
layer3.1.sn2,200,47,0.6283718347549438,0.49067506137954414,0.0,0.9999000099990001,True
layer3.1.sn2,200,48,0.5962380766868591,0.4793066393131901,0.0,0.9999000099990001,True
layer3.1.sn2,200,49,0.6378303170204163,0.47224830368570847,0.0,0.9999000099990001,True
layer3.1.sn2,200,50,0.4298887550830841,0.33414842169720543,0.0,0.9999000099990001,True
layer3.1.sn2,200,51,0.6862964034080505,0.5215262114527843,0.0,0.9999000099990001,True
layer3.1.sn2,200,52,0.6664535999298096,0.5066883755801943,0.0,0.9999000099990001,True
layer3.1.sn2,200,53,0.6213608980178833,0.4301963960379784,0.0,0.9999000099990001,True
layer3.1.sn2,200,54,0.6833047270774841,0.5225663948850787,0.0,0.9999000099990001,True
layer3.1.sn2,200,55,0.4856094717979431,0.36006295743650685,0.0,0.9999000099990001,True
layer3.1.sn2,200,56,0.6373506784439087,0.4811264456264735,0.0,0.9999000099990001,True
layer3.1.sn2,200,57,0.5003445148468018,0.38343078041397727,0.0,0.9999000099990001,True
layer3.1.sn2,200,58,0.6651080250740051,0.4561509905686263,0.0,0.9999000099990001,True
layer3.1.sn2,200,59,0.5071976184844971,0.3481515988393028,0.0,0.9999000099990001,True
layer3.1.sn2,200,60,0.43430137634277344,0.35584152245840883,0.0,0.9999000099990001,True
layer3.1.sn2,200,61,0.5131720900535583,0.3557682391466937,0.0,0.9999000099990001,True
layer3.1.sn2,200,62,0.6270920634269714,0.4627517796813158,0.0,0.9999000099990001,True
layer3.1.sn2,200,63,0.6724904179573059,0.5058301689797096,0.0,0.9999000099990001,True
layer3.1.sn2,200,64,0.7849193215370178,0.612967915161119,0.0,0.9999000099990001,True
layer3.1.sn2,200,65,0.4258595407009125,0.34327412243522903,0.0,0.9999000099990001,True
layer3.1.sn2,200,66,0.42516499757766724,0.32759185527761536,0.0,0.9999000099990001,True
layer3.1.sn2,200,67,0.533810555934906,0.40530398095574127,0.0,0.9999000099990001,True
layer3.1.sn2,200,68,0.3605059087276459,0.2799377511559076,1.400711303072e-311,0.9999000099990001,True
layer3.1.sn2,200,69,0.623038649559021,0.4896256850467817,0.0,0.9999000099990001,True
layer3.1.sn2,200,70,0.46172410249710083,0.37168087284769613,0.0,0.9999000099990001,True
layer3.1.sn2,200,71,0.7404069304466248,0.5109530222286751,0.0,0.9999000099990001,True
layer3.1.sn2,200,72,0.4092983901500702,0.3237458677734444,0.0,0.9999000099990001,True
layer3.1.sn2,200,73,0.614791214466095,0.5268836846812222,0.0,0.9999000099990001,True
layer3.1.sn2,200,74,0.729142427444458,0.4995088132152133,0.0,0.9999000099990001,True
layer3.1.sn2,200,75,0.5064591765403748,0.3778939487298604,0.0,0.9999000099990001,True
layer3.1.sn2,200,76,0.46587690711021423,0.32171212388404896,0.0,0.9999000099990001,True
layer3.1.sn2,200,77,0.6804474592208862,0.5465865106309793,0.0,0.9999000099990001,True
layer3.1.sn2,200,78,0.7280533313751221,0.501299844729139,0.0,0.9999000099990001,True
layer3.1.sn2,200,79,0.7154998183250427,0.4929937106048544,0.0,0.9999000099990001,True
layer3.1.sn2,200,80,0.5883491635322571,0.4633113446506795,0.0,0.9999000099990001,True
layer3.1.sn2,200,81,0.6286125779151917,0.43341602971761384,0.0,0.9999000099990001,True
layer3.1.sn2,200,82,0.6849538683891296,0.5098056620397436,0.0,0.9999000099990001,True
layer3.1.sn2,200,83,0.4536474347114563,0.3584209256101702,0.0,0.9999000099990001,True
layer3.1.sn2,200,84,0.6662087440490723,0.5022125015184462,0.0,0.9999000099990001,True
layer3.1.sn2,200,85,0.487239807844162,0.36042792992387435,0.0,0.9999000099990001,True
layer3.1.sn2,200,86,0.8563222289085388,0.5883246759967713,0.0,0.9999000099990001,True
layer3.1.sn2,200,87,0.5840851068496704,0.44152867846312516,0.0,0.9999000099990001,True
layer3.1.sn2,200,88,0.4255823791027069,0.329634204158777,0.0,0.9999000099990001,True
layer3.1.sn2,200,89,0.38407209515571594,0.28138899092101965,0.0,0.9999000099990001,True
layer3.1.sn2,200,90,0.5590271949768066,0.4047968211252646,0.0,0.9999000099990001,True
layer3.1.sn2,200,91,0.40838727355003357,0.31427836943320375,0.0,0.9999000099990001,True
layer3.1.sn2,200,92,0.3921613097190857,0.31927023948314137,0.0,0.9999000099990001,True
layer3.1.sn2,200,93,0.5052691698074341,0.3694596547043871,0.0,0.9999000099990001,True
layer3.1.sn2,200,94,0.8644598722457886,0.5910412063297513,0.0,0.9999000099990001,True
layer3.1.sn2,200,95,0.37752565741539,0.28825575554725735,1.1749995015011856e-307,0.9999000099990001,True
layer3.1.sn2,200,96,0.5011343955993652,0.41087767708549794,0.0,0.9999000099990001,True
layer3.1.sn2,200,97,0.36160096526145935,0.27842696276903645,0.0,0.9999000099990001,True
layer3.1.sn2,200,98,0.4307900071144104,0.29458494083369297,0.0,0.9999000099990001,True
layer3.1.sn2,200,99,0.4323660135269165,0.34780336702888476,0.0,0.9999000099990001,True
layer3.1.sn2,200,100,0.6348448395729065,0.43487683175204656,0.0,0.9999000099990001,True
layer3.1.sn2,200,101,0.6740687489509583,0.5170003117868176,0.0,0.9999000099990001,True
layer3.1.sn2,200,102,0.6143195033073425,0.4536249979928132,0.0,0.9999000099990001,True
layer3.1.sn2,200,103,0.48377659916877747,0.35530488728533294,0.0,0.9999000099990001,True
layer3.1.sn2,200,104,0.5556899309158325,0.403897725548346,0.0,0.9999000099990001,True
layer3.1.sn2,200,105,0.5872408151626587,0.410784308961934,0.0,0.9999000099990001,True
layer3.1.sn2,200,106,0.5391237735748291,0.40271776864602027,0.0,0.9999000099990001,True
layer3.1.sn2,200,107,0.6292848587036133,0.5160144082046358,0.0,0.9999000099990001,True
layer3.1.sn2,200,108,0.6668614149093628,0.45123305110669054,0.0,0.9999000099990001,True
layer3.1.sn2,200,109,0.42535871267318726,0.3249494945103965,0.0,0.9999000099990001,True
layer3.1.sn2,200,110,0.5293785333633423,0.3654330374213981,0.0,0.9999000099990001,True
layer3.1.sn2,200,111,0.7462260723114014,0.514526142841953,0.0,0.9999000099990001,True
layer3.1.sn2,200,112,0.4630351662635803,0.345987254564335,0.0,0.9999000099990001,True
layer3.1.sn2,200,113,0.5820859670639038,0.4500398636651363,0.0,0.9999000099990001,True
layer3.1.sn2,200,114,0.488529771566391,0.38130584823811803,0.0,0.9999000099990001,True
layer3.1.sn2,200,115,0.5004329681396484,0.3648582941506871,0.0,0.9999000099990001,True
layer3.1.sn2,200,116,0.43264344334602356,0.3323761697368958,0.0,0.9999000099990001,True
layer3.1.sn2,200,117,0.5441281199455261,0.40188942805029104,0.0,0.9999000099990001,True
layer3.1.sn2,200,118,0.6542862057685852,0.44764809700042973,0.0,0.9999000099990001,True
layer3.1.sn2,200,119,0.566027045249939,0.3934248909326965,0.0,0.9999000099990001,True
layer3.1.sn2,200,120,0.5662875175476074,0.4266774304858558,0.0,0.9999000099990001,True
layer3.1.sn2,200,121,0.7026954293251038,0.5276520539842688,0.0,0.9999000099990001,True
layer3.1.sn2,200,122,0.4443245828151703,0.3376954958793428,0.0,0.9999000099990001,True
layer3.1.sn2,200,123,0.4361830949783325,0.30003520789634147,0.0,0.9999000099990001,True
layer3.1.sn2,200,124,0.4930524230003357,0.35499087477523816,0.0,0.9999000099990001,True
layer3.1.sn2,200,125,0.5183806419372559,0.38527660549576703,0.0,0.9999000099990001,True
layer3.1.sn2,200,126,0.4859120547771454,0.359762454368483,0.0,0.9999000099990001,True
layer3.1.sn2,200,127,0.5872688293457031,0.4441698964924481,0.0,0.9999000099990001,True
layer3.1.sn2,200,128,0.6985453963279724,0.5715804579297019,0.0,0.9999000099990001,True
layer3.1.sn2,200,129,0.7580005526542664,0.5269592040225652,0.0,0.9999000099990001,True
layer3.1.sn2,200,130,0.6543948650360107,0.4759844375983894,0.0,0.9999000099990001,True
layer3.1.sn2,200,131,0.5293344855308533,0.41475340429707797,0.0,0.9999000099990001,True
layer3.1.sn2,200,132,0.6677790880203247,0.5402842485153083,0.0,0.9999000099990001,True
layer3.1.sn2,200,133,0.4714677631855011,0.35132743564257884,0.0,0.9999000099990001,True
layer3.1.sn2,200,134,0.654374361038208,0.451490138335846,0.0,0.9999000099990001,True
layer3.1.sn2,200,135,0.7688780426979065,0.5296294158480759,0.0,0.9999000099990001,True
layer3.1.sn2,200,136,0.6062431335449219,0.4889442515854694,0.0,0.9999000099990001,True
layer3.1.sn2,200,137,0.7344124913215637,0.5628482160276467,0.0,0.9999000099990001,True
layer3.1.sn2,200,138,0.38968518376350403,0.3077911587967469,0.0,0.9999000099990001,True
layer3.1.sn2,200,139,0.8074020743370056,0.5546273144558724,0.0,0.9999000099990001,True
layer3.1.sn2,200,140,0.5323599576950073,0.41878253284602607,0.0,0.9999000099990001,True
layer3.1.sn2,200,141,0.6491508483886719,0.44467327860224604,0.0,0.9999000099990001,True
layer3.1.sn2,200,142,0.56090247631073,0.43700466233887747,0.0,0.9999000099990001,True
layer3.1.sn2,200,143,0.5171738266944885,0.3887402287100059,0.0,0.9999000099990001,True
layer3.1.sn2,200,144,0.47639229893684387,0.36949871457143435,0.0,0.9999000099990001,True
layer3.1.sn2,200,145,0.6374989748001099,0.46603445542839267,0.0,0.9999000099990001,True
layer3.1.sn2,200,146,0.573589026927948,0.4206201940093628,0.0,0.9999000099990001,True
layer3.1.sn2,200,147,0.7963134050369263,0.5902796786475575,0.0,0.9999000099990001,True
layer3.1.sn2,200,148,0.574501097202301,0.4258580966315193,0.0,0.9999000099990001,True
layer3.1.sn2,200,149,0.6875170469284058,0.5282933158702697,0.0,0.9999000099990001,True
layer3.1.sn2,200,150,0.570882260799408,0.4214209290356391,0.0,0.9999000099990001,True
layer3.1.sn2,200,151,,0.3105900675465308,,0.9900990099009901,False
layer3.1.sn2,200,152,0.5312644839286804,0.43582532879984714,0.0,0.9999000099990001,True
layer3.1.sn2,200,153,0.4296342730522156,0.3400808325032644,0.0,0.9999000099990001,True
layer3.1.sn2,200,154,0.5404191017150879,0.40528377950460326,0.0,0.9999000099990001,True
layer3.1.sn2,200,155,0.47195836901664734,0.35844168187086206,0.0,0.9999000099990001,True
layer3.1.sn2,200,156,0.6352275013923645,0.4626716465848745,0.0,0.9999000099990001,True
layer3.1.sn2,200,157,0.6867693662643433,0.5408285777651103,0.0,0.9999000099990001,True
layer3.1.sn2,200,158,0.7006390690803528,0.47884008105295595,0.0,0.9999000099990001,True
layer3.1.sn2,200,159,0.5353842973709106,0.37028011015306955,0.0,0.9999000099990001,True
layer3.1.sn2,200,160,0.7751942276954651,0.53406410264553,0.0,0.9999000099990001,True
layer3.1.sn2,200,161,0.4220846891403198,0.28203632295452796,0.0,0.9999000099990001,True
layer3.1.sn2,200,162,0.5596534013748169,0.41939289854311235,0.0,0.9999000099990001,True
layer3.1.sn2,200,163,0.35274946689605713,0.2799937916891222,8.902364541620032e-309,0.9999000099990001,True
layer3.1.sn2,200,164,0.5202730894088745,0.39866563019880186,0.0,0.9999000099990001,True
layer3.1.sn2,200,165,0.4878467619419098,0.3695784524811234,0.0,0.9999000099990001,True
layer3.1.sn2,200,166,0.5683978796005249,0.4326453618646916,0.0,0.9999000099990001,True
layer3.1.sn2,200,167,0.5445430874824524,0.42120808388822084,0.0,0.9999000099990001,True
layer3.1.sn2,200,168,0.47553226351737976,0.35947166466958913,0.0,0.9999000099990001,True
layer3.1.sn2,200,169,0.9054328799247742,0.7130693728932123,0.0,0.9999000099990001,True
layer3.1.sn2,200,170,0.5844017267227173,0.42583246199273184,0.0,0.9999000099990001,True
layer3.1.sn2,200,171,0.6909322738647461,0.5410636431596865,0.0,0.9999000099990001,True
layer3.1.sn2,200,172,0.8926166296005249,0.6161700796119142,0.0,0.9999000099990001,True
layer3.1.sn2,200,173,0.3837229013442993,0.2709299773524563,0.0,0.9999000099990001,True
layer3.1.sn2,200,174,0.7696115970611572,0.5852559474928347,0.0,0.9999000099990001,True
layer3.1.sn2,200,175,0.7385275363922119,0.5743082069089791,0.0,0.9999000099990001,True
layer3.1.sn2,200,176,0.6808246374130249,0.4726362902754735,0.0,0.9999000099990001,True
layer3.1.sn2,200,177,0.6143084764480591,0.45378065801401646,0.0,0.9999000099990001,True
layer3.1.sn2,200,178,0.553467333316803,0.39745118639670435,0.0,0.9999000099990001,True
layer3.1.sn2,200,179,0.6385091543197632,0.4720862562243061,0.0,0.9999000099990001,True
layer3.1.sn2,200,180,0.604756772518158,0.4206801581492531,0.0,0.9999000099990001,True
layer3.1.sn2,200,181,0.4020549952983856,0.33250007033622087,0.0,0.9999000099990001,True
layer3.1.sn2,200,182,0.38938766717910767,0.3043575805818626,0.0,0.9999000099990001,True
layer3.1.sn2,200,183,0.6725729703903198,0.46129565701732167,0.0,0.9999000099990001,True
layer3.1.sn2,200,184,0.5665187835693359,0.41562543107694055,0.0,0.9999000099990001,True
layer3.1.sn2,200,185,0.6791228652000427,0.5121164378262173,0.0,0.9999000099990001,True
layer3.1.sn2,200,186,0.5500982999801636,0.41749871099516656,0.0,0.9999000099990001,True
layer3.1.sn2,200,187,0.4270409643650055,0.33160254321670074,0.0,0.9999000099990001,True
layer3.1.sn2,200,188,0.40346044301986694,0.3087815323678188,0.0,0.9999000099990001,True
layer3.1.sn2,200,189,0.5243828892707825,0.3981140679249663,0.0,0.9999000099990001,True
layer3.1.sn2,200,190,0.6832069158554077,0.5226131054847869,0.0,0.9999000099990001,True
layer3.1.sn2,200,191,0.4600638151168823,0.35229719694430206,0.0,0.9999000099990001,True
layer3.1.sn2,200,192,0.5117799043655396,0.3776876675541143,0.0,0.9999000099990001,True
layer3.1.sn2,200,193,0.6652576327323914,0.4528857901414036,0.0,0.9999000099990001,True
layer3.1.sn2,200,194,0.5349330902099609,0.4049727256557956,0.0,0.9999000099990001,True
layer3.1.sn2,200,195,0.43739843368530273,0.3339183697672311,0.0,0.9999000099990001,True
layer3.1.sn2,200,196,0.42682406306266785,0.30788955713174604,0.0,0.9999000099990001,True
layer3.1.sn2,200,197,0.46732890605926514,0.35570933895830703,0.0,0.9999000099990001,True
layer3.1.sn2,200,198,0.4906183183193207,0.3610100746790967,0.0,0.9999000099990001,True
layer3.1.sn2,200,199,0.6972600221633911,0.5413955163448341,0.0,0.9999000099990001,True
layer3.1.sn2,200,200,0.5963463187217712,0.4460067001951266,0.0,0.9999000099990001,True
layer3.1.sn2,200,201,0.5091073513031006,0.3905758154488588,0.0,0.9999000099990001,True
layer3.1.sn2,200,202,0.49426043033599854,0.3746075358328433,0.0,0.9999000099990001,True
layer3.1.sn2,200,203,0.5811208486557007,0.4302596623325232,0.0,0.9999000099990001,True
layer3.1.sn2,200,204,0.35731253027915955,0.24189848643070871,0.0,0.9999000099990001,True
layer3.1.sn2,200,205,0.6530782580375671,0.48965995262343776,0.0,0.9999000099990001,True
layer3.1.sn2,200,206,0.5209412574768066,0.35737215233264297,0.0,0.9999000099990001,True
layer3.1.sn2,200,207,0.6019701361656189,0.4185495026038152,0.0,0.9999000099990001,True
layer3.1.sn2,200,208,0.48972398042678833,0.3359936909775896,0.0,0.9999000099990001,True
layer3.1.sn2,200,209,0.6883779764175415,0.47957637141353476,0.0,0.9999000099990001,True
layer3.1.sn2,200,210,0.4428395926952362,0.3337580155321308,0.0,0.9999000099990001,True
layer3.1.sn2,200,211,0.3740758001804352,0.28762586169764065,2.14690801133667e-310,0.9999000099990001,True
layer3.1.sn2,200,212,0.6406456828117371,0.48365678186705546,0.0,0.9999000099990001,True
layer3.1.sn2,200,213,0.4251790940761566,0.3278275948030533,0.0,0.9999000099990001,True
layer3.1.sn2,200,214,0.3904404640197754,0.3193596984210001,0.0,0.9999000099990001,True
layer3.1.sn2,200,215,0.48098328709602356,0.3673817353271429,0.0,0.9999000099990001,True
layer3.1.sn2,200,216,0.6229456067085266,0.4684247813963416,0.0,0.9999000099990001,True
layer3.1.sn2,200,217,0.5617102384567261,0.3906841505516635,0.0,0.9999000099990001,True
layer3.1.sn2,200,218,0.544725239276886,0.4159515321549887,0.0,0.9999000099990001,True
layer3.1.sn2,200,219,0.6549083590507507,0.4876282784914533,0.0,0.9999000099990001,True
layer3.1.sn2,200,220,0.33829665184020996,0.2631062836086633,3.1768203332396194e-291,0.9999000099990001,True
layer3.1.sn2,200,221,0.5923439860343933,0.4326102086307211,0.0,0.9999000099990001,True
layer3.1.sn2,200,222,0.604155421257019,0.46883984516580224,0.0,0.9999000099990001,True
layer3.1.sn2,200,223,0.39063698053359985,0.28873016369071786,0.0,0.9999000099990001,True
layer3.1.sn2,200,224,0.5132343173027039,0.3498329833193438,0.0,0.9999000099990001,True
layer3.1.sn2,200,225,0.495069682598114,0.37722433214584733,0.0,0.9999000099990001,True
layer3.1.sn2,200,226,0.5503827333450317,0.41185289724619045,0.0,0.9999000099990001,True
layer3.1.sn2,200,227,0.40942323207855225,0.31356490965566186,0.0,0.9999000099990001,True
layer3.1.sn2,200,228,0.590918779373169,0.4366611625023159,0.0,0.9999000099990001,True
layer3.1.sn2,200,229,0.5051961541175842,0.37071598852931414,0.0,0.9999000099990001,True
layer3.1.sn2,200,230,0.5217239260673523,0.3922804761287976,0.0,0.9999000099990001,True
layer3.1.sn2,200,231,0.3539563715457916,0.2840875670995525,4.1251122278155734e-304,0.9999000099990001,True
layer3.1.sn2,200,232,0.6021926999092102,0.4475395714819795,0.0,0.9999000099990001,True
layer3.1.sn2,200,233,0.32005438208580017,0.26144169741058443,1.2487572805814147e-283,0.9999000099990001,True
layer3.1.sn2,200,234,0.7026650309562683,0.5665481193337263,0.0,0.9999000099990001,True
layer3.1.sn2,200,235,0.6013839840888977,0.45509582559697964,0.0,0.9999000099990001,True
layer3.1.sn2,200,236,0.47398141026496887,0.32150341242336494,0.0,0.9999000099990001,True
layer3.1.sn2,200,237,0.5317305326461792,0.41644878978953404,0.0,0.9999000099990001,True
layer3.1.sn2,200,238,0.5823388695716858,0.39882355808891423,0.0,0.9999000099990001,True
layer3.1.sn2,200,239,0.5150094628334045,0.40348016746551457,0.0,0.9999000099990001,True
layer3.1.sn2,200,240,,0.39999774356690676,,0.9900990099009901,False
layer3.1.sn2,200,241,0.7629448175430298,0.5825758956933385,0.0,0.9999000099990001,True
layer3.1.sn2,200,242,0.48631802201271057,0.3336222930089261,0.0,0.9999000099990001,True
layer3.1.sn2,200,243,0.2778843343257904,0.21386056811166404,2.624927951165993e-259,0.9999000099990001,True
layer3.1.sn2,200,244,0.41398945450782776,0.3168481795704757,0.0,0.9999000099990001,True
layer3.1.sn2,200,245,0.5133457779884338,0.3571041701677427,0.0,0.9999000099990001,True
layer3.1.sn2,200,246,0.8441782593727112,0.5858156149715708,0.0,0.9999000099990001,True
layer3.1.sn2,200,247,0.6153271198272705,0.4510753305395688,0.0,0.9999000099990001,True
layer3.1.sn2,200,248,0.5121291875839233,0.3865549174995736,0.0,0.9999000099990001,True
layer3.1.sn2,200,249,0.5639238953590393,0.38991431479939426,0.0,0.9999000099990001,True
layer3.1.sn2,200,250,0.6187400817871094,0.4682713071674658,0.0,0.9999000099990001,True
layer3.1.sn2,200,251,0.5971416234970093,0.45099570729592864,0.0,0.9999000099990001,True
layer3.1.sn2,200,252,0.5003083944320679,0.3729725158410262,0.0,0.9999000099990001,True
layer3.1.sn2,200,253,0.7467081546783447,0.518128786067737,0.0,0.9999000099990001,True
layer3.1.sn2,200,254,0.37418678402900696,0.2564227399029414,0.0,0.9999000099990001,True
layer3.1.sn2,200,255,0.7616398334503174,0.5245572652632962,0.0,0.9999000099990001,True
layer4.1.sn2,200,0,0.1255282610654831,0.08700956024354524,1.4304755420334432e-284,0.9999000099990001,True
layer4.1.sn2,200,1,0.1898830235004425,0.13161688037622585,0.0,0.9999000099990001,True
layer4.1.sn2,200,2,0.20859165489673615,0.14458472012843487,0.0,0.9999000099990001,True
layer4.1.sn2,200,3,0.058176156133413315,0.040324638655268086,1.1234535719570992e-133,0.9999000099990001,True
layer4.1.sn2,200,4,0.05987664312124252,0.04150332604909494,1.1681183278581324e-127,0.9999000099990001,True
layer4.1.sn2,200,5,0.06820084154605865,0.04727322353208565,1.044943545801447e-133,0.9999000099990001,True
layer4.1.sn2,200,6,0.1489231288433075,0.10322565146775405,3.944657068789359e-306,0.9999000099990001,True
layer4.1.sn2,200,7,0.016096921637654305,0.01115753609081792,5.204788583127673e-40,0.9999000099990001,True
layer4.1.sn2,200,8,0.20848897099494934,0.1445135416740097,0.0,0.9999000099990001,True
layer4.1.sn2,200,9,0.14795787632465363,0.10255658429052228,0.0,0.9999000099990001,True
layer4.1.sn2,200,10,0.10945870727300644,0.07587099282293668,2.5476424597606043e-213,0.9999000099990001,True
layer4.1.sn2,200,11,0.10217206180095673,0.07082027783257243,1.6043880815322923e-240,0.9999000099990001,True
layer4.1.sn2,200,12,0.0996490865945816,0.06907148223791006,4.866590838318138e-215,0.9999000099990001,True
layer4.1.sn2,200,13,0.21119816601276398,0.14639141714343043,0.0,0.9999000099990001,True
layer4.1.sn2,200,14,0.015176075510680676,0.01051925424024033,1.1088839409137089e-33,0.9999000099990001,True
layer4.1.sn2,200,15,0.2157757729291916,0.149564371879873,0.0,0.9999000099990001,True
layer4.1.sn2,200,16,0.36267977952957153,0.251390473242647,0.0,0.9999000099990001,True
layer4.1.sn2,200,17,0.1295030117034912,0.08976465185560331,4.6987605673240265e-261,0.9999000099990001,True
layer4.1.sn2,200,18,0.07808031141757965,0.05412114935847457,2.211853276823125e-175,0.9999000099990001,True
layer4.1.sn2,200,19,0.010172608308494091,0.007051114749516142,1.2880923979355455e-18,0.9999000099990001,True
layer4.1.sn2,200,20,0.12926827371120453,0.08960194209486926,3.874182103820679e-303,0.9999000099990001,True
layer4.1.sn2,200,21,0.39781948924064636,0.2757474653912473,0.0,0.9999000099990001,True
layer4.1.sn2,200,22,0.4415062665939331,0.30602882074385435,0.0,0.9999000099990001,True
layer4.1.sn2,200,23,0.05627826973795891,0.03900912456966167,2.908413863041186e-144,0.9999000099990001,True
layer4.1.sn2,200,24,0.463033527135849,0.3209503742367078,0.0,0.9999000099990001,True
layer4.1.sn2,200,25,0.1290730983018875,0.08946665906022183,0.0,0.9999000099990001,True
layer4.1.sn2,200,26,0.2863816022872925,0.19850460407702622,0.0,0.9999000099990001,True
layer4.1.sn2,200,27,0.02462303265929222,0.0170673861116852,5.7993685956660904e-36,0.9999000099990001,True
layer4.1.sn2,200,28,0.0792480930685997,0.054930593507368015,4.187611809495579e-162,0.9999000099990001,True
layer4.1.sn2,200,29,0.06994646042585373,0.04848319363744552,3.5476834124919286e-166,0.9999000099990001,True
layer4.1.sn2,200,30,0.3417185842990875,0.23686128192402123,0.0,0.9999000099990001,True
layer4.1.sn2,200,31,0.29370784759521484,0.20358277301937677,0.0,0.9999000099990001,True
layer4.1.sn2,200,32,0.4617866575717926,0.3200861118221185,0.0,0.9999000099990001,True
layer4.1.sn2,200,33,0.4653080999851227,0.3225270048975668,0.0,0.9999000099990001,True
layer4.1.sn2,200,34,0.4600560963153839,0.3188865948924906,0.0,0.9999000099990001,True
layer4.1.sn2,200,35,0.20342916250228882,0.14100635075451184,0.0,0.9999000099990001,True
layer4.1.sn2,200,36,0.11018456518650055,0.07637412253318655,6.521438299596366e-255,0.9999000099990001,True
layer4.1.sn2,200,37,0.45848116278648376,0.3177949198321234,0.0,0.9999000099990001,True
layer4.1.sn2,200,38,0.14167068898677826,0.09819863645242327,0.0,0.9999000099990001,True
layer4.1.sn2,200,39,0.12126226723194122,0.08405259781359599,7.478416608214615e-282,0.9999000099990001,True
layer4.1.sn2,200,40,0.16423383355140686,0.11383821868916014,0.0,0.9999000099990001,True
layer4.1.sn2,200,41,0.39916402101516724,0.2766794191400978,0.0,0.9999000099990001,True
layer4.1.sn2,200,42,0.5692352056503296,0.394563769482431,0.0,0.9999000099990001,True
layer4.1.sn2,200,43,0.18723344802856445,0.12978034145407677,0.0,0.9999000099990001,True
layer4.1.sn2,200,44,0.4585202634334564,0.3178220254858391,0.0,0.9999000099990001,True
layer4.1.sn2,200,45,0.08070702105760574,0.05594184319313537,2.6969997052865927e-171,0.9999000099990001,True
layer4.1.sn2,200,46,0.2870403528213501,0.1989612104770571,0.0,0.9999000099990001,True
layer4.1.sn2,200,47,0.17339104413986206,0.1201855167939209,0.0,0.9999000099990001,True
layer4.1.sn2,200,48,0.16133441030979156,0.1118284959307503,0.0,0.9999000099990001,True
layer4.1.sn2,200,49,0.2996675372123718,0.20771370378942228,0.0,0.9999000099990001,True
layer4.1.sn2,200,50,0.18555596470832825,0.12861759277465495,0.0,0.9999000099990001,True
layer4.1.sn2,200,51,0.3282994329929352,0.22755981652705048,0.0,0.9999000099990001,True
layer4.1.sn2,200,52,0.5262837409973145,0.36479210823306807,0.0,0.9999000099990001,True
layer4.1.sn2,200,53,0.26501256227493286,0.18369270163921603,0.0,0.9999000099990001,True
layer4.1.sn2,200,54,0.16386909782886505,0.11358539833963306,0.0,0.9999000099990001,True
layer4.1.sn2,200,55,0.07304634898900986,0.050631871873200764,2.4849492112041922e-157,0.9999000099990001,True
layer4.1.sn2,200,56,0.33622533082962036,0.23305363709275484,0.0,0.9999000099990001,True
layer4.1.sn2,200,57,0.48548418283462524,0.33651198474676175,0.0,0.9999000099990001,True
layer4.1.sn2,200,58,0.31787794828414917,0.2203361954136434,0.0,0.9999000099990001,True
layer4.1.sn2,200,59,0.15354277193546295,0.10642773690485677,0.0,0.9999000099990001,True
layer4.1.sn2,200,60,0.21139667928218842,0.14652901297049647,0.0,0.9999000099990001,True
layer4.1.sn2,200,61,0.22153376042842865,0.15355550326065742,0.0,0.9999000099990001,True
layer4.1.sn2,200,62,0.4333798885345459,0.3003960520465818,0.0,0.9999000099990001,True
layer4.1.sn2,200,63,0.4622161388397217,0.320383817798856,0.0,0.9999000099990001,True
layer4.1.sn2,200,64,0.415172815322876,0.2877758677460533,0.0,0.9999000099990001,True
layer4.1.sn2,200,65,0.4079703092575073,0.28278347451023583,0.0,0.9999000099990001,True
layer4.1.sn2,200,66,0.16282743215560913,0.11286337968255786,0.0,0.9999000099990001,True
layer4.1.sn2,200,67,0.4374779462814331,0.30323661396830726,0.0,0.9999000099990001,True
layer4.1.sn2,200,68,0.12765628099441528,0.08848458930563793,1.8522460993535352e-272,0.9999000099990001,True
layer4.1.sn2,200,69,0.3461557626724243,0.23993688085659975,0.0,0.9999000099990001,True
layer4.1.sn2,200,70,0.03664466738700867,0.02540014812725187,1.74301691416742e-66,0.9999000099990001,True
layer4.1.sn2,200,71,0.4823616147041321,0.3343475932461936,0.0,0.9999000099990001,True
layer4.1.sn2,200,72,0.2734151780605316,0.18951696549241961,0.0,0.9999000099990001,True
layer4.1.sn2,200,73,0.25719770789146423,0.17827585657637857,0.0,0.9999000099990001,True
layer4.1.sn2,200,74,0.10362867265939713,0.07182992106509607,4.948393719163834e-223,0.9999000099990001,True
layer4.1.sn2,200,75,0.46901464462280273,0.32509617915477684,0.0,0.9999000099990001,True
layer4.1.sn2,200,76,0.043653614819049835,0.030258380799001037,5.316481886959564e-64,0.9999000099990001,True
layer4.1.sn2,200,77,0.14525404572486877,0.10068242877200287,0.0,0.9999000099990001,True
layer4.1.sn2,200,78,0.14214147627353668,0.09852496021900987,0.0,0.9999000099990001,True
layer4.1.sn2,200,79,0.17431029677391052,0.12082268822771422,0.0,0.9999000099990001,True
layer4.1.sn2,200,80,0.31681010127067566,0.21959602480065343,0.0,0.9999000099990001,True
layer4.1.sn2,200,81,0.25025710463523865,0.17346501498768252,0.0,0.9999000099990001,True
layer4.1.sn2,200,82,0.016563154757022858,0.011480703424009324,5.44347857174526e-26,0.9999000099990001,True
layer4.1.sn2,200,83,0.18454337120056152,0.12791571410100808,0.0,0.9999000099990001,True
layer4.1.sn2,200,84,0.3544492721557617,0.24568552244359593,0.0,0.9999000099990001,True
layer4.1.sn2,200,85,0.3937245309352875,0.2729090505883597,0.0,0.9999000099990001,True
layer4.1.sn2,200,86,0.6699203848838806,0.4643534096302998,0.0,0.9999000099990001,True
layer4.1.sn2,200,87,0.4278647303581238,0.2965732215360124,0.0,0.9999000099990001,True
layer4.1.sn2,200,88,0.08175721764564514,0.05666978610321146,1.0233965406182014e-240,0.9999000099990001,True
layer4.1.sn2,200,89,0.11756999045610428,0.08149330705394117,6.2701312699360785e-257,0.9999000099990001,True
layer4.1.sn2,200,90,0.3160398304462433,0.21906210768389026,0.0,0.9999000099990001,True
layer4.1.sn2,200,91,0.4599989950656891,0.3188470066368099,0.0,0.9999000099990001,True
layer4.1.sn2,200,92,0.3653673231601715,0.253253327979089,0.0,0.9999000099990001,True
layer4.1.sn2,200,93,0.0533565953373909,0.03698397316370652,7.212974767229717e-138,0.9999000099990001,True
layer4.1.sn2,200,94,0.16337020695209503,0.11323960335108113,4.2345134996626286e-305,0.9999000099990001,True
layer4.1.sn2,200,95,0.4938911199569702,0.34233923542310596,0.0,0.9999000099990001,True
layer4.1.sn2,200,96,0.6305321455001831,0.4370515902778094,0.0,0.9999000099990001,True
layer4.1.sn2,200,97,0.31776735186576843,0.22025953990102565,0.0,0.9999000099990001,True
layer4.1.sn2,200,98,0.5956383943557739,0.4128650691382926,0.0,0.9999000099990001,True
layer4.1.sn2,200,99,0.3055822253227234,0.21181346083614094,0.0,0.9999000099990001,True
layer4.1.sn2,200,100,0.22637927532196045,0.15691415626024263,0.0,0.9999000099990001,True
layer4.1.sn2,200,101,0.48656362295150757,0.337260205642297,0.0,0.9999000099990001,True
layer4.1.sn2,200,102,0.3077240288257599,0.21329804925542067,0.0,0.9999000099990001,True
layer4.1.sn2,200,103,0.3965502083301544,0.274867663366986,0.0,0.9999000099990001,True
layer4.1.sn2,200,104,0.05149441957473755,0.03569321079325417,7.131073830003633e-116,0.9999000099990001,True
layer4.1.sn2,200,105,0.40971413254737854,0.28399220248247864,0.0,0.9999000099990001,True
layer4.1.sn2,200,106,0.17541061341762543,0.1215853764193464,0.0,0.9999000099990001,True
layer4.1.sn2,200,107,0.335878849029541,0.23281347305553968,0.0,0.9999000099990001,True
layer4.1.sn2,200,108,0.4189055860042572,0.2903632346347238,0.0,0.9999000099990001,True
layer4.1.sn2,200,109,0.23049643635749817,0.15976795044070188,0.0,0.9999000099990001,True
layer4.1.sn2,200,110,0.3089277148246765,0.21413237196141632,0.0,0.9999000099990001,True
layer4.1.sn2,200,111,0.11925248056650162,0.0826595231609341,1.1090883138532274e-264,0.9999000099990001,True
layer4.1.sn2,200,112,0.28349611163139343,0.19650452063900778,0.0,0.9999000099990001,True
layer4.1.sn2,200,113,0.440108060836792,0.3050596571800779,0.0,0.9999000099990001,True
layer4.1.sn2,200,114,0.24735614657402039,0.17145421515404874,0.0,0.9999000099990001,True
layer4.1.sn2,200,115,0.17263886332511902,0.11966413726057394,0.0,0.9999000099990001,True
layer4.1.sn2,200,116,0.30053383111953735,0.20831417483575257,0.0,0.9999000099990001,True
layer4.1.sn2,200,117,0.1054062470793724,0.07306204201602993,3.426510981451289e-250,0.9999000099990001,True
layer4.1.sn2,200,118,0.47523626685142517,0.32940867805467616,0.0,0.9999000099990001,True
layer4.1.sn2,200,119,0.1947583258152008,0.13499618884381526,0.0,0.9999000099990001,True
layer4.1.sn2,200,120,0.29695117473602295,0.2058308691241714,0.0,0.9999000099990001,True
layer4.1.sn2,200,121,0.11673866212368011,0.08091707488267547,2.738534982685669e-296,0.9999000099990001,True
layer4.1.sn2,200,122,0.32393309473991394,0.22453330295432225,0.0,0.9999000099990001,True
layer4.1.sn2,200,123,0.3028930127620697,0.20994943406739897,0.0,0.9999000099990001,True
layer4.1.sn2,200,124,0.1472601443529129,0.10207295540631153,0.0,0.9999000099990001,True
layer4.1.sn2,200,125,0.44385626912117004,0.30765771408357434,0.0,0.9999000099990001,True
layer4.1.sn2,200,126,0.07119540870189667,0.049348895875523616,1.63510775168657e-171,0.9999000099990001,True
layer4.1.sn2,200,127,0.09235429763793945,0.06401511957885817,3.984313012531087e-210,0.9999000099990001,True
layer4.1.sn2,200,128,0.04024181514978409,0.027893501555492008,7.906327434793151e-79,0.9999000099990001,True
layer4.1.sn2,200,129,0.17176854610443115,0.11906088093332728,0.0,0.9999000099990001,True
layer4.1.sn2,200,130,0.1154748946428299,0.08004109968210414,3.349908563321898e-269,0.9999000099990001,True
layer4.1.sn2,200,131,0.4809172451496124,0.33334642779341156,0.0,0.9999000099990001,True
layer4.1.sn2,200,132,0.036314815282821655,0.02517151065516662,9.307488688675171e-97,0.9999000099990001,True
layer4.1.sn2,200,133,0.3200342059135437,0.22183081459790902,0.0,0.9999000099990001,True
layer4.1.sn2,200,134,0.3551297187805176,0.24615716961754658,0.0,0.9999000099990001,True
layer4.1.sn2,200,135,0.18006998300552368,0.12481500217610306,0.0,0.9999000099990001,True
layer4.1.sn2,200,136,0.26334333419799805,0.18253569480054974,0.0,0.9999000099990001,True
layer4.1.sn2,200,137,0.16502167284488678,0.11438430892662432,0.0,0.9999000099990001,True
layer4.1.sn2,200,138,0.13695240020751953,0.09492817136455756,0.0,0.9999000099990001,True
layer4.1.sn2,200,139,0.13635896146297455,0.09451683078159591,0.0,0.9999000099990001,True
layer4.1.sn2,200,140,0.009701799601316452,0.006724775257182408,9.756806637213765e-14,0.9999000099990001,True
layer4.1.sn2,200,141,0.3920219838619232,0.2717289311472777,0.0,0.9999000099990001,True
layer4.1.sn2,200,142,0.061099935322999954,0.0423512470147852,1.4587549769816427e-148,0.9999000099990001,True
layer4.1.sn2,200,143,0.13611887395381927,0.0943504150614611,0.0,0.9999000099990001,True
layer4.1.sn2,200,144,0.38357940316200256,0.26587697609978056,0.0,0.9999000099990001,True
layer4.1.sn2,200,145,0.04864763468503952,0.033719971828344096,1.0506449644603893e-134,0.9999000099990001,True
layer4.1.sn2,200,146,0.01935500092804432,0.013415864212087548,1.4080999240784168e-46,0.9999000099990001,True
layer4.1.sn2,200,147,0.06448312103748322,0.044696295200103056,3.596654502250066e-138,0.9999000099990001,True
layer4.1.sn2,200,148,0.07142587751150131,0.049508645136931526,1.1261791356669576e-140,0.9999000099990001,True
layer4.1.sn2,200,149,0.15593759715557098,0.10808770283366884,0.0,0.9999000099990001,True
layer4.1.sn2,200,150,0.44168347120285034,0.306151650653967,0.0,0.9999000099990001,True
layer4.1.sn2,200,151,,0.18509642109566835,,0.9900990099009901,False
layer4.1.sn2,200,152,0.26842200756073,0.18605596752638956,0.0,0.9999000099990001,True
layer4.1.sn2,200,153,0.024659907445311546,0.017092945214899027,7.569238115826353e-51,0.9999000099990001,True
layer4.1.sn2,200,154,0.18487246334552765,0.12814382429039586,0.0,0.9999000099990001,True
layer4.1.sn2,200,155,0.36469966173171997,0.2527905521073939,0.0,0.9999000099990001,True
layer4.1.sn2,200,156,0.2789803147315979,0.19337442347606526,0.0,0.9999000099990001,True
layer4.1.sn2,200,157,0.18008746206760406,0.12482712172448622,0.0,0.9999000099990001,True
layer4.1.sn2,200,158,0.03976704552769661,0.02756441577745449,1.7371739712649324e-105,0.9999000099990001,True
layer4.1.sn2,200,159,0.24516849219799042,0.16993784542012566,0.0,0.9999000099990001,True
layer4.1.sn2,200,160,0.5506695508956909,0.381695065359824,0.0,0.9999000099990001,True
layer4.1.sn2,200,161,0.06763772666454315,0.046882897641111955,1.9127670521200594e-153,0.9999000099990001,True
layer4.1.sn2,200,162,0.28021353483200073,0.1942292292472976,0.0,0.9999000099990001,True
layer4.1.sn2,200,163,0.3299035429954529,0.22867171780825085,0.0,0.9999000099990001,True
layer4.1.sn2,200,164,0.041699618101119995,0.028903972046796306,1.3703469993316885e-112,0.9999000099990001,True
layer4.1.sn2,200,165,0.3645831048488617,0.2527097510347181,0.0,0.9999000099990001,True
layer4.1.sn2,200,166,0.2832435071468353,0.19632942826295852,0.0,0.9999000099990001,True
layer4.1.sn2,200,167,0.14729827642440796,0.10209938286978529,0.0,0.9999000099990001,True
layer4.1.sn2,200,168,0.4758319556713104,0.3298215838696956,0.0,0.9999000099990001,True
layer4.1.sn2,200,169,0.1001192256808281,0.06939735661182031,9.973416396036177e-197,0.9999000099990001,True
layer4.1.sn2,200,170,0.05534422770142555,0.038361695762275945,3.0325429641077173e-140,0.9999000099990001,True
layer4.1.sn2,200,171,0.14785410463809967,0.10248465227240848,1.865142286817e-311,0.9999000099990001,True
layer4.1.sn2,200,172,0.36210358142852783,0.2509910725455345,0.0,0.9999000099990001,True
layer4.1.sn2,200,173,0.08567669987678528,0.05938656505060261,8.256422899280468e-229,0.9999000099990001,True
layer4.1.sn2,200,174,0.31160834431648254,0.2159904498744023,0.0,0.9999000099990001,True
layer4.1.sn2,200,175,0.2962431013584137,0.2053400743288569,0.0,0.9999000099990001,True
layer4.1.sn2,200,176,0.2008013129234314,0.1391848637514605,0.0,0.9999000099990001,True
layer4.1.sn2,200,177,0.2748163044452667,0.19048813819824223,0.0,0.9999000099990001,True
layer4.1.sn2,200,178,0.3404001295566559,0.23594738147076177,0.0,0.9999000099990001,True
layer4.1.sn2,200,179,0.27655670046806335,0.1916944893122221,0.0,0.9999000099990001,True
layer4.1.sn2,200,180,0.026536617428064346,0.018393781502605698,9.880277112941626e-42,0.9999000099990001,True
layer4.1.sn2,200,181,0.4345926344394684,0.30123665339753936,0.0,0.9999000099990001,True
layer4.1.sn2,200,182,0.21928682923316956,0.15199804395140418,0.0,0.9999000099990001,True
layer4.1.sn2,200,183,0.018182188272476196,0.012602932620945088,1.1099242769063448e-30,0.9999000099990001,True
layer4.1.sn2,200,184,0.5778062343597412,0.4005047746806748,0.0,0.9999000099990001,True
layer4.1.sn2,200,185,0.059258271008729935,0.04107470446003669,8.439364761562714e-108,0.9999000099990001,True
layer4.1.sn2,200,186,0.19247810542583466,0.13341565819685422,0.0,0.9999000099990001,True
layer4.1.sn2,200,187,0.06496518850326538,0.04503043965296849,2.981511490327135e-162,0.9999000099990001,True
layer4.1.sn2,200,188,0.2598801553249359,0.18013520363773816,0.0,0.9999000099990001,True
layer4.1.sn2,200,189,0.30994701385498047,0.21483889660160024,0.0,0.9999000099990001,True
layer4.1.sn2,200,190,0.12991610169410706,0.09005097976166436,0.0,0.9999000099990001,True
layer4.1.sn2,200,191,0.4986053705215454,0.34560690557410256,0.0,0.9999000099990001,True
layer4.1.sn2,200,192,0.22182093560695648,0.153754557118494,0.0,0.9999000099990001,True
layer4.1.sn2,200,193,0.32259494066238403,0.22360577320294245,0.0,0.9999000099990001,True
layer4.1.sn2,200,194,0.006870363838970661,0.004762173257750931,1.1859689361180851e-08,0.9999000099990001,True
layer4.1.sn2,200,195,0.13113737106323242,0.09089750277861712,1.6887791584880892e-266,0.9999000099990001,True
layer4.1.sn2,200,196,0.4454006254673004,0.3087281878332195,0.0,0.9999000099990001,True
layer4.1.sn2,200,197,0.080448217689991,0.055762452736425265,1.2026399030071645e-186,0.9999000099990001,True
layer4.1.sn2,200,198,0.3073115050792694,0.2130121061493464,0.0,0.9999000099990001,True
layer4.1.sn2,200,199,0.032998811453580856,0.022873033323115643,1.717643280019893e-51,0.9999000099990001,True
layer4.1.sn2,200,200,0.2652514576911926,0.18385829304120765,0.0,0.9999000099990001,True
layer4.1.sn2,200,201,0.1519479751586914,0.10532230633877591,0.0,0.9999000099990001,True
layer4.1.sn2,200,202,0.05922677367925644,0.04105287063429895,5.737916027307265e-137,0.9999000099990001,True
layer4.1.sn2,200,203,0.2228323370218277,0.15445560643623668,0.0,0.9999000099990001,True
layer4.1.sn2,200,204,0.2326071560382843,0.16123098966809465,0.0,0.9999000099990001,True
layer4.1.sn2,200,205,0.19675196707248688,0.1363780669561734,0.0,0.9999000099990001,True
layer4.1.sn2,200,206,0.017386354506015778,0.012051302704291535,1.1973161817468363e-29,0.9999000099990001,True
layer4.1.sn2,200,207,0.35324692726135254,0.24485211002195734,0.0,0.9999000099990001,True
layer4.1.sn2,200,208,0.17047284543514252,0.11816276961093113,0.0,0.9999000099990001,True
layer4.1.sn2,200,209,0.19319546222686768,0.13391288861439013,0.0,0.9999000099990001,True
layer4.1.sn2,200,210,0.18874704837799072,0.1308294819658536,0.0,0.9999000099990001,True
layer4.1.sn2,200,211,0.10038378834724426,0.06958074037178849,2.6508361251460064e-229,0.9999000099990001,True
layer4.1.sn2,200,212,0.05816376581788063,0.04031605137107394,3.5277647015982614e-118,0.9999000099990001,True
layer4.1.sn2,200,213,0.07593755424022675,0.052635902140632615,4.365442174466661e-165,0.9999000099990001,True
layer4.1.sn2,200,214,0.3991592526435852,0.2766761113955578,0.0,0.9999000099990001,True
layer4.1.sn2,200,215,0.04039852321147919,0.02800212375076355,8.411665849571501e-103,0.9999000099990001,True
layer4.1.sn2,200,216,0.6512682437896729,0.4514247481417343,0.0,0.9999000099990001,True
layer4.1.sn2,200,217,0.4765024781227112,0.3302863530729985,0.0,0.9999000099990001,True
layer4.1.sn2,200,218,0.032283663749694824,0.022377330662735853,9.788753947426346e-73,0.9999000099990001,True
layer4.1.sn2,200,219,0.09045758843421936,0.06270042140135064,2.0497617442956525e-228,0.9999000099990001,True
layer4.1.sn2,200,220,0.06670443713665009,0.046235993167104736,4.3765255797757955e-127,0.9999000099990001,True
layer4.1.sn2,200,221,0.020335644483566284,0.014095594500621866,2.819695791313798e-29,0.9999000099990001,True
layer4.1.sn2,200,222,0.023715483024716377,0.01643832076501504,8.22161798768701e-43,0.9999000099990001,True
layer4.1.sn2,200,223,0.48833099007606506,0.33848525499919707,0.0,0.9999000099990001,True
layer4.1.sn2,200,224,0.04210759326815605,0.029186759667672896,4.830487723635172e-85,0.9999000099990001,True
layer4.1.sn2,200,225,0.37726545333862305,0.26150047536513105,0.0,0.9999000099990001,True
layer4.1.sn2,200,226,0.47828003764152527,0.3315184695191134,0.0,0.9999000099990001,True
layer4.1.sn2,200,227,0.04178200662136078,0.02896108108256481,2.0322229279693887e-103,0.9999000099990001,True
layer4.1.sn2,200,228,0.34824517369270325,0.24138516027344248,0.0,0.9999000099990001,True
layer4.1.sn2,200,229,0.3321581780910492,0.2302344955982494,0.0,0.9999000099990001,True
layer4.1.sn2,200,230,0.07946324348449707,0.055079720917335234,1.6216311682963614e-195,0.9999000099990001,True
layer4.1.sn2,200,231,0.4225750267505646,0.2929066854590728,0.0,0.9999000099990001,True
layer4.1.sn2,200,232,0.05744602531194687,0.039818549251715164,1.9550322171021277e-158,0.9999000099990001,True
layer4.1.sn2,200,233,0.17245420813560486,0.11953614368786938,0.0,0.9999000099990001,True
layer4.1.sn2,200,234,0.03735421597957611,0.025891968231119004,1.2623530616908767e-67,0.9999000099990001,True
layer4.1.sn2,200,235,0.13746219873428345,0.09528153105752586,0.0,0.9999000099990001,True
layer4.1.sn2,200,236,0.2516629099845886,0.17443944424848293,0.0,0.9999000099990001,True
layer4.1.sn2,200,237,0.0905337929725647,0.0627532432045775,6.0774968758043834e-192,0.9999000099990001,True
layer4.1.sn2,200,238,0.39790844917297363,0.2758091135411227,0.0,0.9999000099990001,True
layer4.1.sn2,200,239,0.39527398347854614,0.27398304377844357,0.0,0.9999000099990001,True
layer4.1.sn2,200,240,,0.1541587399345293,,0.9900990099009901,False
layer4.1.sn2,200,241,0.18690691888332367,0.1295540062542031,0.0,0.9999000099990001,True
layer4.1.sn2,200,242,0.47073420882225037,0.32628809501381967,0.0,0.9999000099990001,True
layer4.1.sn2,200,243,0.07654836773872375,0.05305928707327602,5.04169981761946e-164,0.9999000099990001,True
layer4.1.sn2,200,244,0.1248420849442482,0.08653394073381852,4.342644452010548e-287,0.9999000099990001,True
layer4.1.sn2,200,245,0.27836257219314575,0.19294622956188623,0.0,0.9999000099990001,True
layer4.1.sn2,200,246,0.20490504801273346,0.14202935434788294,0.0,0.9999000099990001,True
layer4.1.sn2,200,247,0.2943548560142517,0.20403123014772795,0.0,0.9999000099990001,True
layer4.1.sn2,200,248,0.1330656260251999,0.09223406767750464,1.8838183793821756e-265,0.9999000099990001,True
layer4.1.sn2,200,249,0.2926638722419739,0.20285913125515245,0.0,0.9999000099990001,True
layer4.1.sn2,200,250,0.23913505673408508,0.16575579175742433,0.0,0.9999000099990001,True
layer4.1.sn2,200,251,0.1589670479297638,0.11018755708035052,0.0,0.9999000099990001,True
layer4.1.sn2,200,252,0.11486691981554031,0.07961967914300375,2.0515027478152077e-287,0.9999000099990001,True
layer4.1.sn2,200,253,0.12061073631048203,0.0836009915537857,6.031273235263274e-258,0.9999000099990001,True
layer4.1.sn2,200,254,0.05805828422307968,0.04024293505381228,9.576189559792353e-134,0.9999000099990001,True
layer4.1.sn2,200,255,0.2782473862171173,0.1928663833217679,0.0,0.9999000099990001,True
layer4.1.sn2,200,256,0.5062838196754456,0.35092920962675445,0.0,0.9999000099990001,True
layer4.1.sn2,200,257,0.10865123569965363,0.07531129697628912,3.8535465151742186e-235,0.9999000099990001,True
layer4.1.sn2,200,258,0.029176663607358932,0.020223722407674463,7.945694205638035e-77,0.9999000099990001,True
layer4.1.sn2,200,259,0.16270732879638672,0.11278013089718429,0.0,0.9999000099990001,True
layer4.1.sn2,200,260,0.26724138855934143,0.18523761576854775,0.0,0.9999000099990001,True
layer4.1.sn2,200,261,0.1648280918598175,0.11425012585244167,0.0,0.9999000099990001,True
layer4.1.sn2,200,262,0.20608729124069214,0.1428488289075945,0.0,0.9999000099990001,True
layer4.1.sn2,200,263,0.1024392768740654,0.07100549770277685,5.064521497887548e-253,0.9999000099990001,True
layer4.1.sn2,200,264,0.2636687159538269,0.1827612261507291,0.0,0.9999000099990001,True
layer4.1.sn2,200,265,0.5389503240585327,0.3735718795250057,0.0,0.9999000099990001,True
layer4.1.sn2,200,266,0.34983354806900024,0.2424861406065379,0.0,0.9999000099990001,True
layer4.1.sn2,200,267,0.263266921043396,0.18248271464252594,0.0,0.9999000099990001,True
layer4.1.sn2,200,268,0.12696826457977295,0.08800769260809305,5.412843311180241e-258,0.9999000099990001,True
layer4.1.sn2,200,269,0.36824506521224976,0.2552480374530246,0.0,0.9999000099990001,True
layer4.1.sn2,200,270,0.201402947306633,0.13960188919983035,0.0,0.9999000099990001,True
layer4.1.sn2,200,271,0.22352389991283417,0.1549349621664901,0.0,0.9999000099990001,True
layer4.1.sn2,200,272,0.182730570435524,0.1266591798903651,0.0,0.9999000099990001,True
layer4.1.sn2,200,273,0.24233247339725494,0.16797206947978682,0.0,0.9999000099990001,True
layer4.1.sn2,200,274,0.38741156458854675,0.2685332252236581,0.0,0.9999000099990001,True
layer4.1.sn2,200,275,0.4426453113555908,0.30681835312726247,0.0,0.9999000099990001,True
layer4.1.sn2,200,276,0.18525521457195282,0.12840912664852264,0.0,0.9999000099990001,True
layer4.1.sn2,200,277,0.5510047674179077,0.3819273810423995,0.0,0.9999000099990001,True
layer4.1.sn2,200,278,0.21617776155471802,0.14984300633566214,0.0,0.9999000099990001,True
layer4.1.sn2,200,279,0.19853517413139343,0.13761409417615922,0.0,0.9999000099990001,True
layer4.1.sn2,200,280,0.49769046902656555,0.34497274392384986,0.0,0.9999000099990001,True
layer4.1.sn2,200,281,0.418719083070755,0.2902339561580066,0.0,0.9999000099990001,True
layer4.1.sn2,200,282,0.4098529517650604,0.2840884264033226,0.0,0.9999000099990001,True
layer4.1.sn2,200,283,0.23089012503623962,0.16004083774005712,0.0,0.9999000099990001,True
layer4.1.sn2,200,284,0.3942111134529114,0.27324632104025937,0.0,0.9999000099990001,True
layer4.1.sn2,200,285,0.14061468839645386,0.09746667312751374,0.0,0.9999000099990001,True
layer4.1.sn2,200,286,0.07248085737228394,0.05023990435306319,2.264884946708101e-164,0.9999000099990001,True
layer4.1.sn2,200,287,0.5106876492500305,0.35398170460282774,0.0,0.9999000099990001,True
layer4.1.sn2,200,288,0.3931678235530853,0.2725231610704566,0.0,0.9999000099990001,True
layer4.1.sn2,200,289,0.3440619707107544,0.23848558491699912,0.0,0.9999000099990001,True
layer4.1.sn2,200,290,0.35032376646995544,0.24282592165757683,0.0,0.9999000099990001,True
layer4.1.sn2,200,291,0.37714675068855286,0.26141821161741124,0.0,0.9999000099990001,True
layer4.1.sn2,200,292,0.3868311941623688,0.2681309549191944,0.0,0.9999000099990001,True
layer4.1.sn2,200,293,0.1806267499923706,0.12520092243035566,0.0,0.9999000099990001,True
layer4.1.sn2,200,294,0.3697134554386139,0.2562658474434599,0.0,0.9999000099990001,True
layer4.1.sn2,200,295,0.5291870832443237,0.3668045344338192,0.0,0.9999000099990001,True
layer4.1.sn2,200,296,0.13153034448623657,0.09116988777263266,3.1992285643943977e-290,0.9999000099990001,True
layer4.1.sn2,200,297,0.3059891164302826,0.21209548423644237,0.0,0.9999000099990001,True
layer4.1.sn2,200,298,0.4370461702346802,0.3029373265849522,0.0,0.9999000099990001,True
layer4.1.sn2,200,299,0.4896218478679657,0.33937999963134224,0.0,0.9999000099990001,True
layer4.1.sn2,200,300,0.3723650574684143,0.25810379761311836,0.0,0.9999000099990001,True
layer4.1.sn2,200,301,0.07622997462749481,0.0528385931650468,1.0385431718345997e-174,0.9999000099990001,True
layer4.1.sn2,200,302,0.18169629573822021,0.12594227869208036,0.0,0.9999000099990001,True
layer4.1.sn2,200,303,0.4792366623878479,0.33218154769751546,0.0,0.9999000099990001,True
layer4.1.sn2,200,304,0.11610777676105499,0.0804797768871104,9.234194507458707e-256,0.9999000099990001,True
layer4.1.sn2,200,305,0.4016242027282715,0.2783846860487503,0.0,0.9999000099990001,True
layer4.1.sn2,200,306,0.12413211911916733,0.08604183091290471,0.0,0.9999000099990001,True
layer4.1.sn2,200,307,0.05844981223344803,0.04051432356192253,1.0336160427649843e-145,0.9999000099990001,True
layer4.1.sn2,200,308,0.3070432245731354,0.2128261366285391,0.0,0.9999000099990001,True
layer4.1.sn2,200,309,0.3032948076725006,0.21022793299913253,0.0,0.9999000099990001,True
layer4.1.sn2,200,310,0.18387040495872498,0.12744925236540672,0.0,0.9999000099990001,True
layer4.1.sn2,200,311,0.09717880189418793,0.06735921173150845,3.115690432752231e-217,0.9999000099990001,True
layer4.1.sn2,200,312,0.06161360815167427,0.04270729879596067,3.5086121805306323e-158,0.9999000099990001,True
layer4.1.sn2,200,313,0.07446028292179108,0.051611935452145666,2.3194646970458695e-169,0.9999000099990001,True
layer4.1.sn2,200,314,0.12102443724870682,0.08388774732609044,0.0,0.9999000099990001,True
layer4.1.sn2,200,315,0.18837963044643402,0.13057481068495888,0.0,0.9999000099990001,True
layer4.1.sn2,200,316,0.4915999174118042,0.3407510936358533,0.0,0.9999000099990001,True
layer4.1.sn2,200,317,0.01463427022099495,0.01014370344958879,1.068515215270304e-17,0.9999000099990001,True
layer4.1.sn2,200,318,,0.21567976315645818,,0.9900990099009901,False
layer4.1.sn2,200,319,0.07163094729185104,0.04965078861607954,4.253246738391215e-168,0.9999000099990001,True
layer4.1.sn2,200,320,0.07579890638589859,0.05253979885553615,7.998971561442051e-162,0.9999000099990001,True
layer4.1.sn2,200,321,0.1169980987906456,0.08109690219234227,5.518298223555375e-240,0.9999000099990001,True
layer4.1.sn2,200,322,0.21564945578575134,0.14947681637385846,0.0,0.9999000099990001,True
layer4.1.sn2,200,323,0.1944815069437027,0.13480430482164088,0.0,0.9999000099990001,True
layer4.1.sn2,200,324,0.0853806734085083,0.059181373875403176,8.461079922538444e-163,0.9999000099990001,True
layer4.1.sn2,200,325,0.35169926285743713,0.24377934501152665,0.0,0.9999000099990001,True
layer4.1.sn2,200,326,0.3143331706523895,0.2178791572429678,0.0,0.9999000099990001,True
layer4.1.sn2,200,327,0.058485474437475204,0.040539042439254644,6.065454848463748e-159,0.9999000099990001,True
layer4.1.sn2,200,328,0.10726270824670792,0.07434884150006082,5.072826918114395e-224,0.9999000099990001,True
layer4.1.sn2,200,329,0.10644562542438507,0.07378248497862654,8.078495671241698e-245,0.9999000099990001,True
layer4.1.sn2,200,330,0.20544607937335968,0.14240436825164177,0.0,0.9999000099990001,True
layer4.1.sn2,200,331,0.09164032340049744,0.06352023237579973,1.1753083229595037e-220,0.9999000099990001,True
layer4.1.sn2,200,332,0.3754321336746216,0.26022972382138815,0.0,0.9999000099990001,True
layer4.1.sn2,200,333,0.3995438516139984,0.2769426916445451,0.0,0.9999000099990001,True
layer4.1.sn2,200,334,0.5720866918563843,0.39654025911846325,0.0,0.9999000099990001,True
layer4.1.sn2,200,335,0.46401408314704895,0.32163005507751946,0.0,0.9999000099990001,True
layer4.1.sn2,200,336,0.2001698911190033,0.13874720001595997,0.0,0.9999000099990001,True
layer4.1.sn2,200,337,0.3368147015571594,0.2334621606044196,0.0,0.9999000099990001,True
layer4.1.sn2,200,338,0.03522126004099846,0.024413516602237072,1.0358553451543261e-92,0.9999000099990001,True
layer4.1.sn2,200,339,0.10907154530286789,0.07560263171832934,1.0449774977365087e-226,0.9999000099990001,True
layer4.1.sn2,200,340,0.10159344226121902,0.07041920978502626,8.44421748294508e-247,0.9999000099990001,True
layer4.1.sn2,200,341,0.07341612875461578,0.05088818207094756,1.3946461312180726e-186,0.9999000099990001,True
layer4.1.sn2,200,342,0.3096417784690857,0.21462731681888808,0.0,0.9999000099990001,True
layer4.1.sn2,200,343,0.23388853669166565,0.16211918183296953,0.0,0.9999000099990001,True
layer4.1.sn2,200,344,0.3933851718902588,0.27267382939266166,0.0,0.9999000099990001,True
layer4.1.sn2,200,345,0.02774154581129551,0.01922897368392157,7.335848981031972e-48,0.9999000099990001,True
layer4.1.sn2,200,346,0.19302864372730255,0.13379725508802243,0.0,0.9999000099990001,True
layer4.1.sn2,200,347,0.09957370907068253,0.06901923819603542,2.951092680203874e-227,0.9999000099990001,True
layer4.1.sn2,200,348,0.33994701504707336,0.23563331609891383,0.0,0.9999000099990001,True
layer4.1.sn2,200,349,0.35718032717704773,0.2475785337691078,0.0,0.9999000099990001,True
layer4.1.sn2,200,350,0.1261516958475113,0.08744169611040366,2.3029571223219193e-301,0.9999000099990001,True
layer4.1.sn2,200,351,0.28693923354148865,0.19889111114003977,0.0,0.9999000099990001,True
layer4.1.sn2,200,352,0.13415658473968506,0.09299025845970738,0.0,0.9999000099990001,True
layer4.1.sn2,200,353,0.27919331192970276,0.1935220585984858,0.0,0.9999000099990001,True
layer4.1.sn2,200,354,0.03572580963373184,0.02476324482681565,1.6249678457987096e-62,0.9999000099990001,True
layer4.1.sn2,200,355,0.39019227027893066,0.27046067331958107,0.0,0.9999000099990001,True
layer4.1.sn2,200,356,0.33855435252189636,0.23466799589227264,0.0,0.9999000099990001,True
layer4.1.sn2,200,357,0.1306816190481186,0.09058159940933469,3.1792612777276955e-287,0.9999000099990001,True
layer4.1.sn2,200,358,0.28084954619407654,0.19467007273704043,0.0,0.9999000099990001,True
layer4.1.sn2,200,359,0.2819993495941162,0.19546704717306917,0.0,0.9999000099990001,True
layer4.1.sn2,200,360,0.40766963362693787,0.2825750490349245,0.0,0.9999000099990001,True
layer4.1.sn2,200,361,0.4665756821632385,0.32340561881498664,0.0,0.9999000099990001,True
layer4.1.sn2,200,362,0.39395788311958313,0.27307079369374027,0.0,0.9999000099990001,True
layer4.1.sn2,200,363,0.2851204574108124,0.19763043396367003,0.0,0.9999000099990001,True
layer4.1.sn2,200,364,0.34759312868118286,0.2409331892044506,0.0,0.9999000099990001,True
layer4.1.sn2,200,365,0.1177494078874588,0.08161766925494049,6.012053382297439e-230,0.9999000099990001,True
layer4.1.sn2,200,366,0.06983885169029236,0.04840860090200514,1.4409907895494982e-160,0.9999000099990001,True
layer4.1.sn2,200,367,0.048106689006090164,0.03334501518361748,3.5423223773849707e-106,0.9999000099990001,True
layer4.1.sn2,200,368,0.10286968946456909,0.07130383453869509,4.2888972330135364e-283,0.9999000099990001,True
layer4.1.sn2,200,369,0.3850005567073822,0.26686204784241496,0.0,0.9999000099990001,True
layer4.1.sn2,200,370,0.40142571926116943,0.27824711056283485,0.0,0.9999000099990001,True
layer4.1.sn2,200,371,0.008095369674265385,0.005611282413106983,3.0338205022734115e-11,0.9999000099990001,True
layer4.1.sn2,200,372,0.2439577579498291,0.16909863227380445,0.0,0.9999000099990001,True
layer4.1.sn2,200,373,0.30668750405311584,0.21257958440943192,0.0,0.9999000099990001,True
layer4.1.sn2,200,374,0.1404799371957779,0.09737326839305181,0.0,0.9999000099990001,True
layer4.1.sn2,200,375,0.1503826528787613,0.1042373099599715,0.0,0.9999000099990001,True
layer4.1.sn2,200,376,0.3769870102405548,0.2613074919307913,0.0,0.9999000099990001,True
layer4.1.sn2,200,377,0.345488578081131,0.23947442954667592,0.0,0.9999000099990001,True
layer4.1.sn2,200,378,0.19730032980442047,0.1367581722463603,0.0,0.9999000099990001,True
layer4.1.sn2,200,379,0.15988971292972565,0.11082710587026513,0.0,0.9999000099990001,True
layer4.1.sn2,200,380,0.34435415267944336,0.23868811473599638,0.0,0.9999000099990001,True
layer4.1.sn2,200,381,0.2052658051252365,0.14227941742733213,0.0,0.9999000099990001,True
layer4.1.sn2,200,382,0.15173472464084625,0.10517449908021988,0.0,0.9999000099990001,True
layer4.1.sn2,200,383,0.07213442027568817,0.049999770722070874,1.2108926600099324e-168,0.9999000099990001,True
layer4.1.sn2,200,384,0.3982771337032318,0.2760646656216157,0.0,0.9999000099990001,True
layer4.1.sn2,200,385,0.11324619501829147,0.07849628121355362,2.3041890893884545e-286,0.9999000099990001,True
layer4.1.sn2,200,386,0.12444209307432175,0.08625668462950348,9.4364478546624e-310,0.9999000099990001,True
layer4.1.sn2,200,387,0.10764826834201813,0.07461609458817896,7.889626684708364e-220,0.9999000099990001,True
layer4.1.sn2,200,388,0.6348187327384949,0.4400228151667006,0.0,0.9999000099990001,True
layer4.1.sn2,200,389,0.3102688491344452,0.2150619785981227,0.0,0.9999000099990001,True
layer4.1.sn2,200,390,0.13860726356506348,0.09607523163514636,0.0,0.9999000099990001,True
layer4.1.sn2,200,391,0.032188743352890015,0.02231153748943501,1.3989611187356447e-60,0.9999000099990001,True
layer4.1.sn2,200,392,0.36414679884910583,0.2524073189279041,0.0,0.9999000099990001,True
layer4.1.sn2,200,393,0.40737250447273254,0.2823691057307304,0.0,0.9999000099990001,True
layer4.1.sn2,200,394,0.3077293932437897,0.21330176577659346,0.0,0.9999000099990001,True
layer4.1.sn2,200,395,0.08982407301664352,0.06226130246355599,2.8198022210671883e-214,0.9999000099990001,True
layer4.1.sn2,200,396,0.06036176532506943,0.041839586843905596,3.522829640846281e-151,0.9999000099990001,True
layer4.1.sn2,200,397,0.057538360357284546,0.03988255238016875,6.901984487036632e-144,0.9999000099990001,True
layer4.1.sn2,200,398,0.1603909134864807,0.11117450767731396,0.0,0.9999000099990001,True
layer4.1.sn2,200,399,0.061275750398635864,0.04247311272782323,1.5027952785769224e-143,0.9999000099990001,True
layer4.1.sn2,200,400,,0.23086107461041483,,0.9900990099009901,False
layer4.1.sn2,200,401,0.4950467646121979,0.34314027783770307,0.0,0.9999000099990001,True
layer4.1.sn2,200,402,0.37196084856987,0.25782361495841993,0.0,0.9999000099990001,True
layer4.1.sn2,200,403,0.3623136878013611,0.25113671735351883,0.0,0.9999000099990001,True
layer4.1.sn2,200,404,0.18111801147460938,0.12554143738775556,0.0,0.9999000099990001,True
layer4.1.sn2,200,405,0.5179275870323181,0.35900005429461734,0.0,0.9999000099990001,True
layer4.1.sn2,200,406,0.11337089538574219,0.07858271681362604,8.899985357742343e-255,0.9999000099990001,True
layer4.1.sn2,200,407,0.6537720561027527,0.4531602539981535,0.0,0.9999000099990001,True
layer4.1.sn2,200,408,0.3700692355632782,0.25651243726698836,0.0,0.9999000099990001,True
layer4.1.sn2,200,409,0.48507535457611084,0.3362286153058285,0.0,0.9999000099990001,True
layer4.1.sn2,200,410,0.3946166932582855,0.2735274525773049,0.0,0.9999000099990001,True
layer4.1.sn2,200,411,0.6451756358146667,0.44720168992365184,0.0,0.9999000099990001,True
layer4.1.sn2,200,412,0.14064911007881165,0.0974905380684861,0.0,0.9999000099990001,True
layer4.1.sn2,200,413,0.3632601201534271,0.25179272805756686,0.0,0.9999000099990001,True
layer4.1.sn2,200,414,0.1084703579545021,0.07518592200848294,1.4220543026671756e-262,0.9999000099990001,True
layer4.1.sn2,200,415,0.2641257345676422,0.1830780175864747,0.0,0.9999000099990001,True
layer4.1.sn2,200,416,0.6981781125068665,0.4839402099692854,0.0,0.9999000099990001,True
layer4.1.sn2,200,417,0.07401353120803833,0.05130227093512432,1.6936253666986078e-143,0.9999000099990001,True
layer4.1.sn2,200,418,0.15279772877693176,0.10591131432480524,0.0,0.9999000099990001,True
layer4.1.sn2,200,419,0.40477317571640015,0.28056738181628993,0.0,0.9999000099990001,True
layer4.1.sn2,200,420,0.2574377655982971,0.17844225431549413,0.0,0.9999000099990001,True
layer4.1.sn2,200,421,0.13362832367420197,0.09262409142473994,3.2409615177304103e-268,0.9999000099990001,True
layer4.1.sn2,200,422,0.45159149169921875,0.3130193658463384,0.0,0.9999000099990001,True
layer4.1.sn2,200,423,0.12290731817483902,0.08519285851908867,9.813820259628875e-269,0.9999000099990001,True
layer4.1.sn2,200,424,0.37017446756362915,0.2565853787676416,0.0,0.9999000099990001,True
layer4.1.sn2,200,425,0.22021588683128357,0.15264202244544128,0.0,0.9999000099990001,True
layer4.1.sn2,200,426,0.35884010791778564,0.24872900575593404,0.0,0.9999000099990001,True
layer4.1.sn2,200,427,0.27214449644088745,0.1886361848022907,0.0,0.9999000099990001,True
layer4.1.sn2,200,428,0.25550544261932373,0.17710288311246097,0.0,0.9999000099990001,True
layer4.1.sn2,200,429,0.12886683642864227,0.0893236852676077,0.0,0.9999000099990001,True
layer4.1.sn2,200,430,0.5038211941719055,0.34922222804799635,0.0,0.9999000099990001,True
layer4.1.sn2,200,431,0.09343893826007843,0.06476693535224556,2.229639565053387e-248,0.9999000099990001,True
layer4.1.sn2,200,432,0.253522664308548,0.17572852854618715,0.0,0.9999000099990001,True
layer4.1.sn2,200,433,0.33787479996681213,0.23419696308240712,0.0,0.9999000099990001,True
layer4.1.sn2,200,434,0.14569705724716187,0.10098950887684338,0.0,0.9999000099990001,True
layer4.1.sn2,200,435,0.08732382208108902,0.06052826327120978,3.2699030223357726e-225,0.9999000099990001,True
layer4.1.sn2,200,436,0.11129910498857498,0.07714666265549544,2.8306867841197995e-252,0.9999000099990001,True
layer4.1.sn2,200,437,0.11920038610696793,0.08262341027427537,7.08210549641696e-260,0.9999000099990001,True
layer4.1.sn2,200,438,0.18336078524589539,0.12709601057045894,0.0,0.9999000099990001,True
layer4.1.sn2,200,439,0.03547016158699989,0.0245860428846057,6.017803266773569e-62,0.9999000099990001,True
layer4.1.sn2,200,440,0.13713273406028748,0.09505316736583869,4.143881039540525e-292,0.9999000099990001,True
layer4.1.sn2,200,441,0.2563546299934387,0.17769148604797613,0.0,0.9999000099990001,True
layer4.1.sn2,200,442,0.38580435514450073,0.26741919271035003,0.0,0.9999000099990001,True
layer4.1.sn2,200,443,0.19612815976142883,0.13594567775177344,0.0,0.9999000099990001,True
layer4.1.sn2,200,444,0.03447345271706581,0.02389517582046661,7.364277474417319e-75,0.9999000099990001,True
layer4.1.sn2,200,445,,0.01136221520834094,,0.9900990099009901,False
layer4.1.sn2,200,446,0.34196972846984863,0.23703535617692492,0.0,0.9999000099990001,True
layer4.1.sn2,200,447,0.43413046002388,0.3009162989447486,0.0,0.9999000099990001,True
layer4.1.sn2,200,448,0.22060491144657135,0.15291167512524556,0.0,0.9999000099990001,True
layer4.1.sn2,200,449,0.5263434052467346,0.36483343586522154,0.0,0.9999000099990001,True
layer4.1.sn2,200,450,0.18835224211215973,0.1305558224465389,0.0,0.9999000099990001,True
layer4.1.sn2,200,451,0.12735097110271454,0.08827296164384074,4.3326432796279694e-278,0.9999000099990001,True
layer4.1.sn2,200,452,0.3036363124847412,0.2104646506406332,0.0,0.9999000099990001,True
layer4.1.sn2,200,453,0.4657750129699707,0.3228506413120692,0.0,0.9999000099990001,True
layer4.1.sn2,200,454,0.3365979492664337,0.2333119196235953,0.0,0.9999000099990001,True
layer4.1.sn2,200,455,0.21002818644046783,0.14558044151095417,0.0,0.9999000099990001,True
layer4.1.sn2,200,456,0.23463930189609528,0.16263957495071743,0.0,0.9999000099990001,True
layer4.1.sn2,200,457,0.41595029830932617,0.28831478662547866,0.0,0.9999000099990001,True
layer4.1.sn2,200,458,0.42438146471977234,0.29415882390068243,0.0,0.9999000099990001,True
layer4.1.sn2,200,459,0.35935255885124207,0.24908422099367256,0.0,0.9999000099990001,True
layer4.1.sn2,200,460,0.5193354487419128,0.35997590243200445,0.0,0.9999000099990001,True
layer4.1.sn2,200,461,0.27882516384124756,0.1932668844890993,0.0,0.9999000099990001,True
layer4.1.sn2,200,462,0.27400001883506775,0.18992234984772355,0.0,0.9999000099990001,True
layer4.1.sn2,200,463,0.14263278245925903,0.09886550799362609,0.0,0.9999000099990001,True
layer4.1.sn2,200,464,0.3548046350479126,0.24593182982035583,0.0,0.9999000099990001,True
layer4.1.sn2,200,465,0.13351589441299438,0.09254617064955718,1.7420192295041305e-302,0.9999000099990001,True
layer4.1.sn2,200,466,0.14290392398834229,0.09905344765724611,6.279355202834292e-303,0.9999000099990001,True
layer4.1.sn2,200,467,0.027025969699025154,0.018732975337253602,2.4657244514264816e-50,0.9999000099990001,True
layer4.1.sn2,200,468,0.3961029052734375,0.27455761586084326,0.0,0.9999000099990001,True
layer4.1.sn2,200,469,0.06952404230833054,0.04819039332506251,4.26439042663467e-148,0.9999000099990001,True
layer4.1.sn2,200,470,0.09252163022756577,0.06413110606123308,1.287565698488193e-197,0.9999000099990001,True
layer4.1.sn2,200,471,0.07141365855932236,0.049500176885074375,1.3346137229172646e-171,0.9999000099990001,True
layer4.1.sn2,200,472,0.17205844819545746,0.11926182490500276,0.0,0.9999000099990001,True
layer4.1.sn2,200,473,0.20038674771785736,0.13889750759842223,0.0,0.9999000099990001,True
layer4.1.sn2,200,474,0.24245427548885345,0.1680565017012723,0.0,0.9999000099990001,True
layer4.1.sn2,200,475,0.03334587439894676,0.023113599679403574,3.16269686919598e-63,0.9999000099990001,True
layer4.1.sn2,200,476,0.0782289206981659,0.05422415757454468,6.358168435742812e-175,0.9999000099990001,True
layer4.1.sn2,200,477,0.1187991350889206,0.08234528419160715,4.3078336141523245e-257,0.9999000099990001,True
layer4.1.sn2,200,478,0.6215386390686035,0.4308177359419916,0.0,0.9999000099990001,True
layer4.1.sn2,200,479,0.15150868892669678,0.10501782332774388,0.0,0.9999000099990001,True
layer4.1.sn2,200,480,0.5985383987426758,0.4148751832302967,0.0,0.9999000099990001,True
layer4.1.sn2,200,481,0.37858325242996216,0.2624139139203825,0.0,0.9999000099990001,True
layer4.1.sn2,200,482,0.46295177936553955,0.3208937173974468,0.0,0.9999000099990001,True
layer4.1.sn2,200,483,0.47639000415802,0.33020839132123986,0.0,0.9999000099990001,True
layer4.1.sn2,200,484,0.1559371054172516,0.10808736707267422,0.0,0.9999000099990001,True
layer4.1.sn2,200,485,0.4359933137893677,0.3022075394088519,0.0,0.9999000099990001,True
layer4.1.sn2,200,486,0.38404539227485657,0.266199971916692,0.0,0.9999000099990001,True
layer4.1.sn2,200,487,0.07289158552885056,0.05052459495828894,1.756334781795355e-180,0.9999000099990001,True
layer4.1.sn2,200,488,0.4735642671585083,0.3282497297975687,0.0,0.9999000099990001,True
layer4.1.sn2,200,489,0.4983353614807129,0.3454197588673211,0.0,0.9999000099990001,True
layer4.1.sn2,200,490,0.24242235720157623,0.1680343770302087,0.0,0.9999000099990001,True
layer4.1.sn2,200,491,0.06123138964176178,0.04244236488469773,5.459093189752042e-129,0.9999000099990001,True
layer4.1.sn2,200,492,0.5192465782165527,0.35991431701543514,0.0,0.9999000099990001,True
layer4.1.sn2,200,493,0.19010546803474426,0.13177107042987782,0.0,0.9999000099990001,True
layer4.1.sn2,200,494,0.3822524845600128,0.26495723968954027,0.0,0.9999000099990001,True
layer4.1.sn2,200,495,0.09710816293954849,0.06731025123392041,4.383015376131677e-211,0.9999000099990001,True
layer4.1.sn2,200,496,0.39666688442230225,0.27494853185643836,0.0,0.9999000099990001,True
layer4.1.sn2,200,497,0.10321569442749023,0.07154367001736273,3.17801264696634e-253,0.9999000099990001,True
layer4.1.sn2,200,498,0.08886068314313889,0.06159353409838435,7.749064116707506e-183,0.9999000099990001,True
layer4.1.sn2,200,499,0.1441499888896942,0.09991716141519494,0.0,0.9999000099990001,True
layer4.1.sn2,200,500,0.06530443578958511,0.04526558697626949,1.2988087714140829e-154,0.9999000099990001,True
layer4.1.sn2,200,501,0.5509457588195801,0.38188650078152525,0.0,0.9999000099990001,True
layer4.1.sn2,200,502,0.03331911563873291,0.0230950511162387,6.665080512826891e-77,0.9999000099990001,True
layer4.1.sn2,200,503,0.2589470446109772,0.1794884166754128,0.0,0.9999000099990001,True
layer4.1.sn2,200,504,0.024963311851024628,0.017303248624364248,8.932818541477011e-40,0.9999000099990001,True
layer4.1.sn2,200,505,0.08655843138694763,0.05999773097407346,7.246241288685393e-225,0.9999000099990001,True
layer4.1.sn2,200,506,0.1256823092699051,0.08711633616907204,5.440780095057964e-271,0.9999000099990001,True
layer4.1.sn2,200,507,0.050423625856637955,0.03495099498340194,1.23042681073879e-112,0.9999000099990001,True
layer4.1.sn2,200,508,0.2942412197589874,0.2039524779154703,0.0,0.9999000099990001,True
layer4.1.sn2,200,509,0.13975867629051208,0.09687333454719595,0.0,0.9999000099990001,True
layer4.1.sn2,200,510,0.4116908311843872,0.2853623443951,0.0,0.9999000099990001,True
layer4.1.sn2,200,511,0.3035910725593567,0.21043329319936807,0.0,0.9999000099990001,True
sn1,500,0,0.083161361515522,0.0543626244621466,2.3594475573643984e-142,0.9999000099990001,True
sn1,500,1,,0.0,,0.009900990099009901,False
sn1,500,2,0.25852176547050476,0.20274882045928522,1.9722306491719497e-245,0.9999000099990001,True
sn1,500,3,0.03805539384484291,0.022559492933539045,3.584784500939839e-95,0.9999000099990001,True
sn1,500,4,0.11430711299180984,0.08936269066162725,3.830696380239646e-127,0.9999000099990001,True
sn1,500,5,0.06585940718650818,0.03990116084561281,7.2046836004331e-170,0.9999000099990001,True
sn1,500,6,0.04947005957365036,0.058233773885397175,2.6671335620823e-67,0.9999000099990001,True
sn1,500,7,0.2222737967967987,0.16931067238253852,5.2197656396560073e-219,0.9999000099990001,True
sn1,500,8,0.047526273876428604,0.045167123196796145,1.2772493066945312e-61,0.9999000099990001,True
sn1,500,9,,0.0,,0.009900990099009901,False
sn1,500,10,0.0717020183801651,0.045677323669049,3.466056823020581e-105,0.9999000099990001,True
sn1,500,11,0.11825261265039444,0.08633474992057874,4.958737772075733e-139,0.9999000099990001,True
sn1,500,12,0.11843650788068771,0.09031505482499877,4.404201769906861e-136,0.9999000099990001,True
sn1,500,13,0.08429502695798874,0.08243307738403305,4.8599497905365107e-104,0.9999000099990001,True
sn1,500,14,0.02790394239127636,0.012522872452337781,8.089349782182519e-51,0.9999000099990001,True
sn1,500,15,0.10616564750671387,0.07132745639864772,3.3786353661547335e-143,0.9999000099990001,True
sn1,500,16,0.08454584330320358,0.06841381048512356,2.8334727953600445e-103,0.9999000099990001,True
sn1,500,17,0.1969773918390274,0.14641406397766535,4.4218112121640464e-213,0.9999000099990001,True
sn1,500,18,,0.0,,0.009900990099009901,False
sn1,500,19,0.19094154238700867,0.14338318639618172,5.929446601777461e-199,0.9999000099990001,True
sn1,500,20,,0.0018286304599277286,,0.9801980198019802,False
sn1,500,21,0.05933022499084473,0.04961985329308977,7.154302996157461e-77,0.9999000099990001,True
sn1,500,22,,0.0045047266543506576,,0.900990099009901,False
sn1,500,23,,0.0013887386334349835,,0.900990099009901,False
sn1,500,24,0.15009424090385437,0.09727901318485188,6.5682328952451895e-167,0.9999000099990001,True
sn1,500,25,0.08045370131731033,0.06726045434246739,2.3655208187707867e-100,0.9999000099990001,True
sn1,500,26,0.04146191477775574,0.04206250346892093,1.0759397440249652e-54,0.9999000099990001,True
sn1,500,27,0.003031608648598194,0.0007356294008147728,3.131330864074523e-05,0.9997000299970003,True
sn1,500,28,0.12296260893344879,0.06662457607276683,1.5229185356093857e-143,0.9999000099990001,True
sn1,500,29,0.22207775712013245,0.16232743248535655,1.3143908090712886e-225,0.9999000099990001,True
sn1,500,30,0.0661574974656105,0.0396051300443393,3.138441726430418e-84,0.9999000099990001,True
sn1,500,31,0.11798544228076935,0.10592750278671068,1.7512861690850226e-136,0.9999000099990001,True
sn1,500,32,0.24607057869434357,0.17656439728052944,1.3136872041932312e-241,0.9999000099990001,True
sn1,500,33,0.16804532706737518,0.122385943949767,4.744104463691745e-184,0.9999000099990001,True
sn1,500,34,,0.0004606971507343225,,0.0891089108910891,False
sn1,500,35,0.011929314583539963,0.0038558752338962938,1.859492405975525e-27,0.9999000099990001,True
sn1,500,36,0.2789088487625122,0.22511775912778936,1.9362353075164684e-269,0.9999000099990001,True
sn1,500,37,0.2249259203672409,0.15740262406025615,5.234555472264532e-227,0.9999000099990001,True
sn1,500,38,0.2565421760082245,0.18365490699329803,2.602982286805927e-248,0.9999000099990001,True
sn1,500,39,0.15351971983909607,0.09174089129921315,1.2016865403909957e-169,0.9999000099990001,True
sn1,500,40,,0.0,,0.009900990099009901,False
sn1,500,41,0.17105934023857117,0.15004764940698812,5.966464622543926e-191,0.9999000099990001,True
sn1,500,42,0.09375090152025223,0.033110250879032674,6.48560744451331e-115,0.9999000099990001,True
sn1,500,43,0.12032619118690491,0.09429932597757237,4.537123153360873e-141,0.9999000099990001,True
sn1,500,44,0.24781060218811035,0.16606090472514357,2.546820613069579e-245,0.9999000099990001,True
sn1,500,45,0.22293585538864136,0.16565894086924754,8.54596997952155e-221,0.9999000099990001,True
sn1,500,46,0.1656988114118576,0.14180600933852378,1.030445237400273e-184,0.9999000099990001,True
sn1,500,47,0.1312076449394226,0.0746066745635797,2.186287244138033e-149,0.9999000099990001,True
sn1,500,48,0.037298593670129776,0.02240990920137267,8.800634177182134e-59,0.9999000099990001,True
sn1,500,49,0.15389397740364075,0.11154956274755226,4.844915260732226e-172,0.9999000099990001,True
sn1,500,50,0.1313209980726242,0.09261321320836406,7.076480460478199e-153,0.9999000099990001,True
sn1,500,51,0.03265060856938362,0.03312332751347831,4.698150134871449e-42,0.9999000099990001,True
sn1,500,52,0.01668194867670536,0.0046307699731592536,3.0968636624599385e-41,0.9999000099990001,True
sn1,500,53,0.03358786553144455,0.0200425547852857,3.100223553836813e-33,0.9999000099990001,True
sn1,500,54,0.09459757059812546,0.0510427008666311,2.1649505596956122e-114,0.9999000099990001,True
sn1,500,55,0.2508651912212372,0.19030045730304254,7.028084279739787e-244,0.9999000099990001,True
sn1,500,56,0.03204520419239998,0.025763602390587472,6.82576181414061e-43,0.9999000099990001,True
sn1,500,57,0.1816951036453247,0.13240860410573413,1.4162033670921782e-190,0.9999000099990001,True
sn1,500,58,0.13625849783420563,0.10420960485527517,3.144045217191668e-156,0.9999000099990001,True
sn1,500,59,0.10891886055469513,0.08272327124173656,2.711870741743066e-131,0.9999000099990001,True
sn1,500,60,0.25852712988853455,0.17792801458631963,5.9314648714273194e-251,0.9999000099990001,True
sn1,500,61,0.1512017697095871,0.11133989076438773,5.641947863617298e-171,0.9999000099990001,True
sn1,500,62,0.16530877351760864,0.12697365765977983,4.5338470319563025e-180,0.9999000099990001,True
sn1,500,63,0.13950282335281372,0.10476413586070452,6.620573968893874e-160,0.9999000099990001,True
layer1.1.sn2,500,0,0.08714703470468521,0.07099474985927462,1.1465014688014257e-106,0.9999000099990001,True
layer1.1.sn2,500,1,0.3542836308479309,0.2640928819457889,0.0,0.9999000099990001,True
layer1.1.sn2,500,2,0.3172421157360077,0.23781193987170623,2.0342682180999252e-286,0.9999000099990001,True
layer1.1.sn2,500,3,0.12985749542713165,0.09977790921123081,2.672462958415885e-150,0.9999000099990001,True
layer1.1.sn2,500,4,0.0846010223031044,0.0717961693449636,2.141203955143411e-107,0.9999000099990001,True
layer1.1.sn2,500,5,0.21759364008903503,0.16445165179367746,1.5750386918414675e-224,0.9999000099990001,True
layer1.1.sn2,500,6,0.09048200398683548,0.0753127568198875,1.3177562941939092e-113,0.9999000099990001,True
layer1.1.sn2,500,7,0.3322279155254364,0.2402741175758646,7.952679073960038e-291,0.9999000099990001,True
layer1.1.sn2,500,8,0.21243374049663544,0.15969618659225596,7.817124181638071e-221,0.9999000099990001,True
layer1.1.sn2,500,9,0.16948220133781433,0.1266908425422296,9.872456881392945e-182,0.9999000099990001,True
layer1.1.sn2,500,10,0.1702599972486496,0.13055849871983696,5.135391844336654e-186,0.9999000099990001,True
layer1.1.sn2,500,11,0.1956896036863327,0.14861057170417433,2.9826572155091508e-207,0.9999000099990001,True
layer1.1.sn2,500,12,0.13292014598846436,0.10672314718514328,1.6720970445502987e-150,0.9999000099990001,True
layer1.1.sn2,500,13,0.15201644599437714,0.12150402052147335,2.755233454664042e-166,0.9999000099990001,True
layer1.1.sn2,500,14,0.43842336535453796,0.3147340372775689,0.0,0.9999000099990001,True
layer1.1.sn2,500,15,0.2895469069480896,0.2201230006789801,1.097788015258639e-266,0.9999000099990001,True
layer1.1.sn2,500,16,0.1820591688156128,0.14127714436514693,3.232032775465829e-192,0.9999000099990001,True
layer1.1.sn2,500,17,0.2698713541030884,0.1913625502891601,3.0103440577805942e-254,0.9999000099990001,True
layer1.1.sn2,500,18,0.24324573576450348,0.1775174019745338,1.5424286226932137e-235,0.9999000099990001,True
layer1.1.sn2,500,19,0.2546704411506653,0.19125800099529336,1.9624636196710813e-244,0.9999000099990001,True
layer1.1.sn2,500,20,0.20857380330562592,0.155558583203397,7.24704472870068e-211,0.9999000099990001,True
layer1.1.sn2,500,21,0.0944189801812172,0.07676291880052914,7.208071931685883e-115,0.9999000099990001,True
layer1.1.sn2,500,22,0.3160291910171509,0.22996078163246766,1.0356776018590935e-288,0.9999000099990001,True
layer1.1.sn2,500,23,0.1291644126176834,0.10466174402027284,1.807175325870298e-152,0.9999000099990001,True
layer1.1.sn2,500,24,0.19662968814373016,0.14556942679886078,5.6020260752781425e-204,0.9999000099990001,True
layer1.1.sn2,500,25,0.24806827306747437,0.19136103593404075,2.1653881346807568e-237,0.9999000099990001,True
layer1.1.sn2,500,26,0.22509610652923584,0.16588701151912233,7.77426238838768e-227,0.9999000099990001,True
layer1.1.sn2,500,27,0.200264111161232,0.14822917208099412,8.967642994779854e-209,0.9999000099990001,True
layer1.1.sn2,500,28,0.1645946055650711,0.12527163607147931,1.5380682533489405e-181,0.9999000099990001,True
layer1.1.sn2,500,29,0.3008483052253723,0.20547566539481987,3.6060277995569427e-277,0.9999000099990001,True
layer1.1.sn2,500,30,0.14180460572242737,0.1100312791256608,5.375552964074602e-159,0.9999000099990001,True
layer1.1.sn2,500,31,0.1096850335597992,0.0868980798585387,8.828902738634078e-124,0.9999000099990001,True
layer1.1.sn2,500,32,0.19687077403068542,0.1513822978059183,7.453865184878491e-202,0.9999000099990001,True
layer1.1.sn2,500,33,0.2142712026834488,0.16441209859383082,3.273932994766424e-223,0.9999000099990001,True
layer1.1.sn2,500,34,0.12953923642635345,0.10341436124433091,5.896122968265954e-148,0.9999000099990001,True
layer1.1.sn2,500,35,0.11024083197116852,0.08619409571401257,2.724616237037292e-129,0.9999000099990001,True
layer1.1.sn2,500,36,0.22693514823913574,0.17507447641374968,9.352193901775736e-230,0.9999000099990001,True
layer1.1.sn2,500,37,0.28395554423332214,0.20759515294082354,8.081845021098259e-262,0.9999000099990001,True
layer1.1.sn2,500,38,0.3020709455013275,0.22180316669796213,1.3879798102542152e-282,0.9999000099990001,True
layer1.1.sn2,500,39,0.18789145350456238,0.15214726288719557,1.3654964563746078e-199,0.9999000099990001,True
layer1.1.sn2,500,40,0.06603048741817474,0.05592277306636369,1.787578127786957e-84,0.9999000099990001,True
layer1.1.sn2,500,41,0.18555673956871033,0.13523670885995093,1.4990445802416738e-196,0.9999000099990001,True
layer1.1.sn2,500,42,0.17396266758441925,0.13445881936846382,5.510336930252925e-187,0.9999000099990001,True
layer1.1.sn2,500,43,0.13922971487045288,0.10987926838740511,2.753754909853402e-160,0.9999000099990001,True
layer1.1.sn2,500,44,0.1195087879896164,0.10264806780597782,2.580269010868174e-140,0.9999000099990001,True
layer1.1.sn2,500,45,0.17535467445850372,0.13320490673477128,7.635013789621168e-193,0.9999000099990001,True
layer1.1.sn2,500,46,0.1111101359128952,0.09236243319786147,1.3357718485336962e-135,0.9999000099990001,True
layer1.1.sn2,500,47,0.04373631998896599,0.03687467997040793,2.4712251617617308e-57,0.9999000099990001,True
layer1.1.sn2,500,48,0.3059101700782776,0.22895514779255424,9.435849487222592e-285,0.9999000099990001,True
layer1.1.sn2,500,49,0.09186212718486786,0.07345441234013297,7.015028108282684e-115,0.9999000099990001,True
layer1.1.sn2,500,50,0.20897601544857025,0.16069945184662035,5.700938244675335e-217,0.9999000099990001,True
layer1.1.sn2,500,51,0.08674821257591248,0.0712079804160878,7.725566272364543e-107,0.9999000099990001,True
layer1.1.sn2,500,52,0.1878235936164856,0.14418105684405036,1.8515958948232216e-202,0.9999000099990001,True
layer1.1.sn2,500,53,0.33116427063941956,0.24254746236641733,3.3967505614436154e-290,0.9999000099990001,True
layer1.1.sn2,500,54,0.19044990837574005,0.14195705970099828,2.215623593564772e-205,0.9999000099990001,True
layer1.1.sn2,500,55,0.15686190128326416,0.11507818995783109,7.011937727465993e-175,0.9999000099990001,True
layer1.1.sn2,500,56,0.28101930022239685,0.2080800782869074,2.370639552904346e-261,0.9999000099990001,True
layer1.1.sn2,500,57,0.18098853528499603,0.1366606435473049,1.4486585610854357e-197,0.9999000099990001,True
layer1.1.sn2,500,58,0.14756318926811218,0.11316965148281616,4.368621870266438e-171,0.9999000099990001,True
layer1.1.sn2,500,59,0.19957539439201355,0.15244759341158684,4.040634743642393e-208,0.9999000099990001,True
layer1.1.sn2,500,60,0.20218153297901154,0.15070481709899608,2.3067525184595786e-215,0.9999000099990001,True
layer1.1.sn2,500,61,0.18438810110092163,0.14406024326756098,9.543607302089196e-191,0.9999000099990001,True
layer1.1.sn2,500,62,0.3536577820777893,0.2628331837487522,2.3722914649250667e-303,0.9999000099990001,True
layer1.1.sn2,500,63,0.11744329333305359,0.08861115451098339,9.270824310561515e-137,0.9999000099990001,True
layer2.1.sn2,500,0,0.28218117356300354,0.19941719249662096,2.1010523718353586e-263,0.9999000099990001,True
layer2.1.sn2,500,1,0.536060631275177,0.38814484128787097,0.0,0.9999000099990001,True
layer2.1.sn2,500,2,0.4725402891635895,0.3474762198765135,0.0,0.9999000099990001,True
layer2.1.sn2,500,3,0.3077702820301056,0.22708887941260902,1.2902651036936143e-281,0.9999000099990001,True
layer2.1.sn2,500,4,0.31161606311798096,0.2274215256217359,9.793515023822056e-287,0.9999000099990001,True
layer2.1.sn2,500,5,0.10362336784601212,0.08419721409915606,1.6280881880832105e-127,0.9999000099990001,True
layer2.1.sn2,500,6,0.3908542990684509,0.28112864482462097,0.0,0.9999000099990001,True
layer2.1.sn2,500,7,0.32427072525024414,0.24314540187991973,2.0281203834566277e-290,0.9999000099990001,True
layer2.1.sn2,500,8,0.6358454823493958,0.47663979011638063,0.0,0.9999000099990001,True
layer2.1.sn2,500,9,0.1917410045862198,0.1436470072608499,9.227764389226396e-208,0.9999000099990001,True
layer2.1.sn2,500,10,0.22726517915725708,0.17182167807305548,5.754932383207248e-229,0.9999000099990001,True
layer2.1.sn2,500,11,0.2365284115076065,0.17903534054481285,3.3524532670708417e-233,0.9999000099990001,True
layer2.1.sn2,500,12,0.22099950909614563,0.16529394475738507,2.1078402436745134e-225,0.9999000099990001,True
layer2.1.sn2,500,13,0.19301968812942505,0.14955578031845385,1.0632500956413809e-206,0.9999000099990001,True
layer2.1.sn2,500,14,0.17508302628993988,0.13720139540974402,1.1295450550260224e-189,0.9999000099990001,True
layer2.1.sn2,500,15,0.32824668288230896,0.23654744355349602,5.416279673812614e-291,0.9999000099990001,True
layer2.1.sn2,500,16,0.25940099358558655,0.2045198163205395,2.309906867462947e-254,0.9999000099990001,True
layer2.1.sn2,500,17,0.3481181859970093,0.24672570619483603,4.289389311555e-312,0.9999000099990001,True
layer2.1.sn2,500,18,0.27675697207450867,0.18923557268442903,4.5061451084985726e-254,0.9999000099990001,True
layer2.1.sn2,500,19,0.391843318939209,0.28022461918810015,0.0,0.9999000099990001,True
layer2.1.sn2,500,20,0.24011212587356567,0.1828588890686695,1.1324617268217067e-240,0.9999000099990001,True
layer2.1.sn2,500,21,0.11454083770513535,0.09145585000806732,4.88889131390061e-140,0.9999000099990001,True
layer2.1.sn2,500,22,0.1783910095691681,0.13976412920995063,1.48672162987756e-189,0.9999000099990001,True
layer2.1.sn2,500,23,0.2687006890773773,0.199393927374832,2.0854071613473915e-254,0.9999000099990001,True
layer2.1.sn2,500,24,0.2594401240348816,0.18820593044390777,1.3517335489007663e-251,0.9999000099990001,True
layer2.1.sn2,500,25,0.6519822478294373,0.48031660855189967,0.0,0.9999000099990001,True
layer2.1.sn2,500,26,0.2661236524581909,0.20705432552145597,2.92311594702352e-250,0.9999000099990001,True
layer2.1.sn2,500,27,0.26782169938087463,0.1924765799053767,9.008770670112365e-251,0.9999000099990001,True
layer2.1.sn2,500,28,0.540683925151825,0.39034773836926595,0.0,0.9999000099990001,True
layer2.1.sn2,500,29,0.17027786374092102,0.13347840900446672,3.875884970053092e-187,0.9999000099990001,True
layer2.1.sn2,500,30,0.21999002993106842,0.15462309157577137,2.187653722724358e-219,0.9999000099990001,True
layer2.1.sn2,500,31,0.26842373609542847,0.20526646168173535,2.0088091911448676e-257,0.9999000099990001,True
layer2.1.sn2,500,32,0.16598822176456451,0.12525281437812819,2.5848267749188653e-178,0.9999000099990001,True
layer2.1.sn2,500,33,0.13586756587028503,0.1033375459395434,2.421975730304883e-155,0.9999000099990001,True
layer2.1.sn2,500,34,0.16284994781017303,0.12784383201998875,1.9052222159674368e-181,0.9999000099990001,True
layer2.1.sn2,500,35,0.6014925241470337,0.44358029843341057,0.0,0.9999000099990001,True
layer2.1.sn2,500,36,0.16820666193962097,0.1293808723388442,7.593038648887992e-184,0.9999000099990001,True
layer2.1.sn2,500,37,0.3365977108478546,0.2460874573044958,1.7645564706085068e-296,0.9999000099990001,True
layer2.1.sn2,500,38,0.37173157930374146,0.26744107605044787,0.0,0.9999000099990001,True
layer2.1.sn2,500,39,0.29581883549690247,0.21828655796002303,2.9659307125512047e-270,0.9999000099990001,True
layer2.1.sn2,500,40,0.3525748550891876,0.2608765778532002,5.797817044143e-312,0.9999000099990001,True
layer2.1.sn2,500,41,0.25638896226882935,0.18724934698804432,2.6632826040377474e-244,0.9999000099990001,True
layer2.1.sn2,500,42,0.4014960527420044,0.28918863153004243,0.0,0.9999000099990001,True
layer2.1.sn2,500,43,0.2245335876941681,0.16510062213086057,3.1257902662182798e-232,0.9999000099990001,True
layer2.1.sn2,500,44,0.4047110676765442,0.29556347343873324,0.0,0.9999000099990001,True
layer2.1.sn2,500,45,0.5253363847732544,0.3866593104202011,0.0,0.9999000099990001,True
layer2.1.sn2,500,46,0.5915355682373047,0.4322207314467331,0.0,0.9999000099990001,True
layer2.1.sn2,500,47,0.20092558860778809,0.14687355027135204,4.453639134213774e-203,0.9999000099990001,True
layer2.1.sn2,500,48,0.11285589635372162,0.09666569366321115,6.738539707680575e-133,0.9999000099990001,True
layer2.1.sn2,500,49,0.25320571660995483,0.18876134742916734,1.0178852712233861e-236,0.9999000099990001,True
layer2.1.sn2,500,50,0.1458507925271988,0.11682586967654002,2.0922201980109672e-166,0.9999000099990001,True
layer2.1.sn2,500,51,0.5552673935890198,0.39727607159470935,0.0,0.9999000099990001,True
layer2.1.sn2,500,52,0.15745526552200317,0.1307318154311253,1.7590186817982655e-173,0.9999000099990001,True
layer2.1.sn2,500,53,0.31451404094696045,0.23610059818980558,8.979546150793638e-277,0.9999000099990001,True
layer2.1.sn2,500,54,0.16053281724452972,0.12857055572271342,1.9827098921681305e-178,0.9999000099990001,True
layer2.1.sn2,500,55,0.5708515048027039,0.42424563039726604,0.0,0.9999000099990001,True
layer2.1.sn2,500,56,0.2461053729057312,0.17781886414733966,9.64821991332912e-233,0.9999000099990001,True
layer2.1.sn2,500,57,0.45598843693733215,0.331958537419634,0.0,0.9999000099990001,True
layer2.1.sn2,500,58,0.25312554836273193,0.1895175580186202,1.4929935592838598e-241,0.9999000099990001,True
layer2.1.sn2,500,59,0.12085536122322083,0.09665442273253025,3.912380594429126e-143,0.9999000099990001,True
layer2.1.sn2,500,60,0.37872540950775146,0.2690250303691018,0.0,0.9999000099990001,True
layer2.1.sn2,500,61,0.24025948345661163,0.17130276328104144,3.8816560366581e-239,0.9999000099990001,True
layer2.1.sn2,500,62,0.41920870542526245,0.31237699183623924,0.0,0.9999000099990001,True
layer2.1.sn2,500,63,0.5436556339263916,0.4188038129973993,0.0,0.9999000099990001,True
layer2.1.sn2,500,64,0.22929930686950684,0.17085160503352614,3.9938803305037477e-225,0.9999000099990001,True
layer2.1.sn2,500,65,0.1639920473098755,0.12387120984398939,4.979608782366303e-179,0.9999000099990001,True
layer2.1.sn2,500,66,0.4168531596660614,0.30987783861728335,0.0,0.9999000099990001,True
layer2.1.sn2,500,67,0.1577782928943634,0.12349973122472836,9.37921615282761e-177,0.9999000099990001,True
layer2.1.sn2,500,68,0.3883553743362427,0.2927285403977839,0.0,0.9999000099990001,True
layer2.1.sn2,500,69,0.16078253090381622,0.11985515145331324,2.2787516238116553e-175,0.9999000099990001,True
layer2.1.sn2,500,70,0.31535604596138,0.23341638528144232,2.127543316838101e-286,0.9999000099990001,True
layer2.1.sn2,500,71,0.13421407341957092,0.10571426724545896,2.118485297511129e-152,0.9999000099990001,True
layer2.1.sn2,500,72,0.12557506561279297,0.09953419776869492,2.0861765291848278e-147,0.9999000099990001,True
layer2.1.sn2,500,73,0.24430185556411743,0.18328355661051257,1.5063653401749644e-240,0.9999000099990001,True
layer2.1.sn2,500,74,0.2012309432029724,0.1522276512822081,1.5863035801054338e-209,0.9999000099990001,True
layer2.1.sn2,500,75,0.23312914371490479,0.17550569227076582,1.5241035221651033e-231,0.9999000099990001,True
layer2.1.sn2,500,76,0.31829699873924255,0.21882213278986506,1.4017017595172458e-289,0.9999000099990001,True
layer2.1.sn2,500,77,0.2440047562122345,0.1785871040739883,3.5348497087441775e-236,0.9999000099990001,True
layer2.1.sn2,500,78,0.4222507178783417,0.3140798526349582,0.0,0.9999000099990001,True
layer2.1.sn2,500,79,0.2771831750869751,0.21569734008607552,1.5698518673270883e-261,0.9999000099990001,True
layer2.1.sn2,500,80,0.4034215807914734,0.2951784534569154,0.0,0.9999000099990001,True
layer2.1.sn2,500,81,0.25360774993896484,0.19136291410389006,3.2588236549824536e-250,0.9999000099990001,True
layer2.1.sn2,500,82,0.26763248443603516,0.19031233686359816,5.21043691671367e-255,0.9999000099990001,True
layer2.1.sn2,500,83,0.34790876507759094,0.25435796378920583,8.336092172427224e-302,0.9999000099990001,True
layer2.1.sn2,500,84,0.29669100046157837,0.23360535319239678,8.732453125741413e-275,0.9999000099990001,True
layer2.1.sn2,500,85,0.5849165320396423,0.42764727473547015,0.0,0.9999000099990001,True
layer2.1.sn2,500,86,0.37099823355674744,0.27922121588476767,4.84335798659e-312,0.9999000099990001,True
layer2.1.sn2,500,87,0.2845366299152374,0.21032430819683007,3.027958608676374e-265,0.9999000099990001,True
layer2.1.sn2,500,88,0.23806752264499664,0.1788658892517081,3.7270094264169476e-237,0.9999000099990001,True
layer2.1.sn2,500,89,0.15178117156028748,0.11590767767946311,2.939172206711067e-166,0.9999000099990001,True
layer2.1.sn2,500,90,0.32605940103530884,0.24063565259032446,2.328695107350088e-292,0.9999000099990001,True
layer2.1.sn2,500,91,0.24634236097335815,0.18469579499005334,4.6167198816816767e-238,0.9999000099990001,True
layer2.1.sn2,500,92,0.33755651116371155,0.23572609548827933,3.573230618474273e-296,0.9999000099990001,True
layer2.1.sn2,500,93,0.3644511103630066,0.273095221263398,2.9504926939613386e-307,0.9999000099990001,True
layer2.1.sn2,500,94,0.3692147731781006,0.2386570182534557,0.0,0.9999000099990001,True
layer2.1.sn2,500,95,0.1686040312051773,0.1274187795959995,1.9810352939502486e-185,0.9999000099990001,True
layer2.1.sn2,500,96,0.2873748540878296,0.21258438055972206,4.450831270874815e-269,0.9999000099990001,True
layer2.1.sn2,500,97,0.27557921409606934,0.20086445690336313,7.010165287216736e-262,0.9999000099990001,True
layer2.1.sn2,500,98,0.3489024043083191,0.2534049374065817,1.8575846510355363e-306,0.9999000099990001,True
layer2.1.sn2,500,99,0.17732487618923187,0.135155194748378,1.1062787824421753e-189,0.9999000099990001,True
layer2.1.sn2,500,100,0.09285542368888855,0.07667791553909085,7.299765019120586e-112,0.9999000099990001,True
layer2.1.sn2,500,101,0.16894696652889252,0.11084049074917762,0.0,0.9999000099990001,True
layer2.1.sn2,500,102,0.28469324111938477,0.20420406317162176,3.836121965763164e-266,0.9999000099990001,True
layer2.1.sn2,500,103,0.4700081944465637,0.34978156072037675,0.0,0.9999000099990001,True
layer2.1.sn2,500,104,0.4656587541103363,0.3392141967932668,0.0,0.9999000099990001,True
layer2.1.sn2,500,105,0.26310867071151733,0.18741707734088597,1.8253856193587255e-246,0.9999000099990001,True
layer2.1.sn2,500,106,0.18019171059131622,0.13502542260555805,8.406685907011457e-190,0.9999000099990001,True
layer2.1.sn2,500,107,0.24330763518810272,0.1747373310758403,3.8455047086972785e-241,0.9999000099990001,True
layer2.1.sn2,500,108,0.3782682716846466,0.2791867175271853,1.1225863106910376e-308,0.9999000099990001,True
layer2.1.sn2,500,109,0.25388211011886597,0.18166312169665821,5.034568809517947e-253,0.9999000099990001,True
layer2.1.sn2,500,110,0.24994780123233795,0.1932940453811975,9.55838631291078e-239,0.9999000099990001,True
layer2.1.sn2,500,111,0.2528831958770752,0.17966070635040013,9.03514223311294e-249,0.9999000099990001,True
layer2.1.sn2,500,112,0.32084161043167114,0.24325854013579368,7.337561611512738e-287,0.9999000099990001,True
layer2.1.sn2,500,113,0.4800202250480652,0.32447035298850274,0.0,0.9999000099990001,True
layer2.1.sn2,500,114,0.25876694917678833,0.19286300353296193,4.22628688073198e-245,0.9999000099990001,True
layer2.1.sn2,500,115,0.4464015066623688,0.32796638581719467,0.0,0.9999000099990001,True
layer2.1.sn2,500,116,0.14148908853530884,0.10269510309597192,2.0216590121178445e-166,0.9999000099990001,True
layer2.1.sn2,500,117,0.4354104697704315,0.31842807649486843,0.0,0.9999000099990001,True
layer2.1.sn2,500,118,0.3505321741104126,0.25886564566781345,2.095672323251221e-299,0.9999000099990001,True
layer2.1.sn2,500,119,0.2714872658252716,0.19234118697869948,1.1001013181052633e-254,0.9999000099990001,True
layer2.1.sn2,500,120,0.15782880783081055,0.11788063120361386,3.24773034235932e-179,0.9999000099990001,True
layer2.1.sn2,500,121,0.1681891828775406,0.12985485504657224,4.660759850064092e-179,0.9999000099990001,True
layer2.1.sn2,500,122,0.28833526372909546,0.21127712275464333,5.314070734937767e-259,0.9999000099990001,True
layer2.1.sn2,500,123,0.2837480902671814,0.2099027244011707,4.6478035043833595e-267,0.9999000099990001,True
layer2.1.sn2,500,124,0.12766428291797638,0.10182683666320476,8.339065036134068e-148,0.9999000099990001,True
layer2.1.sn2,500,125,0.3473551273345947,0.2514973847199428,5.487246695967877e-296,0.9999000099990001,True
layer2.1.sn2,500,126,0.46909579634666443,0.34332975724235537,0.0,0.9999000099990001,True
layer2.1.sn2,500,127,0.3805452883243561,0.2732326542203506,0.0,0.9999000099990001,True
layer3.1.sn2,500,0,0.5169506072998047,0.3429349002790963,0.0,0.9999000099990001,True
layer3.1.sn2,500,1,0.6217474937438965,0.4526083121204644,0.0,0.9999000099990001,True
layer3.1.sn2,500,2,0.6575518250465393,0.4965654596862225,0.0,0.9999000099990001,True
layer3.1.sn2,500,3,0.49101585149765015,0.3764035483925776,0.0,0.9999000099990001,True
layer3.1.sn2,500,4,0.44057008624076843,0.3243148439607634,0.0,0.9999000099990001,True
layer3.1.sn2,500,5,0.5178045034408569,0.38257552266843187,0.0,0.9999000099990001,True
layer3.1.sn2,500,6,0.6324443221092224,0.46552971486123196,0.0,0.9999000099990001,True
layer3.1.sn2,500,7,0.5644744038581848,0.42345376421373526,0.0,0.9999000099990001,True
layer3.1.sn2,500,8,0.6321575045585632,0.4593968937054176,0.0,0.9999000099990001,True
layer3.1.sn2,500,9,0.29819685220718384,0.22737535222271715,4.592997842317856e-277,0.9999000099990001,True
layer3.1.sn2,500,10,0.4090973734855652,0.29929115020846486,0.0,0.9999000099990001,True
layer3.1.sn2,500,11,0.31217139959335327,0.2587340548614229,6.673837139170377e-283,0.9999000099990001,True
layer3.1.sn2,500,12,0.850271999835968,0.6703970854782157,0.0,0.9999000099990001,True
layer3.1.sn2,500,13,0.6784147620201111,0.49632511462404927,0.0,0.9999000099990001,True
layer3.1.sn2,500,14,0.3837137818336487,0.2980066858976214,0.0,0.9999000099990001,True
layer3.1.sn2,500,15,0.7516025304794312,0.5150864402677747,0.0,0.9999000099990001,True
layer3.1.sn2,500,16,0.4848252236843109,0.3553826151812052,0.0,0.9999000099990001,True
layer3.1.sn2,500,17,0.4984545409679413,0.34426333001384035,0.0,0.9999000099990001,True
layer3.1.sn2,500,18,0.6009323596954346,0.44038166153211733,0.0,0.9999000099990001,True
layer3.1.sn2,500,19,0.5805810689926147,0.43443761801025765,0.0,0.9999000099990001,True
layer3.1.sn2,500,20,0.4796566665172577,0.35284656670801007,0.0,0.9999000099990001,True
layer3.1.sn2,500,21,0.522083044052124,0.3821668538524069,0.0,0.9999000099990001,True
layer3.1.sn2,500,22,0.4872855842113495,0.35314243325946915,0.0,0.9999000099990001,True
layer3.1.sn2,500,23,0.49407869577407837,0.3529462590743418,0.0,0.9999000099990001,True
layer3.1.sn2,500,24,0.4411860704421997,0.321737710842546,0.0,0.9999000099990001,True
layer3.1.sn2,500,25,0.6749781966209412,0.4925693640105947,0.0,0.9999000099990001,True
layer3.1.sn2,500,26,0.5983742475509644,0.431856117819431,0.0,0.9999000099990001,True
layer3.1.sn2,500,27,0.3273947536945343,0.25526118985939616,9.989439128895645e-292,0.9999000099990001,True
layer3.1.sn2,500,28,0.5384784936904907,0.39201064123636575,0.0,0.9999000099990001,True
layer3.1.sn2,500,29,0.5107194185256958,0.3840749103929203,0.0,0.9999000099990001,True
layer3.1.sn2,500,30,0.5449739694595337,0.4154310154185911,0.0,0.9999000099990001,True
layer3.1.sn2,500,31,0.6512079834938049,0.45000810114348316,0.0,0.9999000099990001,True
layer3.1.sn2,500,32,0.4630468487739563,0.3478331268011806,0.0,0.9999000099990001,True
layer3.1.sn2,500,33,0.4882267713546753,0.3641293956376661,0.0,0.9999000099990001,True
layer3.1.sn2,500,34,0.5208649635314941,0.35865153510964193,0.0,0.9999000099990001,True
layer3.1.sn2,500,35,0.4723934531211853,0.3407362390931322,0.0,0.9999000099990001,True
layer3.1.sn2,500,36,0.5037333965301514,0.3899412534966276,0.0,0.9999000099990001,True
layer3.1.sn2,500,37,0.5177095532417297,0.38852422030463796,0.0,0.9999000099990001,True
layer3.1.sn2,500,38,0.7355906963348389,0.5545544128691743,0.0,0.9999000099990001,True
layer3.1.sn2,500,39,0.6427158713340759,0.4379796202988088,0.0,0.9999000099990001,True
layer3.1.sn2,500,40,0.5643991231918335,0.4022302441164092,0.0,0.9999000099990001,True
layer3.1.sn2,500,41,0.46712279319763184,0.333852054310406,0.0,0.9999000099990001,True
layer3.1.sn2,500,42,0.41965481638908386,0.2909688985722465,0.0,0.9999000099990001,True
layer3.1.sn2,500,43,0.5615190267562866,0.4154245815011159,0.0,0.9999000099990001,True
layer3.1.sn2,500,44,0.5729066729545593,0.4200805183430531,0.0,0.9999000099990001,True
layer3.1.sn2,500,45,0.4875057339668274,0.3617004963473666,0.0,0.9999000099990001,True
layer3.1.sn2,500,46,0.7063824534416199,0.5313631011574753,0.0,0.9999000099990001,True
layer3.1.sn2,500,47,0.6340683698654175,0.4652390827934743,0.0,0.9999000099990001,True
layer3.1.sn2,500,48,0.5040218830108643,0.38636077467845564,0.0,0.9999000099990001,True
layer3.1.sn2,500,49,0.3979276120662689,0.30988102536276146,0.0,0.9999000099990001,True
layer3.1.sn2,500,50,0.41598182916641235,0.3085212209344472,0.0,0.9999000099990001,True
layer3.1.sn2,500,51,0.5919948220252991,0.4527257143470858,0.0,0.9999000099990001,True
layer3.1.sn2,500,52,0.5073920488357544,0.3638403113362151,0.0,0.9999000099990001,True
layer3.1.sn2,500,53,0.5152633786201477,0.3854737996889877,0.0,0.9999000099990001,True
layer3.1.sn2,500,54,0.6347654461860657,0.46236560691246864,0.0,0.9999000099990001,True
layer3.1.sn2,500,55,0.5130941271781921,0.37868200804418733,0.0,0.9999000099990001,True
layer3.1.sn2,500,56,0.22148016095161438,0.1518863230246954,0.0,0.9999000099990001,True
layer3.1.sn2,500,57,0.46040889620780945,0.3456551662117796,0.0,0.9999000099990001,True
layer3.1.sn2,500,58,0.650317907333374,0.4431331110892007,0.0,0.9999000099990001,True
layer3.1.sn2,500,59,0.4848582148551941,0.38140416819909545,0.0,0.9999000099990001,True
layer3.1.sn2,500,60,0.5760223865509033,0.39918571487721954,0.0,0.9999000099990001,True
layer3.1.sn2,500,61,0.5143564939498901,0.3723710900324637,0.0,0.9999000099990001,True
layer3.1.sn2,500,62,0.5839687585830688,0.4239687940462765,0.0,0.9999000099990001,True
layer3.1.sn2,500,63,0.5714956521987915,0.41153964507581486,0.0,0.9999000099990001,True
layer3.1.sn2,500,64,0.7396711707115173,0.5452912942567357,0.0,0.9999000099990001,True
layer3.1.sn2,500,65,0.4656624495983124,0.34883294906505447,0.0,0.9999000099990001,True
layer3.1.sn2,500,66,0.5077089667320251,0.37066459019706044,0.0,0.9999000099990001,True
layer3.1.sn2,500,67,0.5989221930503845,0.4538213167451316,0.0,0.9999000099990001,True
layer3.1.sn2,500,68,0.45300713181495667,0.3495946246576045,0.0,0.9999000099990001,True
layer3.1.sn2,500,69,0.714770495891571,0.4891280619794709,0.0,0.9999000099990001,True
layer3.1.sn2,500,70,0.5551948547363281,0.416539852591961,0.0,0.9999000099990001,True
layer3.1.sn2,500,71,0.641298234462738,0.4689945304967209,0.0,0.9999000099990001,True
layer3.1.sn2,500,72,0.527733325958252,0.3656717777053591,0.0,0.9999000099990001,True
layer3.1.sn2,500,73,0.5573175549507141,0.4146080148010197,0.0,0.9999000099990001,True
layer3.1.sn2,500,74,0.62406325340271,0.4248187101086781,0.0,0.9999000099990001,True
layer3.1.sn2,500,75,0.5160394310951233,0.3857550535067953,0.0,0.9999000099990001,True
layer3.1.sn2,500,76,0.45959416031837463,0.34435230210106477,0.0,0.9999000099990001,True
layer3.1.sn2,500,77,0.6249717473983765,0.4557799982179128,0.0,0.9999000099990001,True
layer3.1.sn2,500,78,0.6395134329795837,0.4679150457319565,0.0,0.9999000099990001,True
layer3.1.sn2,500,79,0.6755815148353577,0.46505853847903883,0.0,0.9999000099990001,True
layer3.1.sn2,500,80,0.6502342820167542,0.5029620774353173,0.0,0.9999000099990001,True
layer3.1.sn2,500,81,0.6856892108917236,0.5023006567315056,0.0,0.9999000099990001,True
layer3.1.sn2,500,82,0.3133145272731781,0.2254362162707385,1.90844190220994e-291,0.9999000099990001,True
layer3.1.sn2,500,83,0.48782581090927124,0.37325194061374,0.0,0.9999000099990001,True
layer3.1.sn2,500,84,0.5537312626838684,0.3998486052451733,0.0,0.9999000099990001,True
layer3.1.sn2,500,85,0.33856040239334106,0.262130331975607,1.3833198237154313e-287,0.9999000099990001,True
layer3.1.sn2,500,86,0.6414850354194641,0.4746878987303109,0.0,0.9999000099990001,True
layer3.1.sn2,500,87,0.6427775621414185,0.4771506404855499,0.0,0.9999000099990001,True
layer3.1.sn2,500,88,0.32415974140167236,0.2765071512937989,1.8570427276177125e-293,0.9999000099990001,True
layer3.1.sn2,500,89,0.36005720496177673,0.26365610929248073,0.0,0.9999000099990001,True
layer3.1.sn2,500,90,0.6194657683372498,0.45777592771282427,0.0,0.9999000099990001,True
layer3.1.sn2,500,91,0.4533904194831848,0.34528409501451185,0.0,0.9999000099990001,True
layer3.1.sn2,500,92,0.4206984341144562,0.35074740680662453,0.0,0.9999000099990001,True
layer3.1.sn2,500,93,0.605167031288147,0.43291656926130195,0.0,0.9999000099990001,True
layer3.1.sn2,500,94,0.9498820900917053,0.6511589645110605,0.0,0.9999000099990001,True
layer3.1.sn2,500,95,0.4318313002586365,0.3105461900632081,0.0,0.9999000099990001,True
layer3.1.sn2,500,96,0.5171670317649841,0.40522129530200945,0.0,0.9999000099990001,True
layer3.1.sn2,500,97,0.4161378741264343,0.29320265076217167,0.0,0.9999000099990001,True
layer3.1.sn2,500,98,0.4244859218597412,0.31112462810981056,0.0,0.9999000099990001,True
layer3.1.sn2,500,99,0.4428183436393738,0.355757785577143,0.0,0.9999000099990001,True
layer3.1.sn2,500,100,0.6119810938835144,0.4216674556071601,0.0,0.9999000099990001,True
layer3.1.sn2,500,101,0.6262043118476868,0.4615433034321611,0.0,0.9999000099990001,True
layer3.1.sn2,500,102,0.5605185627937317,0.40877611478487097,0.0,0.9999000099990001,True
layer3.1.sn2,500,103,0.4533606767654419,0.3376755806156551,0.0,0.9999000099990001,True
layer3.1.sn2,500,104,0.5685590505599976,0.41752148071654915,0.0,0.9999000099990001,True
layer3.1.sn2,500,105,0.5984362363815308,0.4144042083862275,0.0,0.9999000099990001,True
layer3.1.sn2,500,106,0.6249788999557495,0.4551826074302816,0.0,0.9999000099990001,True
layer3.1.sn2,500,107,0.739689290523529,0.5579927992256914,0.0,0.9999000099990001,True
layer3.1.sn2,500,108,0.4602496027946472,0.310181249467051,0.0,0.9999000099990001,True
layer3.1.sn2,500,109,0.4081588685512543,0.31293688225636884,0.0,0.9999000099990001,True
layer3.1.sn2,500,110,0.513176679611206,0.3518266525264821,0.0,0.9999000099990001,True
layer3.1.sn2,500,111,0.7517900466918945,0.5563898678474619,0.0,0.9999000099990001,True
layer3.1.sn2,500,112,0.5304794907569885,0.3986112715092044,0.0,0.9999000099990001,True
layer3.1.sn2,500,113,0.5580113530158997,0.41745788563351705,0.0,0.9999000099990001,True
layer3.1.sn2,500,114,0.6003089547157288,0.4093268041993335,0.0,0.9999000099990001,True
layer3.1.sn2,500,115,0.4835077226161957,0.33980556471986023,0.0,0.9999000099990001,True
layer3.1.sn2,500,116,0.5529430508613586,0.41198641375452183,0.0,0.9999000099990001,True
layer3.1.sn2,500,117,0.5711968541145325,0.41570436728253957,0.0,0.9999000099990001,True
layer3.1.sn2,500,118,0.6563237309455872,0.4846406265636185,0.0,0.9999000099990001,True
layer3.1.sn2,500,119,0.6471174955368042,0.4977402817702307,0.0,0.9999000099990001,True
layer3.1.sn2,500,120,0.48477238416671753,0.36247759385417877,0.0,0.9999000099990001,True
layer3.1.sn2,500,121,0.7308828234672546,0.5311197220752522,0.0,0.9999000099990001,True
layer3.1.sn2,500,122,0.5024657845497131,0.3774914701920504,0.0,0.9999000099990001,True
layer3.1.sn2,500,123,0.4599950611591339,0.3347333055570143,0.0,0.9999000099990001,True
layer3.1.sn2,500,124,0.5613016486167908,0.39972719580465743,0.0,0.9999000099990001,True
layer3.1.sn2,500,125,0.5087097883224487,0.37295952428580936,0.0,0.9999000099990001,True
layer3.1.sn2,500,126,0.5288366675376892,0.37864507218540866,0.0,0.9999000099990001,True
layer3.1.sn2,500,127,0.6081798672676086,0.4487207254515668,0.0,0.9999000099990001,True
layer3.1.sn2,500,128,0.7152100205421448,0.5740315734419239,0.0,0.9999000099990001,True
layer3.1.sn2,500,129,0.5966795086860657,0.40931588858607115,0.0,0.9999000099990001,True
layer3.1.sn2,500,130,0.5549023747444153,0.4143167277540654,0.0,0.9999000099990001,True
layer3.1.sn2,500,131,0.5831044912338257,0.4326579621842073,0.0,0.9999000099990001,True
layer3.1.sn2,500,132,0.6573957204818726,0.5230934358012359,0.0,0.9999000099990001,True
layer3.1.sn2,500,133,0.5229078531265259,0.38869115699511914,0.0,0.9999000099990001,True
layer3.1.sn2,500,134,0.4823075532913208,0.37742754912767607,0.0,0.9999000099990001,True
layer3.1.sn2,500,135,0.733084499835968,0.5605292060109897,0.0,0.9999000099990001,True
layer3.1.sn2,500,136,0.6393741965293884,0.4828699587212593,0.0,0.9999000099990001,True
layer3.1.sn2,500,137,0.6364301443099976,0.4951268617438199,0.0,0.9999000099990001,True
layer3.1.sn2,500,138,0.5111128091812134,0.3818682780296857,0.0,0.9999000099990001,True
layer3.1.sn2,500,139,0.541944682598114,0.414112742896633,0.0,0.9999000099990001,True
layer3.1.sn2,500,140,0.547987163066864,0.41777608585159287,0.0,0.9999000099990001,True
layer3.1.sn2,500,141,0.7456141114234924,0.5151182228903772,0.0,0.9999000099990001,True
layer3.1.sn2,500,142,0.5960125923156738,0.449488551568338,0.0,0.9999000099990001,True
layer3.1.sn2,500,143,0.6446568369865417,0.43873042261708106,0.0,0.9999000099990001,True
layer3.1.sn2,500,144,0.4853079915046692,0.34994937122263114,0.0,0.9999000099990001,True
layer3.1.sn2,500,145,0.5659740567207336,0.4065930839094354,0.0,0.9999000099990001,True
layer3.1.sn2,500,146,0.62209552526474,0.4643114444756617,0.0,0.9999000099990001,True
layer3.1.sn2,500,147,0.43685662746429443,0.3124411658509108,0.0,0.9999000099990001,True
layer3.1.sn2,500,148,0.5762704014778137,0.4236981520165427,0.0,0.9999000099990001,True
layer3.1.sn2,500,149,0.7025642395019531,0.5213577843654437,0.0,0.9999000099990001,True
layer3.1.sn2,500,150,0.6065452694892883,0.41850943968316784,0.0,0.9999000099990001,True
layer3.1.sn2,500,151,,0.389417533577029,,0.9900990099009901,False
layer3.1.sn2,500,152,0.592589259147644,0.4739203748878026,0.0,0.9999000099990001,True
layer3.1.sn2,500,153,0.6123558878898621,0.46946977523249106,0.0,0.9999000099990001,True
layer3.1.sn2,500,154,0.4845311939716339,0.3540285331645985,0.0,0.9999000099990001,True
layer3.1.sn2,500,155,0.5584338903427124,0.3954244361711263,0.0,0.9999000099990001,True
layer3.1.sn2,500,156,0.5284484028816223,0.38976306984786047,0.0,0.9999000099990001,True
layer3.1.sn2,500,157,0.6653315424919128,0.4854271297863033,0.0,0.9999000099990001,True
layer3.1.sn2,500,158,0.5630519390106201,0.4198840863682541,0.0,0.9999000099990001,True
layer3.1.sn2,500,159,0.56298828125,0.42348522685341516,0.0,0.9999000099990001,True
layer3.1.sn2,500,160,0.7340590953826904,0.5025362790713415,0.0,0.9999000099990001,True
layer3.1.sn2,500,161,0.4690629541873932,0.31370408142716566,0.0,0.9999000099990001,True
layer3.1.sn2,500,162,0.6335713863372803,0.468555260983617,0.0,0.9999000099990001,True
layer3.1.sn2,500,163,0.41219452023506165,0.3211240070430832,0.0,0.9999000099990001,True
layer3.1.sn2,500,164,0.4799385070800781,0.3707365941051165,0.0,0.9999000099990001,True
layer3.1.sn2,500,165,0.48701369762420654,0.33358727114748293,0.0,0.9999000099990001,True
layer3.1.sn2,500,166,0.655633270740509,0.4921218584512638,0.0,0.9999000099990001,True
layer3.1.sn2,500,167,0.6327662467956543,0.4864878304412291,0.0,0.9999000099990001,True
layer3.1.sn2,500,168,0.5385411977767944,0.39657711681759544,0.0,0.9999000099990001,True
layer3.1.sn2,500,169,0.9495862126350403,0.6947581025248692,0.0,0.9999000099990001,True
layer3.1.sn2,500,170,0.5077747702598572,0.37773045612096606,0.0,0.9999000099990001,True
layer3.1.sn2,500,171,0.6075923442840576,0.440590494321223,0.0,0.9999000099990001,True
layer3.1.sn2,500,172,0.8554599285125732,0.6188515814814037,0.0,0.9999000099990001,True
layer3.1.sn2,500,173,0.23698118329048157,0.161180952745015,0.0,0.9999000099990001,True
layer3.1.sn2,500,174,0.7335917949676514,0.5427531928424434,0.0,0.9999000099990001,True
layer3.1.sn2,500,175,0.7406833171844482,0.5635593109721401,0.0,0.9999000099990001,True
layer3.1.sn2,500,176,0.6096497178077698,0.46443253271365603,0.0,0.9999000099990001,True
layer3.1.sn2,500,177,0.518546462059021,0.38113752859095396,0.0,0.9999000099990001,True
layer3.1.sn2,500,178,0.4813576638698578,0.34616422561899896,0.0,0.9999000099990001,True
layer3.1.sn2,500,179,0.5808510780334473,0.43346257617363904,0.0,0.9999000099990001,True
layer3.1.sn2,500,180,0.5301821231842041,0.39703951357424094,0.0,0.9999000099990001,True
layer3.1.sn2,500,181,0.45589593052864075,0.3632599474005163,0.0,0.9999000099990001,True
layer3.1.sn2,500,182,0.532971203327179,0.40049055393011135,0.0,0.9999000099990001,True
layer3.1.sn2,500,183,0.6634796261787415,0.44861735474274644,0.0,0.9999000099990001,True
layer3.1.sn2,500,184,0.475702702999115,0.34430768240996584,0.0,0.9999000099990001,True
layer3.1.sn2,500,185,0.6310356259346008,0.46541163781143247,0.0,0.9999000099990001,True
layer3.1.sn2,500,186,0.5198545455932617,0.38154046993163254,0.0,0.9999000099990001,True
layer3.1.sn2,500,187,0.489417165517807,0.37104243997642894,0.0,0.9999000099990001,True
layer3.1.sn2,500,188,0.5230574011802673,0.35613521290983186,0.0,0.9999000099990001,True
layer3.1.sn2,500,189,0.5778883695602417,0.4179515363833447,0.0,0.9999000099990001,True
layer3.1.sn2,500,190,0.633974552154541,0.4835372127530565,0.0,0.9999000099990001,True
layer3.1.sn2,500,191,0.46015316247940063,0.3491218010887548,0.0,0.9999000099990001,True
layer3.1.sn2,500,192,0.5150460600852966,0.3748205639049775,0.0,0.9999000099990001,True
layer3.1.sn2,500,193,0.6347039341926575,0.43167421496113423,0.0,0.9999000099990001,True
layer3.1.sn2,500,194,0.5736173987388611,0.43131375586458315,0.0,0.9999000099990001,True
layer3.1.sn2,500,195,0.48672986030578613,0.37795416658130687,0.0,0.9999000099990001,True
layer3.1.sn2,500,196,0.4090490937232971,0.29165113090733685,0.0,0.9999000099990001,True
layer3.1.sn2,500,197,0.47780078649520874,0.35049086025389664,0.0,0.9999000099990001,True
layer3.1.sn2,500,198,0.6024030447006226,0.4514080738407401,0.0,0.9999000099990001,True
layer3.1.sn2,500,199,0.7782411575317383,0.535741279304067,0.0,0.9999000099990001,True
layer3.1.sn2,500,200,0.5484406352043152,0.37640668656064336,0.0,0.9999000099990001,True
layer3.1.sn2,500,201,0.6040119528770447,0.44762708490666553,0.0,0.9999000099990001,True
layer3.1.sn2,500,202,0.5795533657073975,0.4239198679513997,0.0,0.9999000099990001,True
layer3.1.sn2,500,203,0.6632837057113647,0.4850979546040488,0.0,0.9999000099990001,True
layer3.1.sn2,500,204,0.35284486413002014,0.2394001242974532,0.0,0.9999000099990001,True
layer3.1.sn2,500,205,0.6807004809379578,0.5272074309682969,0.0,0.9999000099990001,True
layer3.1.sn2,500,206,0.4065828025341034,0.29762761776677815,0.0,0.9999000099990001,True
layer3.1.sn2,500,207,0.6976592540740967,0.4802704689696643,0.0,0.9999000099990001,True
layer3.1.sn2,500,208,0.46436965465545654,0.3172394116487931,0.0,0.9999000099990001,True
layer3.1.sn2,500,209,0.7558159828186035,0.5225598630450307,0.0,0.9999000099990001,True
layer3.1.sn2,500,210,0.49548783898353577,0.3655120848897324,0.0,0.9999000099990001,True
layer3.1.sn2,500,211,0.5349618792533875,0.3909849977978238,0.0,0.9999000099990001,True
layer3.1.sn2,500,212,0.5142754912376404,0.3950528108854337,0.0,0.9999000099990001,True
layer3.1.sn2,500,213,0.44736674427986145,0.34975749499653724,0.0,0.9999000099990001,True
layer3.1.sn2,500,214,0.5127490758895874,0.4032976883443314,0.0,0.9999000099990001,True
layer3.1.sn2,500,215,0.43352025747299194,0.33160249433254596,0.0,0.9999000099990001,True
layer3.1.sn2,500,216,0.6698455810546875,0.4653339509862638,0.0,0.9999000099990001,True
layer3.1.sn2,500,217,0.6069737076759338,0.4857490136974101,0.0,0.9999000099990001,True
layer3.1.sn2,500,218,0.35359835624694824,0.26367164970553,4.56561946420075e-309,0.9999000099990001,True
layer3.1.sn2,500,219,0.655830979347229,0.4982003565666818,0.0,0.9999000099990001,True
layer3.1.sn2,500,220,0.5363152027130127,0.3951264158912913,0.0,0.9999000099990001,True
layer3.1.sn2,500,221,0.5865821838378906,0.4322667581990419,0.0,0.9999000099990001,True
layer3.1.sn2,500,222,0.6828196048736572,0.4941664625536081,0.0,0.9999000099990001,True
layer3.1.sn2,500,223,0.47758787870407104,0.31903184896831205,0.0,0.9999000099990001,True
layer3.1.sn2,500,224,0.5084879398345947,0.4024303656123192,0.0,0.9999000099990001,True
layer3.1.sn2,500,225,0.46195682883262634,0.3427451995869897,0.0,0.9999000099990001,True
layer3.1.sn2,500,226,0.6458699107170105,0.47313962153957456,0.0,0.9999000099990001,True
layer3.1.sn2,500,227,0.42305707931518555,0.3227496953688856,0.0,0.9999000099990001,True
layer3.1.sn2,500,228,0.5622920393943787,0.4148958654582332,0.0,0.9999000099990001,True
layer3.1.sn2,500,229,0.5967127084732056,0.42400195065182456,0.0,0.9999000099990001,True
layer3.1.sn2,500,230,0.5592523217201233,0.4088861252869192,0.0,0.9999000099990001,True
layer3.1.sn2,500,231,0.3497764766216278,0.28040097924036644,7.4006790464106e-311,0.9999000099990001,True
layer3.1.sn2,500,232,0.7115383148193359,0.5290545597895094,0.0,0.9999000099990001,True
layer3.1.sn2,500,233,0.2743030786514282,0.23583865414888622,1.5695302318456265e-257,0.9999000099990001,True
layer3.1.sn2,500,234,0.7247605323791504,0.5698397414901557,0.0,0.9999000099990001,True
layer3.1.sn2,500,235,0.5480366349220276,0.39288500130297266,0.0,0.9999000099990001,True
layer3.1.sn2,500,236,0.6014397144317627,0.40985226158343036,0.0,0.9999000099990001,True
layer3.1.sn2,500,237,0.492782324552536,0.366412569681256,0.0,0.9999000099990001,True
layer3.1.sn2,500,238,0.5743070840835571,0.39163215021233266,0.0,0.9999000099990001,True
layer3.1.sn2,500,239,0.5887514352798462,0.44874641053033715,0.0,0.9999000099990001,True
layer3.1.sn2,500,240,,0.3199157489716361,,0.9900990099009901,False
layer3.1.sn2,500,241,0.8194540739059448,0.6059027540401684,0.0,0.9999000099990001,True
layer3.1.sn2,500,242,0.5665899515151978,0.4171420158042508,0.0,0.9999000099990001,True
layer3.1.sn2,500,243,0.1882113814353943,0.14377991729616874,1.4810269294993763e-202,0.9999000099990001,True
layer3.1.sn2,500,244,0.5204444527626038,0.386399199537838,0.0,0.9999000099990001,True
layer3.1.sn2,500,245,0.5618235468864441,0.3834173736122655,0.0,0.9999000099990001,True
layer3.1.sn2,500,246,0.6177918910980225,0.4776397533538209,0.0,0.9999000099990001,True
layer3.1.sn2,500,247,0.6305675506591797,0.47294292839057994,0.0,0.9999000099990001,True
layer3.1.sn2,500,248,0.5098183155059814,0.3506313992584186,0.0,0.9999000099990001,True
layer3.1.sn2,500,249,0.5199440121650696,0.3984122586232576,0.0,0.9999000099990001,True
layer3.1.sn2,500,250,0.5789540410041809,0.4293541347337433,0.0,0.9999000099990001,True
layer3.1.sn2,500,251,0.37265464663505554,0.2774528350993502,0.0,0.9999000099990001,True
layer3.1.sn2,500,252,0.5628682971000671,0.4067046213609382,0.0,0.9999000099990001,True
layer3.1.sn2,500,253,0.7003423571586609,0.49224045003748185,0.0,0.9999000099990001,True
layer3.1.sn2,500,254,0.5527636408805847,0.37721144600857026,0.0,0.9999000099990001,True
layer3.1.sn2,500,255,0.5394971370697021,0.3704139982347985,0.0,0.9999000099990001,True
layer4.1.sn2,500,0,0.12306010723114014,0.08529876735331583,6.840837044244606e-306,0.9999000099990001,True
layer4.1.sn2,500,1,0.16824503242969513,0.1166185652593638,0.0,0.9999000099990001,True
layer4.1.sn2,500,2,0.25696632266044617,0.17811547385880203,0.0,0.9999000099990001,True
layer4.1.sn2,500,3,0.08062595874071121,0.05588565388000432,6.355095809756028e-190,0.9999000099990001,True
layer4.1.sn2,500,4,0.15268878638744354,0.1058357994176166,0.0,0.9999000099990001,True
layer4.1.sn2,500,5,0.06295811384916306,0.0436392407106338,3.217229557413618e-131,0.9999000099990001,True
layer4.1.sn2,500,6,0.24733053147792816,0.17143646306000107,0.0,0.9999000099990001,True
layer4.1.sn2,500,7,0.08685262501239777,0.06020165443209024,1.1386555771582016e-226,0.9999000099990001,True
layer4.1.sn2,500,8,0.1443144679069519,0.10003117129506985,0.0,0.9999000099990001,True
layer4.1.sn2,500,9,0.22486057877540588,0.15586147545789217,0.0,0.9999000099990001,True
layer4.1.sn2,500,10,0.1314917653799057,0.09114314339010132,1.3482723541242102e-279,0.9999000099990001,True
layer4.1.sn2,500,11,0.07263660430908203,0.05034785764167446,1.2852612521010836e-176,0.9999000099990001,True
layer4.1.sn2,500,12,0.36237525939941406,0.25117939020062124,0.0,0.9999000099990001,True
layer4.1.sn2,500,13,0.23282691836357117,0.1613833221415103,0.0,0.9999000099990001,True
layer4.1.sn2,500,14,0.005841467995196581,0.004048997047254366,1.0622844344373442e-08,0.9999000099990001,True
layer4.1.sn2,500,15,0.33065006136894226,0.22918914907100557,0.0,0.9999000099990001,True
layer4.1.sn2,500,16,0.47855493426322937,0.3317090032950939,0.0,0.9999000099990001,True
layer4.1.sn2,500,17,0.12181874364614487,0.08443831677495037,1.5903590169864013e-260,0.9999000099990001,True
layer4.1.sn2,500,18,0.19567149877548218,0.13562915278872145,0.0,0.9999000099990001,True
layer4.1.sn2,500,19,0.059034429490566254,0.040919549135161624,3.9240776644192724e-191,0.9999000099990001,True
layer4.1.sn2,500,20,0.22247453033924103,0.15420759287731695,0.0,0.9999000099990001,True
layer4.1.sn2,500,21,0.4201141595840454,0.2912009484006415,0.0,0.9999000099990001,True
layer4.1.sn2,500,22,0.47762608528137207,0.3310651729589217,0.0,0.9999000099990001,True
layer4.1.sn2,500,23,0.17216771841049194,0.11933756615236908,0.0,0.9999000099990001,True
layer4.1.sn2,500,24,0.5021189451217651,0.34804233962361913,0.0,0.9999000099990001,True
layer4.1.sn2,500,25,0.3589376211166382,0.2487966048335893,0.0,0.9999000099990001,True
layer4.1.sn2,500,26,0.2840390205383301,0.19688083804964568,0.0,0.9999000099990001,True
layer4.1.sn2,500,27,0.04696730524301529,0.032555255717730644,2.005451286138192e-112,0.9999000099990001,True
layer4.1.sn2,500,28,0.1984098255634308,0.1375272154087095,0.0,0.9999000099990001,True
layer4.1.sn2,500,29,0.08983832597732544,0.06227118271814482,3.092205459874752e-222,0.9999000099990001,True
layer4.1.sn2,500,30,0.3974185585975647,0.2754695472801299,0.0,0.9999000099990001,True
layer4.1.sn2,500,31,0.39564940333366394,0.2742432777220102,0.0,0.9999000099990001,True
layer4.1.sn2,500,32,0.45927706360816956,0.3183466102194762,0.0,0.9999000099990001,True
layer4.1.sn2,500,33,0.4462395906448364,0.30930970870717434,0.0,0.9999000099990001,True
layer4.1.sn2,500,34,0.530907392501831,0.3679969454889389,0.0,0.9999000099990001,True
layer4.1.sn2,500,35,0.15233656764030457,0.10559165875153156,0.0,0.9999000099990001,True
layer4.1.sn2,500,36,0.0664270743727684,0.04604373791801959,3.246403171292164e-158,0.9999000099990001,True
layer4.1.sn2,500,37,0.5138812065124512,0.356195308153742,0.0,0.9999000099990001,True
layer4.1.sn2,500,38,0.35647857189178467,0.24709212381842866,0.0,0.9999000099990001,True
layer4.1.sn2,500,39,0.27412694692611694,0.19001032508085872,0.0,0.9999000099990001,True
layer4.1.sn2,500,40,0.18979549407958984,0.13155620860327405,0.0,0.9999000099990001,True
layer4.1.sn2,500,41,0.3571119010448456,0.2475311009789971,0.0,0.9999000099990001,True
layer4.1.sn2,500,42,0.5341712832450867,0.37025930301961685,0.0,0.9999000099990001,True
layer4.1.sn2,500,43,0.29147109389305115,0.20203236390859622,0.0,0.9999000099990001,True
layer4.1.sn2,500,44,0.5154012441635132,0.35724892144505405,0.0,0.9999000099990001,True
layer4.1.sn2,500,45,0.040822338312864304,0.028295888919915343,4.907048470002582e-77,0.9999000099990001,True
layer4.1.sn2,500,46,0.3648192584514618,0.25287343852294086,0.0,0.9999000099990001,True
layer4.1.sn2,500,47,0.2671394646167755,0.18516696479363307,0.0,0.9999000099990001,True
layer4.1.sn2,500,48,0.23128797113895416,0.16031660520408056,0.0,0.9999000099990001,True
layer4.1.sn2,500,49,0.32953503727912903,0.2284162900032231,0.0,0.9999000099990001,True
layer4.1.sn2,500,50,0.3578011095523834,0.24800882855435538,0.0,0.9999000099990001,True
layer4.1.sn2,500,51,0.3049827814102173,0.21139794941198672,0.0,0.9999000099990001,True
layer4.1.sn2,500,52,0.5388978123664856,0.3735354899292901,0.0,0.9999000099990001,True
layer4.1.sn2,500,53,0.27085572481155396,0.1877428878669995,0.0,0.9999000099990001,True
layer4.1.sn2,500,54,0.09187224507331848,0.063680989042551,3.5442333285876476e-219,0.9999000099990001,True
layer4.1.sn2,500,55,0.08850684016942978,0.06134826899139473,1.1202825863958463e-199,0.9999000099990001,True
layer4.1.sn2,500,56,0.39610007405281067,0.27455565958379846,0.0,0.9999000099990001,True
layer4.1.sn2,500,57,0.3684614896774292,0.2553980435649864,0.0,0.9999000099990001,True
layer4.1.sn2,500,58,0.33601996302604675,0.23291129578409425,0.0,0.9999000099990001,True
layer4.1.sn2,500,59,0.18319876492023468,0.12698370563271452,0.0,0.9999000099990001,True
layer4.1.sn2,500,60,0.25201216340065,0.17468151701073037,0.0,0.9999000099990001,True
layer4.1.sn2,500,61,0.38082629442214966,0.2639686633981645,0.0,0.9999000099990001,True
layer4.1.sn2,500,62,0.43962106108665466,0.30472209481658996,0.0,0.9999000099990001,True
layer4.1.sn2,500,63,0.4173280596733093,0.2892697596074109,0.0,0.9999000099990001,True
layer4.1.sn2,500,64,0.4142583906650543,0.28714203589555365,0.0,0.9999000099990001,True
layer4.1.sn2,500,65,0.5033178925514221,0.3488733673762072,0.0,0.9999000099990001,True
layer4.1.sn2,500,66,0.2555280923843384,0.17711857507948606,0.0,0.9999000099990001,True
layer4.1.sn2,500,67,0.5405777096748352,0.37469992154677245,0.0,0.9999000099990001,True
layer4.1.sn2,500,68,0.16767597198486328,0.11622412852123788,0.0,0.9999000099990001,True
layer4.1.sn2,500,69,0.33119264245033264,0.22956525088951624,0.0,0.9999000099990001,True
layer4.1.sn2,500,70,0.04232857748866081,0.029339934226358028,4.885166366425327e-100,0.9999000099990001,True
layer4.1.sn2,500,71,0.5212218165397644,0.3612834472303935,0.0,0.9999000099990001,True
layer4.1.sn2,500,72,0.32218584418296814,0.2233222104175732,0.0,0.9999000099990001,True
layer4.1.sn2,500,73,0.40516674518585205,0.2808401830798241,0.0,0.9999000099990001,True
layer4.1.sn2,500,74,0.14509113132953644,0.10056950489309197,4.8152774760794e-311,0.9999000099990001,True
layer4.1.sn2,500,75,0.4647628664970398,0.32214907888638483,0.0,0.9999000099990001,True
layer4.1.sn2,500,76,0.03683288022875786,0.025530607853491878,3.501898427395595e-63,0.9999000099990001,True
layer4.1.sn2,500,77,0.17917446792125702,0.12419427681805767,0.0,0.9999000099990001,True
layer4.1.sn2,500,78,0.20085954666137695,0.1392252285060138,0.0,0.9999000099990001,True
layer4.1.sn2,500,79,0.13578009605407715,0.09411558630812235,5.738707767146345e-299,0.9999000099990001,True
layer4.1.sn2,500,80,0.37735515832901,0.26156266181827376,0.0,0.9999000099990001,True
layer4.1.sn2,500,81,0.2884158492088318,0.19991463969499737,0.0,0.9999000099990001,True
layer4.1.sn2,500,82,0.5084928274154663,0.3524603595051596,0.0,0.9999000099990001,True
layer4.1.sn2,500,83,0.19401505589485168,0.1344809887922456,0.0,0.9999000099990001,True
layer4.1.sn2,500,84,0.40042850375175476,0.2775558860889371,0.0,0.9999000099990001,True
layer4.1.sn2,500,85,0.4170794188976288,0.28909743321490927,0.0,0.9999000099990001,True
layer4.1.sn2,500,86,0.7557260990142822,0.523829423057806,0.0,0.9999000099990001,True
layer4.1.sn2,500,87,0.4573468565940857,0.3170086741849214,0.0,0.9999000099990001,True
layer4.1.sn2,500,88,0.22447346150875092,0.15559314489374965,0.0,0.9999000099990001,True
layer4.1.sn2,500,89,0.17317794263362885,0.12003780092592128,0.0,0.9999000099990001,True
layer4.1.sn2,500,90,0.2456093728542328,0.1702434398883959,0.0,0.9999000099990001,True
layer4.1.sn2,500,91,0.5501576662063599,0.3813402348527306,0.0,0.9999000099990001,True
layer4.1.sn2,500,92,0.2660398781299591,0.18440479529817913,0.0,0.9999000099990001,True
layer4.1.sn2,500,93,0.304609477519989,0.21113920867488875,0.0,0.9999000099990001,True
layer4.1.sn2,500,94,0.21820688247680664,0.15124948224311383,0.0,0.9999000099990001,True
layer4.1.sn2,500,95,0.4799213409423828,0.33265611810585927,0.0,0.9999000099990001,True
layer4.1.sn2,500,96,0.671187698841095,0.4652318645501685,0.0,0.9999000099990001,True
layer4.1.sn2,500,97,0.45614275336265564,0.3161740617248828,0.0,0.9999000099990001,True
layer4.1.sn2,500,98,0.6553417444229126,0.45424828191281896,0.0,0.9999000099990001,True
layer4.1.sn2,500,99,0.2780264914035797,0.19271327615565084,0.0,0.9999000099990001,True
layer4.1.sn2,500,100,0.1744985729455948,0.12095319771173615,0.0,0.9999000099990001,True
layer4.1.sn2,500,101,0.5925748348236084,0.41074157825211643,0.0,0.9999000099990001,True
layer4.1.sn2,500,102,0.28559520840644836,0.19795951726116373,0.0,0.9999000099990001,True
layer4.1.sn2,500,103,0.5423914790153503,0.3759571060945418,0.0,0.9999000099990001,True
layer4.1.sn2,500,104,0.07161324471235275,0.04963851814793079,6.436503673035207e-182,0.9999000099990001,True
layer4.1.sn2,500,105,0.43314439058303833,0.3002328036312103,0.0,0.9999000099990001,True
layer4.1.sn2,500,106,0.200433149933815,0.1389296731385449,0.0,0.9999000099990001,True
layer4.1.sn2,500,107,0.31165140867233276,0.21602028494665523,0.0,0.9999000099990001,True
layer4.1.sn2,500,108,0.4106193780899048,0.2846196669928216,0.0,0.9999000099990001,True
layer4.1.sn2,500,109,0.2873552739620209,0.19917949415743816,0.0,0.9999000099990001,True
layer4.1.sn2,500,110,0.41215378046035767,0.28568322513746375,0.0,0.9999000099990001,True
layer4.1.sn2,500,111,0.28607872128486633,0.198294657445916,0.0,0.9999000099990001,True
layer4.1.sn2,500,112,0.35938119888305664,0.24910405894501866,0.0,0.9999000099990001,True
layer4.1.sn2,500,113,0.5022245645523071,0.3481155408380854,0.0,0.9999000099990001,True
layer4.1.sn2,500,114,0.07274580001831055,0.0504235473467212,2.9141351842018552e-177,0.9999000099990001,True
layer4.1.sn2,500,115,0.17274370789527893,0.11973681560177014,0.0,0.9999000099990001,True
layer4.1.sn2,500,116,0.2250753939151764,0.15601037102725263,0.0,0.9999000099990001,True
layer4.1.sn2,500,117,0.18198737502098083,0.1261440386718101,0.0,0.9999000099990001,True
layer4.1.sn2,500,118,0.5294056534767151,0.3669560259474405,0.0,0.9999000099990001,True
layer4.1.sn2,500,119,0.17855137586593628,0.12376237899219224,0.0,0.9999000099990001,True
layer4.1.sn2,500,120,0.20748870074748993,0.14382021185977828,0.0,0.9999000099990001,True
layer4.1.sn2,500,121,0.3009379208087921,0.20859427158306978,0.0,0.9999000099990001,True
layer4.1.sn2,500,122,0.357444703578949,0.2477617885801569,0.0,0.9999000099990001,True
layer4.1.sn2,500,123,0.3102177381515503,0.2150265534311901,0.0,0.9999000099990001,True
layer4.1.sn2,500,124,0.24892888963222504,0.17254435414830172,0.0,0.9999000099990001,True
layer4.1.sn2,500,125,0.4467161297798157,0.30964003524603306,0.0,0.9999000099990001,True
layer4.1.sn2,500,126,0.12120845913887024,0.08401530138181397,3.672896635582345e-301,0.9999000099990001,True
layer4.1.sn2,500,127,0.06495948135852814,0.04502648117688245,1.4441877374457323e-145,0.9999000099990001,True
layer4.1.sn2,500,128,0.10502808541059494,0.07279991979196597,9.905986768105272e-290,0.9999000099990001,True
layer4.1.sn2,500,129,0.11469559371471405,0.07950092778766367,1.977718984385311e-273,0.9999000099990001,True
layer4.1.sn2,500,130,0.15299782156944275,0.10605001369377633,0.0,0.9999000099990001,True
layer4.1.sn2,500,131,0.3076268136501312,0.21323065777846034,0.0,0.9999000099990001,True
layer4.1.sn2,500,132,0.11543107777833939,0.0800107277030379,2.333940586164401e-304,0.9999000099990001,True
layer4.1.sn2,500,133,0.4053431451320648,0.28096245974513834,0.0,0.9999000099990001,True
layer4.1.sn2,500,134,0.37829121947288513,0.2622114969766466,0.0,0.9999000099990001,True
layer4.1.sn2,500,135,0.14922551810741425,0.10343524394900899,0.0,0.9999000099990001,True
layer4.1.sn2,500,136,0.22365905344486237,0.1550286418037082,0.0,0.9999000099990001,True
layer4.1.sn2,500,137,0.21186776459217072,0.1468555479918593,0.0,0.9999000099990001,True
layer4.1.sn2,500,138,0.38104724884033203,0.2641218267165982,0.0,0.9999000099990001,True
layer4.1.sn2,500,139,0.1505061686038971,0.10432293093884104,0.0,0.9999000099990001,True
layer4.1.sn2,500,140,0.016890911385416985,0.011707887260564804,3.6622666439621743e-39,0.9999000099990001,True
layer4.1.sn2,500,141,0.4450872242450714,0.3085109634218211,0.0,0.9999000099990001,True
layer4.1.sn2,500,142,0.22645461559295654,0.15696637322431042,0.0,0.9999000099990001,True
layer4.1.sn2,500,143,0.11799907684326172,0.08179072712851246,3.364234406126035e-283,0.9999000099990001,True
layer4.1.sn2,500,144,0.3647606670856476,0.2528328265805691,0.0,0.9999000099990001,True
layer4.1.sn2,500,145,0.04273068159818649,0.029618650576228946,3.471588063479678e-114,0.9999000099990001,True
layer4.1.sn2,500,146,0.06609795242547989,0.04581560708407839,1.7782522012077614e-169,0.9999000099990001,True
layer4.1.sn2,500,147,0.07448125630617142,0.05162647323309871,3.331142626137482e-200,0.9999000099990001,True
layer4.1.sn2,500,148,0.02666599303483963,0.018483458061425748,1.0330046843372676e-42,0.9999000099990001,True
layer4.1.sn2,500,149,0.1481935828924179,0.1027199671336484,0.0,0.9999000099990001,True
layer4.1.sn2,500,150,0.43914005160331726,0.304388692411054,0.0,0.9999000099990001,True
layer4.1.sn2,500,151,,0.13532419236071386,,0.9900990099009901,False
layer4.1.sn2,500,152,0.32321494817733765,0.22403552282857164,0.0,0.9999000099990001,True
layer4.1.sn2,500,153,0.050689857453107834,0.03513553180172514,2.542799949512116e-150,0.9999000099990001,True
layer4.1.sn2,500,154,0.3574071526527405,0.24773576916858867,0.0,0.9999000099990001,True
layer4.1.sn2,500,155,0.4323488771915436,0.2996814150814706,0.0,0.9999000099990001,True
layer4.1.sn2,500,156,0.4352262020111084,0.301675812617333,0.0,0.9999000099990001,True
layer4.1.sn2,500,157,0.3032552897930145,0.21020055687497013,0.0,0.9999000099990001,True
layer4.1.sn2,500,158,0.15326590836048126,0.10623582884802783,0.0,0.9999000099990001,True
layer4.1.sn2,500,159,0.3620336949825287,0.25094264145595563,0.0,0.9999000099990001,True
layer4.1.sn2,500,160,0.6713019609451294,0.46531105653654387,0.0,0.9999000099990001,True
layer4.1.sn2,500,161,0.06243570148944855,0.04327712987774113,8.90270178469717e-141,0.9999000099990001,True
layer4.1.sn2,500,162,0.31416624784469604,0.21776345091341268,0.0,0.9999000099990001,True
layer4.1.sn2,500,163,0.4015050530433655,0.27830208884520025,0.0,0.9999000099990001,True
layer4.1.sn2,500,164,0.057946477085351944,0.04016543722596176,4.562524598723051e-155,0.9999000099990001,True
layer4.1.sn2,500,165,0.4115730822086334,0.28528071124467563,0.0,0.9999000099990001,True
layer4.1.sn2,500,166,0.330501914024353,0.22908646761515225,0.0,0.9999000099990001,True
layer4.1.sn2,500,167,0.34015151858329773,0.23577506363554482,0.0,0.9999000099990001,True
layer4.1.sn2,500,168,0.5949926376342773,0.4124174523882086,0.0,0.9999000099990001,True
layer4.1.sn2,500,169,0.16729292273521423,0.11595861806853708,0.0,0.9999000099990001,True
layer4.1.sn2,500,170,0.1622881442308426,0.11248957398483166,0.0,0.9999000099990001,True
layer4.1.sn2,500,171,0.0820385292172432,0.05686477666303138,7.196095573252145e-201,0.9999000099990001,True
layer4.1.sn2,500,172,0.3403454124927521,0.23590945550737163,0.0,0.9999000099990001,True
layer4.1.sn2,500,173,0.09886197000741959,0.06852589787969943,1.6652684966333637e-232,0.9999000099990001,True
layer4.1.sn2,500,174,0.30138063430786133,0.2089011428392544,0.0,0.9999000099990001,True
layer4.1.sn2,500,175,0.3272199034690857,0.22681154425694444,0.0,0.9999000099990001,True
layer4.1.sn2,500,176,0.2592467665672302,0.17969616039286207,0.0,0.9999000099990001,True
layer4.1.sn2,500,177,0.29444989562034607,0.2040971073263323,0.0,0.9999000099990001,True
layer4.1.sn2,500,178,0.3915936350822449,0.2714320178652902,0.0,0.9999000099990001,True
layer4.1.sn2,500,179,0.36444535851478577,0.2526142684732976,0.0,0.9999000099990001,True
layer4.1.sn2,500,180,0.11581987887620926,0.08028022113682408,8.986189741197133e-300,0.9999000099990001,True
layer4.1.sn2,500,181,0.4832710027694702,0.3349779269992553,0.0,0.9999000099990001,True
layer4.1.sn2,500,182,0.20545034110546112,0.14240732155864586,0.0,0.9999000099990001,True
layer4.1.sn2,500,183,0.017874836921691895,0.012389892615690673,5.263565812646421e-33,0.9999000099990001,True
layer4.1.sn2,500,184,0.6016886234283447,0.41705876322997104,0.0,0.9999000099990001,True
layer4.1.sn2,500,185,0.07252725213766098,0.05027205930727417,1.5951674845896934e-158,0.9999000099990001,True
layer4.1.sn2,500,186,0.26073363423347473,0.18072679292279414,0.0,0.9999000099990001,True
layer4.1.sn2,500,187,0.20539769530296326,0.142370830387696,0.0,0.9999000099990001,True
layer4.1.sn2,500,188,0.3241491913795471,0.22468309169053285,0.0,0.9999000099990001,True
layer4.1.sn2,500,189,0.47996389865875244,0.33268562527974904,0.0,0.9999000099990001,True
layer4.1.sn2,500,190,0.10833599418401718,0.07509279096966873,3.3600163730778427e-258,0.9999000099990001,True
layer4.1.sn2,500,191,0.5982900261878967,0.4147030466400019,0.0,0.9999000099990001,True
layer4.1.sn2,500,192,0.2056068778038025,0.142515829697502,0.0,0.9999000099990001,True
layer4.1.sn2,500,193,0.39005595445632935,0.2703661896822606,0.0,0.9999000099990001,True
layer4.1.sn2,500,194,0.009212350472807884,0.006385514542460569,2.3175908491798644e-17,0.9999000099990001,True
layer4.1.sn2,500,195,0.23151077330112457,0.1604710429858892,0.0,0.9999000099990001,True
layer4.1.sn2,500,196,0.44221606850624084,0.30652082235784767,0.0,0.9999000099990001,True
layer4.1.sn2,500,197,0.2859744131565094,0.19822235382710623,0.0,0.9999000099990001,True
layer4.1.sn2,500,198,0.3311491310596466,0.22953508062000758,0.0,0.9999000099990001,True
layer4.1.sn2,500,199,0.0882895439863205,0.06119764997543186,1.7429639225739788e-197,0.9999000099990001,True
layer4.1.sn2,500,200,0.3107553720474243,0.21539920575385027,0.0,0.9999000099990001,True
layer4.1.sn2,500,201,0.16856086254119873,0.11683748626513817,2.6365306285334e-311,0.9999000099990001,True
layer4.1.sn2,500,202,0.06638138741254807,0.0460120725656308,2.0971557603837506e-175,0.9999000099990001,True
layer4.1.sn2,500,203,0.27787262201309204,0.19260663189841448,0.0,0.9999000099990001,True
layer4.1.sn2,500,204,0.31861838698387146,0.22084944069925266,0.0,0.9999000099990001,True
layer4.1.sn2,500,205,0.28955212235450745,0.20070224439413908,0.0,0.9999000099990001,True
layer4.1.sn2,500,206,0.02137233503162861,0.014814174159351056,7.214986980809722e-54,0.9999000099990001,True
layer4.1.sn2,500,207,0.3860228955745697,0.26757067702059295,0.0,0.9999000099990001,True
layer4.1.sn2,500,208,0.29566237330436707,0.20493753302666998,0.0,0.9999000099990001,True
layer4.1.sn2,500,209,0.3507503271102905,0.24312159822115087,0.0,0.9999000099990001,True
layer4.1.sn2,500,210,0.1679154634475708,0.1163901319721061,0.0,0.9999000099990001,True
layer4.1.sn2,500,211,0.07024694234132767,0.04869146802841453,1.3081620459902722e-164,0.9999000099990001,True
layer4.1.sn2,500,212,0.025656070560216904,0.01778343236897574,3.032140248211638e-48,0.9999000099990001,True
layer4.1.sn2,500,213,0.38192713260650635,0.2647317133324834,0.0,0.9999000099990001,True
layer4.1.sn2,500,214,0.4317030906677246,0.2992337770330649,0.0,0.9999000099990001,True
layer4.1.sn2,500,215,0.09344033896923065,0.06476790769678153,7.175784144883347e-227,0.9999000099990001,True
layer4.1.sn2,500,216,0.7408853769302368,0.5135425919092778,0.0,0.9999000099990001,True
layer4.1.sn2,500,217,0.5901443362236023,0.4090568734515181,0.0,0.9999000099990001,True
layer4.1.sn2,500,218,0.08461926132440567,0.05865360188985605,5.348204857202902e-249,0.9999000099990001,True
layer4.1.sn2,500,219,0.2583526074886322,0.17907638512735918,0.0,0.9999000099990001,True
layer4.1.sn2,500,220,0.1443101018667221,0.10002814063062987,2.8125181135181507e-301,0.9999000099990001,True
layer4.1.sn2,500,221,0.00972721353173256,0.00674239042500932,1.0263436334369161e-19,0.9999000099990001,True
layer4.1.sn2,500,222,0.023705288767814636,0.01643125362324152,7.150613275854809e-45,0.9999000099990001,True
layer4.1.sn2,500,223,0.587641179561615,0.4073218188575656,0.0,0.9999000099990001,True
layer4.1.sn2,500,224,0.02859538607299328,0.019820810938147384,9.949490015999256e-62,0.9999000099990001,True
layer4.1.sn2,500,225,0.3619421720504761,0.2508792059309875,0.0,0.9999000099990001,True
layer4.1.sn2,500,226,0.6238848567008972,0.4324440467995919,0.0,0.9999000099990001,True
layer4.1.sn2,500,227,0.1902221143245697,0.13185192254376854,0.0,0.9999000099990001,True
layer4.1.sn2,500,228,0.3574751913547516,0.24778292566562107,0.0,0.9999000099990001,True
layer4.1.sn2,500,229,0.47881796956062317,0.33189133022270756,0.0,0.9999000099990001,True
layer4.1.sn2,500,230,0.03852135315537453,0.026700967679252438,4.830312943284026e-99,0.9999000099990001,True
layer4.1.sn2,500,231,0.6092426776885986,0.42229484554165136,0.0,0.9999000099990001,True
layer4.1.sn2,500,232,0.03102654032409191,0.021505959492650415,6.116404858921801e-85,0.9999000099990001,True
layer4.1.sn2,500,233,0.17399048805236816,0.12060101264017005,0.0,0.9999000099990001,True
layer4.1.sn2,500,234,0.017120731994509697,0.01186718702108242,3.08679801294661e-31,0.9999000099990001,True
layer4.1.sn2,500,235,0.09320485591888428,0.06460468094318605,6.540069071659993e-214,0.9999000099990001,True
layer4.1.sn2,500,236,0.2376313954591751,0.16471353101966194,0.0,0.9999000099990001,True
layer4.1.sn2,500,237,0.10947747528553009,0.07588400335275651,2.730824596969705e-272,0.9999000099990001,True
layer4.1.sn2,500,238,0.6785956025123596,0.4703666091730646,0.0,0.9999000099990001,True
layer4.1.sn2,500,239,0.35535290837287903,0.24631186608932193,0.0,0.9999000099990001,True
layer4.1.sn2,500,240,,0.1416039835753107,,0.9900990099009901,False
layer4.1.sn2,500,241,0.29249897599220276,0.20274484821206357,0.0,0.9999000099990001,True
layer4.1.sn2,500,242,0.5553915500640869,0.38496807857727544,0.0,0.9999000099990001,True
layer4.1.sn2,500,243,0.0836130827665329,0.057956170213302294,7.009838130303755e-175,0.9999000099990001,True
layer4.1.sn2,500,244,0.1498849242925644,0.1038923080553333,0.0,0.9999000099990001,True
layer4.1.sn2,500,245,0.3825525939464569,0.2651652451054134,0.0,0.9999000099990001,True
layer4.1.sn2,500,246,0.101864293217659,0.07060694720706294,2.2550842156171466e-233,0.9999000099990001,True
layer4.1.sn2,500,247,0.4160821735858917,0.2884061778621696,0.0,0.9999000099990001,True
layer4.1.sn2,500,248,0.15146534144878387,0.10498777153336053,1.2912126533255437e-304,0.9999000099990001,True
layer4.1.sn2,500,249,0.33072635531425476,0.2292420470705308,0.0,0.9999000099990001,True
layer4.1.sn2,500,250,0.4606250822544098,0.31928097694924334,0.0,0.9999000099990001,True
layer4.1.sn2,500,251,0.1613391488790512,0.11183177880366095,0.0,0.9999000099990001,True
layer4.1.sn2,500,252,0.1865634322166443,0.12931591955885657,0.0,0.9999000099990001,True
layer4.1.sn2,500,253,0.25194889307022095,0.17463766224961827,0.0,0.9999000099990001,True
layer4.1.sn2,500,254,0.13847528398036957,0.09598375244985079,0.0,0.9999000099990001,True
layer4.1.sn2,500,255,0.35590484738349915,0.24669443761937762,0.0,0.9999000099990001,True
layer4.1.sn2,500,256,0.6059116125106812,0.41998593590489525,0.0,0.9999000099990001,True
layer4.1.sn2,500,257,0.13813135027885437,0.09574535771515358,1.2530625498201799e-279,0.9999000099990001,True
layer4.1.sn2,500,258,0.012788403779268265,0.008864245908251411,1.0334744435262624e-21,0.9999000099990001,True
layer4.1.sn2,500,259,0.2293003350496292,0.15893887900330633,0.0,0.9999000099990001,True
layer4.1.sn2,500,260,0.284803181886673,0.19741051536583437,0.0,0.9999000099990001,True
layer4.1.sn2,500,261,0.27744412422180176,0.19230961607585026,0.0,0.9999000099990001,True
layer4.1.sn2,500,262,0.31127920746803284,0.2157623113578248,0.0,0.9999000099990001,True
layer4.1.sn2,500,263,0.2978906035423279,0.20648202540012048,0.0,0.9999000099990001,True
layer4.1.sn2,500,264,0.19232091307640076,0.13330670006064835,0.0,0.9999000099990001,True
layer4.1.sn2,500,265,0.6506096720695496,0.4509682725469454,0.0,0.9999000099990001,True
layer4.1.sn2,500,266,0.22645443677902222,0.15696625369064207,0.0,0.9999000099990001,True
layer4.1.sn2,500,267,0.20110207796096802,0.13939334266739206,0.0,0.9999000099990001,True
layer4.1.sn2,500,268,0.10996260493993759,0.07622026905756293,2.834509420300366e-259,0.9999000099990001,True
layer4.1.sn2,500,269,0.37254849076271057,0.258230926903639,0.0,0.9999000099990001,True
layer4.1.sn2,500,270,0.14818033576011658,0.10271078407389955,0.0,0.9999000099990001,True
layer4.1.sn2,500,271,0.5198193192481995,0.36031127765099197,0.0,0.9999000099990001,True
layer4.1.sn2,500,272,0.1694168895483017,0.11743084220350687,0.0,0.9999000099990001,True
layer4.1.sn2,500,273,0.36759811639785767,0.2547995985488107,0.0,0.9999000099990001,True
layer4.1.sn2,500,274,0.4024503231048584,0.2789573026818061,0.0,0.9999000099990001,True
layer4.1.sn2,500,275,0.5539488792419434,0.38396812428882227,0.0,0.9999000099990001,True
layer4.1.sn2,500,276,0.3199833333492279,0.22179554236504742,0.0,0.9999000099990001,True
layer4.1.sn2,500,277,0.5870183706283569,0.40689011281725396,0.0,0.9999000099990001,True
layer4.1.sn2,500,278,0.23495620489120483,0.16285922935382022,0.0,0.9999000099990001,True
layer4.1.sn2,500,279,0.23778733611106873,0.164821624517657,0.0,0.9999000099990001,True
layer4.1.sn2,500,280,0.5697150826454163,0.39489641944289566,0.0,0.9999000099990001,True
layer4.1.sn2,500,281,0.48973798751831055,0.33946051183677195,0.0,0.9999000099990001,True
layer4.1.sn2,500,282,0.41815415024757385,0.2898423680054901,0.0,0.9999000099990001,True
layer4.1.sn2,500,283,0.3256550431251526,0.22572687351524084,0.0,0.9999000099990001,True
layer4.1.sn2,500,284,0.40620890259742737,0.28156255600872315,0.0,0.9999000099990001,True
layer4.1.sn2,500,285,0.2964743673801422,0.2055003814085093,0.0,0.9999000099990001,True
layer4.1.sn2,500,286,0.05019179359078407,0.034790299880632244,1.6132626658456448e-115,0.9999000099990001,True
layer4.1.sn2,500,287,0.5605207085609436,0.388523366016184,0.0,0.9999000099990001,True
layer4.1.sn2,500,288,0.48839372396469116,0.3385287408752743,0.0,0.9999000099990001,True
layer4.1.sn2,500,289,0.33886703848838806,0.23488472918362377,0.0,0.9999000099990001,True
layer4.1.sn2,500,290,0.4108040928840637,0.2847477016432101,0.0,0.9999000099990001,True
layer4.1.sn2,500,291,0.43122220039367676,0.2989004594297251,0.0,0.9999000099990001,True
layer4.1.sn2,500,292,0.49691611528396606,0.34443600174043765,0.0,0.9999000099990001,True
layer4.1.sn2,500,293,0.39672553539276123,0.2749891864036974,0.0,0.9999000099990001,True
layer4.1.sn2,500,294,0.4004548192024231,0.2775741260035969,0.0,0.9999000099990001,True
layer4.1.sn2,500,295,0.5823764204978943,0.40367256081659036,0.0,0.9999000099990001,True
layer4.1.sn2,500,296,0.23644083738327026,0.16388829519551912,0.0,0.9999000099990001,True
layer4.1.sn2,500,297,0.4084014296531677,0.2830822914735903,0.0,0.9999000099990001,True
layer4.1.sn2,500,298,0.479031503200531,0.33203934265731555,0.0,0.9999000099990001,True
layer4.1.sn2,500,299,0.5220702886581421,0.36187156484724703,0.0,0.9999000099990001,True
layer4.1.sn2,500,300,0.31916311383247375,0.22122701264502379,0.0,0.9999000099990001,True
layer4.1.sn2,500,301,0.108359195291996,0.07510886970540617,1.0359645755452409e-252,0.9999000099990001,True
layer4.1.sn2,500,302,0.22373460233211517,0.15508100806745062,0.0,0.9999000099990001,True
layer4.1.sn2,500,303,0.47834300994873047,0.33156211349876785,0.0,0.9999000099990001,True
layer4.1.sn2,500,304,0.13751664757728577,0.09531927402329102,1.5233036684377893e-300,0.9999000099990001,True
layer4.1.sn2,500,305,0.4309324026107788,0.2986995762854955,0.0,0.9999000099990001,True
layer4.1.sn2,500,306,0.3617725670337677,0.25076162457418005,0.0,0.9999000099990001,True
layer4.1.sn2,500,307,0.07306927442550659,0.05064776309417591,4.1604928931323166e-160,0.9999000099990001,True
layer4.1.sn2,500,308,0.3334676921367645,0.23114218856167795,0.0,0.9999000099990001,True
layer4.1.sn2,500,309,0.26111212372779846,0.18098912711003906,0.0,0.9999000099990001,True
layer4.1.sn2,500,310,0.3963984549045563,0.2747624805336783,0.0,0.9999000099990001,True
layer4.1.sn2,500,311,0.0925523042678833,0.06415236919282555,2.09079032626791e-237,0.9999000099990001,True
layer4.1.sn2,500,312,0.11890915781259537,0.0824215475660404,0.0,0.9999000099990001,True
layer4.1.sn2,500,313,0.12943974137306213,0.0897207903263181,0.0,0.9999000099990001,True
layer4.1.sn2,500,314,0.09264416992664337,0.06421604273674614,5.451705836892215e-245,0.9999000099990001,True
layer4.1.sn2,500,315,0.25162798166275024,0.17441522160321016,0.0,0.9999000099990001,True
layer4.1.sn2,500,316,0.5109657645225525,0.35417448025618914,0.0,0.9999000099990001,True
layer4.1.sn2,500,317,0.031181158497929573,0.021613132303808985,3.3215516965599955e-61,0.9999000099990001,True
layer4.1.sn2,500,318,,0.23450641224516033,,0.9900990099009901,False
layer4.1.sn2,500,319,0.08333134651184082,0.05776088585860556,4.9633859841305306e-207,0.9999000099990001,True
layer4.1.sn2,500,320,0.1969471126794815,0.13651333353200368,0.0,0.9999000099990001,True
layer4.1.sn2,500,321,0.11448558419942856,0.07935535783997417,8.658703618939689e-242,0.9999000099990001,True
layer4.1.sn2,500,322,0.24795471131801605,0.17186910739909134,0.0,0.9999000099990001,True
layer4.1.sn2,500,323,0.15561522543430328,0.10786425041093431,0.0,0.9999000099990001,True
layer4.1.sn2,500,324,0.0937754213809967,0.06500016764746043,2.0833351378993517e-201,0.9999000099990001,True
layer4.1.sn2,500,325,0.34704697132110596,0.2405546299971532,0.0,0.9999000099990001,True
layer4.1.sn2,500,326,0.3781968057155609,0.26214605062232743,0.0,0.9999000099990001,True
layer4.1.sn2,500,327,0.16673904657363892,0.11557469513137886,0.0,0.9999000099990001,True
layer4.1.sn2,500,328,0.08013921976089478,0.05554827517050865,1.6221699574857226e-167,0.9999000099990001,True
layer4.1.sn2,500,329,0.03253445774316788,0.022551166799006553,1.0463280899000314e-72,0.9999000099990001,True
layer4.1.sn2,500,330,0.29217293858528137,0.2025188579477944,0.0,0.9999000099990001,True
layer4.1.sn2,500,331,0.11490744352340698,0.07964777068367258,2.5658054927366892e-281,0.9999000099990001,True
layer4.1.sn2,500,332,0.2657543122768402,0.18420685776758516,0.0,0.9999000099990001,True
layer4.1.sn2,500,333,0.5261290669441223,0.36468489187403574,0.0,0.9999000099990001,True
layer4.1.sn2,500,334,0.6220470070838928,0.4311701097654636,0.0,0.9999000099990001,True
layer4.1.sn2,500,335,0.35329046845436096,0.24488229467244893,0.0,0.9999000099990001,True
layer4.1.sn2,500,336,0.33723539113998413,0.23375375071584667,0.0,0.9999000099990001,True
layer4.1.sn2,500,337,0.34712082147598267,0.2406058141013155,0.0,0.9999000099990001,True
layer4.1.sn2,500,338,0.013754839077591896,0.009534128095805207,1.1833470523623533e-29,0.9999000099990001,True
layer4.1.sn2,500,339,0.12414371222257614,0.08604986406382409,4.710209106517505e-280,0.9999000099990001,True
layer4.1.sn2,500,340,0.16085854172706604,0.11149864156014568,0.0,0.9999000099990001,True
layer4.1.sn2,500,341,0.09780240058898926,0.06779145740411066,1.2098003606178554e-247,0.9999000099990001,True
layer4.1.sn2,500,342,0.3514939546585083,0.2436370341067427,0.0,0.9999000099990001,True
layer4.1.sn2,500,343,0.5448603630065918,0.3776684232509511,0.0,0.9999000099990001,True
layer4.1.sn2,500,344,0.4152115285396576,0.2878026961362337,0.0,0.9999000099990001,True
layer4.1.sn2,500,345,0.04132718965411186,0.02864582501532522,3.0786228062897967e-83,0.9999000099990001,True
layer4.1.sn2,500,346,0.3053518533706665,0.21165376623481247,0.0,0.9999000099990001,True
layer4.1.sn2,500,347,0.14909915626049042,0.10334766193825519,0.0,0.9999000099990001,True
layer4.1.sn2,500,348,0.3691776990890503,0.25589448719464114,0.0,0.9999000099990001,True
layer4.1.sn2,500,349,0.45385846495628357,0.314590715015667,0.0,0.9999000099990001,True
layer4.1.sn2,500,350,0.15545964241027832,0.10775641155464218,0.0,0.9999000099990001,True
layer4.1.sn2,500,351,0.33785897493362427,0.23418598626777418,0.0,0.9999000099990001,True
layer4.1.sn2,500,352,0.2739326059818268,0.18987561678550346,0.0,0.9999000099990001,True
layer4.1.sn2,500,353,0.29334092140197754,0.20332842505959547,0.0,0.9999000099990001,True
layer4.1.sn2,500,354,0.12219629436731339,0.08470001665701908,0.0,0.9999000099990001,True
layer4.1.sn2,500,355,0.49946966767311096,0.3462059831239726,0.0,0.9999000099990001,True
layer4.1.sn2,500,356,0.3729484975337982,0.258508205673716,0.0,0.9999000099990001,True
layer4.1.sn2,500,357,0.16503596305847168,0.11439421091234304,0.0,0.9999000099990001,True
layer4.1.sn2,500,358,0.4004714787006378,0.27758567713763255,0.0,0.9999000099990001,True
layer4.1.sn2,500,359,0.3601764738559723,0.2496553024578654,0.0,0.9999000099990001,True
layer4.1.sn2,500,360,0.6090067625045776,0.42213131417142596,0.0,0.9999000099990001,True
layer4.1.sn2,500,361,0.5568700432777405,0.3859928863349942,0.0,0.9999000099990001,True
layer4.1.sn2,500,362,0.4269808828830719,0.2959605944161479,0.0,0.9999000099990001,True
layer4.1.sn2,500,363,0.3855017125606537,0.2672094172465756,0.0,0.9999000099990001,True
layer4.1.sn2,500,364,0.39622318744659424,0.2746409928810938,0.0,0.9999000099990001,True
layer4.1.sn2,500,365,0.2347363531589508,0.16270684155801385,0.0,0.9999000099990001,True
layer4.1.sn2,500,366,0.07812987267971039,0.05415549914283712,3.0899957020609315e-168,0.9999000099990001,True
layer4.1.sn2,500,367,0.06956951320171356,0.04822191049052369,1.376955729142141e-158,0.9999000099990001,True
layer4.1.sn2,500,368,0.24890954792499542,0.17253094832360483,0.0,0.9999000099990001,True
layer4.1.sn2,500,369,0.5283790230751038,0.36624442227241977,0.0,0.9999000099990001,True
layer4.1.sn2,500,370,0.4866141378879547,0.3372952205003598,0.0,0.9999000099990001,True
layer4.1.sn2,500,371,0.033660825341939926,0.02333190548339022,2.739526254044949e-87,0.9999000099990001,True
layer4.1.sn2,500,372,0.0954199954867363,0.06614010183988664,6.08034795733137e-232,0.9999000099990001,True
layer4.1.sn2,500,373,0.3804696798324585,0.26372147925485223,0.0,0.9999000099990001,True
layer4.1.sn2,500,374,0.19176599383354187,0.13292206086453362,0.0,0.9999000099990001,True
layer4.1.sn2,500,375,0.1043238416314125,0.07231177883088996,2.7270549712452445e-262,0.9999000099990001,True
layer4.1.sn2,500,376,0.43819957971572876,0.30373680854247875,0.0,0.9999000099990001,True
layer4.1.sn2,500,377,0.3691750168800354,0.2558926323814772,0.0,0.9999000099990001,True
layer4.1.sn2,500,378,0.18946027755737305,0.13132385357321122,0.0,0.9999000099990001,True
layer4.1.sn2,500,379,0.05153997987508774,0.03572479112032695,1.6705946795264732e-107,0.9999000099990001,True
layer4.1.sn2,500,380,0.48495835065841675,0.3361475168224139,0.0,0.9999000099990001,True
layer4.1.sn2,500,381,0.39943578839302063,0.2768677954157755,0.0,0.9999000099990001,True
layer4.1.sn2,500,382,0.1010884940624237,0.0700692034397691,2.06788666651762e-237,0.9999000099990001,True
layer4.1.sn2,500,383,0.15183162689208984,0.1052416601180082,0.0,0.9999000099990001,True
layer4.1.sn2,500,384,0.3709065914154053,0.2570928573258864,0.0,0.9999000099990001,True
layer4.1.sn2,500,385,0.1740848422050476,0.12066642243584623,0.0,0.9999000099990001,True
layer4.1.sn2,500,386,0.22486282885074615,0.15586303868168724,0.0,0.9999000099990001,True
layer4.1.sn2,500,387,0.29539754986763,0.20475398636265082,0.0,0.9999000099990001,True
layer4.1.sn2,500,388,0.6105451583862305,0.4231976520218804,0.0,0.9999000099990001,True
layer4.1.sn2,500,389,0.36517825722694397,0.2531222804414404,0.0,0.9999000099990001,True
layer4.1.sn2,500,390,0.25303179025650024,0.1753882762644603,0.0,0.9999000099990001,True
layer4.1.sn2,500,391,0.06454279273748398,0.04473765525054866,5.651230006384051e-168,0.9999000099990001,True
layer4.1.sn2,500,392,0.5359594225883484,0.37149877396344166,0.0,0.9999000099990001,True
layer4.1.sn2,500,393,0.39281126856803894,0.2722760306004909,0.0,0.9999000099990001,True
layer4.1.sn2,500,394,0.32545608282089233,0.22558895940095813,0.0,0.9999000099990001,True
layer4.1.sn2,500,395,0.21044188737869263,0.14586720004939613,0.0,0.9999000099990001,True
layer4.1.sn2,500,396,0.04590164124965668,0.0318165937190109,1.5683788854952676e-140,0.9999000099990001,True
layer4.1.sn2,500,397,0.19207729399204254,0.13313783037575072,0.0,0.9999000099990001,True
layer4.1.sn2,500,398,0.2675730586051941,0.18546751823591362,0.0,0.9999000099990001,True
layer4.1.sn2,500,399,0.11521751433610916,0.0798626932686502,2.1233029386937088e-277,0.9999000099990001,True
layer4.1.sn2,500,400,,0.2409600339785438,,0.9900990099009901,False
layer4.1.sn2,500,401,0.46131980419158936,0.31976251943699624,0.0,0.9999000099990001,True
layer4.1.sn2,500,402,0.4663006663322449,0.32321499455404595,0.0,0.9999000099990001,True
layer4.1.sn2,500,403,0.3411817252635956,0.2364891530044919,0.0,0.9999000099990001,True
layer4.1.sn2,500,404,0.15554948151111603,0.10781868665867111,0.0,0.9999000099990001,True
layer4.1.sn2,500,405,0.5378673672676086,0.372821247760725,0.0,0.9999000099990001,True
layer4.1.sn2,500,406,0.341648131608963,0.23681244713335542,0.0,0.9999000099990001,True
layer4.1.sn2,500,407,0.7221856713294983,0.5005809535695167,0.0,0.9999000099990001,True
layer4.1.sn2,500,408,0.3985893130302429,0.2762810562988832,0.0,0.9999000099990001,True
layer4.1.sn2,500,409,0.5735369324684143,0.3975455130438562,0.0,0.9999000099990001,True
layer4.1.sn2,500,410,0.4963378608226776,0.34403519814985595,0.0,0.9999000099990001,True
layer4.1.sn2,500,411,0.7418197393417358,0.5141902557254626,0.0,0.9999000099990001,True
layer4.1.sn2,500,412,0.1980329304933548,0.13726596839719216,0.0,0.9999000099990001,True
layer4.1.sn2,500,413,0.4288187623023987,0.2972345193154734,0.0,0.9999000099990001,True
layer4.1.sn2,500,414,0.09171763807535172,0.06357382051568904,3.4140197575640085e-226,0.9999000099990001,True
layer4.1.sn2,500,415,0.3070538640022278,0.21283352991015703,0.0,0.9999000099990001,True
layer4.1.sn2,500,416,0.7690337896347046,0.5330536006533848,0.0,0.9999000099990001,True
layer4.1.sn2,500,417,0.1357034146785736,0.09406244148958386,3.4267612508115736e-289,0.9999000099990001,True
layer4.1.sn2,500,418,0.18101386725902557,0.12546925441433937,0.0,0.9999000099990001,True
layer4.1.sn2,500,419,0.41021037101745605,0.28433616500544023,0.0,0.9999000099990001,True
layer4.1.sn2,500,420,0.3161705732345581,0.219152737144226,0.0,0.9999000099990001,True
layer4.1.sn2,500,421,0.27742666006088257,0.19229750370255974,0.0,0.9999000099990001,True
layer4.1.sn2,500,422,0.3996514678001404,0.2770172899311991,0.0,0.9999000099990001,True
layer4.1.sn2,500,423,0.11276648193597794,0.07816377063397806,4.328864952508923e-247,0.9999000099990001,True
layer4.1.sn2,500,424,0.39659059047698975,0.2748956475068023,0.0,0.9999000099990001,True
layer4.1.sn2,500,425,0.1547279953956604,0.10724927367146955,0.0,0.9999000099990001,True
layer4.1.sn2,500,426,0.5103578567504883,0.35375309250236187,0.0,0.9999000099990001,True
layer4.1.sn2,500,427,0.09095596522092819,0.06304587003950783,9.36432135371847e-240,0.9999000099990001,True
layer4.1.sn2,500,428,0.3774651885032654,0.2616389306464978,0.0,0.9999000099990001,True
layer4.1.sn2,500,429,0.07284317165613174,0.05049104090133314,1.1535161366121232e-181,0.9999000099990001,True
layer4.1.sn2,500,430,0.6799322962760925,0.4712931710706908,0.0,0.9999000099990001,True
layer4.1.sn2,500,431,0.11751337349414825,0.081454065396011,9.87818862818351e-295,0.9999000099990001,True
layer4.1.sn2,500,432,0.30384522676467896,0.21060946973107525,0.0,0.9999000099990001,True
layer4.1.sn2,500,433,0.3742198348045349,0.2593894191020451,0.0,0.9999000099990001,True
layer4.1.sn2,500,434,0.3119499087333679,0.2162271896374159,0.0,0.9999000099990001,True
layer4.1.sn2,500,435,0.28964564204216003,0.20076707039366012,0.0,0.9999000099990001,True
layer4.1.sn2,500,436,0.13690543174743652,0.09489561318536234,3.6426910845106e-311,0.9999000099990001,True
layer4.1.sn2,500,437,0.09774129837751389,0.06774910770954146,7.5514172769177475e-230,0.9999000099990001,True
layer4.1.sn2,500,438,0.14444249868392944,0.10011991416908668,0.0,0.9999000099990001,True
layer4.1.sn2,500,439,0.054358188062906265,0.037678225924906966,6.71484420091558e-126,0.9999000099990001,True
layer4.1.sn2,500,440,0.14428764581680298,0.10001257779661807,0.0,0.9999000099990001,True
layer4.1.sn2,500,441,0.39977535605430603,0.2771031613997774,0.0,0.9999000099990001,True
layer4.1.sn2,500,442,0.41127443313598633,0.2850737059121271,0.0,0.9999000099990001,True
layer4.1.sn2,500,443,0.2740727961063385,0.1899727917665529,0.0,0.9999000099990001,True
layer4.1.sn2,500,444,0.015954554080963135,0.011058854033234533,8.197902615141228e-37,0.9999000099990001,True
layer4.1.sn2,500,445,,0.012539779386093314,,0.9900990099009901,False
layer4.1.sn2,500,446,0.4169376492500305,0.28899915498019857,0.0,0.9999000099990001,True
layer4.1.sn2,500,447,0.4460686445236206,0.3091912306774969,0.0,0.9999000099990001,True
layer4.1.sn2,500,448,0.3984280228614807,0.2761692613843132,0.0,0.9999000099990001,True
layer4.1.sn2,500,449,0.6074444055557251,0.4210483810182114,0.0,0.9999000099990001,True
layer4.1.sn2,500,450,0.15427030622959137,0.1069320274597891,0.0,0.9999000099990001,True
layer4.1.sn2,500,451,0.29688841104507446,0.2057873677894395,0.0,0.9999000099990001,True
layer4.1.sn2,500,452,0.35741379857063293,0.24774036900681393,0.0,0.9999000099990001,True
layer4.1.sn2,500,453,0.40294349193573,0.2792991450820177,0.0,0.9999000099990001,True
layer4.1.sn2,500,454,0.22141778469085693,0.15347511376351558,0.0,0.9999000099990001,True
layer4.1.sn2,500,455,0.25558406114578247,0.17715736617056724,0.0,0.9999000099990001,True
layer4.1.sn2,500,456,0.3640119433403015,0.25231385501774406,0.0,0.9999000099990001,True
layer4.1.sn2,500,457,0.274926096200943,0.1905642445718734,0.0,0.9999000099990001,True
layer4.1.sn2,500,458,0.4518042802810669,0.3131668549360651,0.0,0.9999000099990001,True
layer4.1.sn2,500,459,0.3587954044342041,0.24869802785181117,0.0,0.9999000099990001,True
layer4.1.sn2,500,460,0.690202534198761,0.4784119549760185,0.0,0.9999000099990001,True
layer4.1.sn2,500,461,0.4867040514945984,0.3373575370678965,0.0,0.9999000099990001,True
layer4.1.sn2,500,462,0.3286644220352173,0.22781282083416815,0.0,0.9999000099990001,True
layer4.1.sn2,500,463,0.08399272710084915,0.058219319703558495,1.4737954081888473e-177,0.9999000099990001,True
layer4.1.sn2,500,464,0.3428741693496704,0.2376622585214381,0.0,0.9999000099990001,True
layer4.1.sn2,500,465,0.12525472044944763,0.08681996020312106,6.621750095041335e-275,0.9999000099990001,True
layer4.1.sn2,500,466,0.30888718366622925,0.21410427338933413,0.0,0.9999000099990001,True
layer4.1.sn2,500,467,0.04879898205399513,0.03382487605379162,1.2998174906544723e-113,0.9999000099990001,True
layer4.1.sn2,500,468,0.40216007828712463,0.27875611662097605,0.0,0.9999000099990001,True
layer4.1.sn2,500,469,0.09698119014501572,0.0672222404110584,9.681653979216178e-224,0.9999000099990001,True
layer4.1.sn2,500,470,0.07874159514904022,0.05457951664914701,5.903892203106338e-187,0.9999000099990001,True
layer4.1.sn2,500,471,0.06024419143795967,0.04175809104755858,5.912488477288023e-142,0.9999000099990001,True
layer4.1.sn2,500,472,0.23213240504264832,0.16090192671575235,0.0,0.9999000099990001,True
layer4.1.sn2,500,473,0.20493769645690918,0.14205199064911905,0.0,0.9999000099990001,True
layer4.1.sn2,500,474,0.2526017427444458,0.17509018494296893,0.0,0.9999000099990001,True
layer4.1.sn2,500,475,0.01360822282731533,0.009432501331110095,2.7271000598098077e-23,0.9999000099990001,True
layer4.1.sn2,500,476,0.27692070603370667,0.19194680897313185,0.0,0.9999000099990001,True
layer4.1.sn2,500,477,0.13551472127437592,0.09393164536223392,1.3585423640880043e-304,0.9999000099990001,True
layer4.1.sn2,500,478,0.7698840498924255,0.5336429438778024,0.0,0.9999000099990001,True
layer4.1.sn2,500,479,0.05395130440592766,0.03739619406835225,6.327380804838417e-138,0.9999000099990001,True
layer4.1.sn2,500,480,0.7533138990402222,0.5221573871659783,0.0,0.9999000099990001,True
layer4.1.sn2,500,481,0.349537193775177,0.24228071135706952,0.0,0.9999000099990001,True
layer4.1.sn2,500,482,0.4205816686153412,0.2915249899834371,0.0,0.9999000099990001,True
layer4.1.sn2,500,483,0.5508837103843689,0.38184347955071174,0.0,0.9999000099990001,True
layer4.1.sn2,500,484,0.0339958630502224,0.023564137149260894,1.5820706015097102e-69,0.9999000099990001,True
layer4.1.sn2,500,485,0.5360778570175171,0.37158087245449345,0.0,0.9999000099990001,True
layer4.1.sn2,500,486,0.4378032088279724,0.30346205466508536,0.0,0.9999000099990001,True
layer4.1.sn2,500,487,0.06991782784461975,0.04846334582137505,1.5532861993979567e-154,0.9999000099990001,True
layer4.1.sn2,500,488,0.4991750717163086,0.3460017963737761,0.0,0.9999000099990001,True
layer4.1.sn2,500,489,0.46510881185531616,0.3223888544448509,0.0,0.9999000099990001,True
layer4.1.sn2,500,490,0.29860249161720276,0.2069754669572782,0.0,0.9999000099990001,True
layer4.1.sn2,500,491,0.06326574832201004,0.043852472725118094,1.0711002781027462e-149,0.9999000099990001,True
layer4.1.sn2,500,492,0.5818730592727661,0.40332368981708794,0.0,0.9999000099990001,True
layer4.1.sn2,500,493,0.08360061794519424,0.057947531513606376,1.3363787809420242e-212,0.9999000099990001,True
layer4.1.sn2,500,494,0.5283555388450623,0.36622815080510085,0.0,0.9999000099990001,True
layer4.1.sn2,500,495,0.12714263796806335,0.08812856121472482,8.784341905053426e-287,0.9999000099990001,True
layer4.1.sn2,500,496,0.16926635801792145,0.11732649515905877,0.0,0.9999000099990001,True
layer4.1.sn2,500,497,0.26463910937309265,0.18343386183738664,0.0,0.9999000099990001,True
layer4.1.sn2,500,498,0.20315593481063843,0.14081696105913732,0.0,0.9999000099990001,True
layer4.1.sn2,500,499,0.3442069888114929,0.23858610322818088,0.0,0.9999000099990001,True
layer4.1.sn2,500,500,0.12343858927488327,0.08556111029683713,1.14868978426325e-310,0.9999000099990001,True
layer4.1.sn2,500,501,0.5067088603973389,0.3512238047855199,0.0,0.9999000099990001,True
layer4.1.sn2,500,502,0.024814218282699585,0.017199905180106792,4.3677893408612734e-48,0.9999000099990001,True
layer4.1.sn2,500,503,0.3339855372905731,0.2315011402563395,0.0,0.9999000099990001,True
layer4.1.sn2,500,504,0.04712522402405739,0.03266471670031595,3.6969437746057657e-119,0.9999000099990001,True
layer4.1.sn2,500,505,0.16133373975753784,0.11182803026899076,0.0,0.9999000099990001,True
layer4.1.sn2,500,506,0.20934469997882843,0.1451066930486378,0.0,0.9999000099990001,True
layer4.1.sn2,500,507,0.023324938490986824,0.016167615917245255,1.103757188506427e-55,0.9999000099990001,True
layer4.1.sn2,500,508,0.45790475606918335,0.31739540084481255,0.0,0.9999000099990001,True
layer4.1.sn2,500,509,0.11710792779922485,0.08117302974264938,2.792542466147134e-248,0.9999000099990001,True
layer4.1.sn2,500,510,0.4239385724067688,0.29385182616327077,0.0,0.9999000099990001,True
layer4.1.sn2,500,511,0.4076041877269745,0.282529702808351,0.0,0.9999000099990001,True
sn1,700,0,0.06157297268509865,0.05368790203077023,1.746674830963883e-75,0.9999000099990001,True
sn1,700,1,,0.0,,0.009900990099009901,False
sn1,700,2,0.26056358218193054,0.20422287005111073,7.57780349803957e-251,0.9999000099990001,True
sn1,700,3,0.03536982834339142,0.019994951722413546,2.9681956422720536e-91,0.9999000099990001,True
sn1,700,4,0.11103642731904984,0.08921313528580717,6.858555963798342e-129,0.9999000099990001,True
sn1,700,5,0.06452502310276031,0.038630187799218264,4.652139471021922e-160,0.9999000099990001,True
sn1,700,6,0.0500059500336647,0.05960223297633998,1.354849590239437e-66,0.9999000099990001,True
sn1,700,7,0.2362825721502304,0.17980482620379507,1.2465268076119302e-227,0.9999000099990001,True
sn1,700,8,0.03892091289162636,0.0368808397104507,8.210519950195234e-51,0.9999000099990001,True
sn1,700,9,,0.0,,0.009900990099009901,False
sn1,700,10,0.0654556080698967,0.06121675201028072,1.9527457649618767e-86,0.9999000099990001,True
sn1,700,11,0.16548021137714386,0.1177839438765554,1.797177522595454e-184,0.9999000099990001,True
sn1,700,12,0.11181166768074036,0.08533814522097252,6.191243352925154e-131,0.9999000099990001,True
sn1,700,13,0.08478851616382599,0.08166442269172966,9.038557819878333e-105,0.9999000099990001,True
sn1,700,14,0.053547974675893784,0.024141974476680785,1.1543907553045992e-102,0.9999000099990001,True
sn1,700,15,0.086372010409832,0.0791232444608437,2.0188822026260656e-106,0.9999000099990001,True
sn1,700,16,0.07673478126525879,0.06740368273008257,3.481090420456737e-96,0.9999000099990001,True
sn1,700,17,0.18506976962089539,0.13962994757922376,2.203133065552801e-199,0.9999000099990001,True
sn1,700,18,,0.0,,0.009900990099009901,False
sn1,700,19,0.18651510775089264,0.1356940950582294,5.662091308000883e-194,0.9999000099990001,True
sn1,700,20,,0.00046069715073432274,,0.9405940594059405,False
sn1,700,21,0.05900367349386215,0.04719058228305403,4.754629730802646e-78,0.9999000099990001,True
sn1,700,22,,0.003639265940584334,,0.8118811881188119,False
sn1,700,23,,0.0019943569276150413,,0.9900990099009901,False
sn1,700,24,0.15540771186351776,0.10381391865849228,5.217863608518344e-175,0.9999000099990001,True
sn1,700,25,0.0871373638510704,0.07116780508170137,1.1529679693844998e-107,0.9999000099990001,True
sn1,700,26,0.03126465529203415,0.036208210924408915,8.90044742210174e-42,0.9999000099990001,True
sn1,700,27,0.005164931062608957,0.0016284145364351792,1.4708282441949905e-13,0.9999000099990001,True
sn1,700,28,0.10834187269210815,0.03931985567010299,6.882738432925844e-130,0.9999000099990001,True
sn1,700,29,0.2075476050376892,0.15214389775397755,1.1790855319458963e-213,0.9999000099990001,True
sn1,700,30,0.08431670069694519,0.057813863288600546,2.419084764323446e-106,0.9999000099990001,True
sn1,700,31,0.10999283194541931,0.09889327504434595,8.625467172992106e-129,0.9999000099990001,True
sn1,700,32,0.2676614820957184,0.19122045511918817,2.597113469842353e-250,0.9999000099990001,True
sn1,700,33,0.1949169933795929,0.14340031297169117,1.014772896951609e-202,0.9999000099990001,True
sn1,700,34,,0.00023030352580856396,,0.04950495049504951,False
sn1,700,35,0.010960178449749947,0.004164987046123354,8.444019820056475e-25,0.9999000099990001,True
sn1,700,36,0.2849593460559845,0.23107489823971317,4.050140081298971e-272,0.9999000099990001,True
sn1,700,37,0.20832951366901398,0.1487279572657807,9.520557688621087e-212,0.9999000099990001,True
sn1,700,38,0.25332653522491455,0.1813015813852308,3.7400849632803716e-237,0.9999000099990001,True
sn1,700,39,0.15894398093223572,0.08878913872140488,1.0391454259853642e-176,0.9999000099990001,True
sn1,700,40,,0.0,,0.009900990099009901,False
sn1,700,41,0.17540611326694489,0.15593569326733658,5.291957940649256e-188,0.9999000099990001,True
sn1,700,42,0.10471998155117035,0.03635420220086389,3.0553377932881106e-129,0.9999000099990001,True
sn1,700,43,0.13238684833049774,0.10085840970804855,4.10619019304729e-154,0.9999000099990001,True
sn1,700,44,0.23341567814350128,0.16666279551827726,8.358307607800824e-230,0.9999000099990001,True
sn1,700,45,0.19921909272670746,0.14455492613966506,1.0517336112992966e-202,0.9999000099990001,True
sn1,700,46,0.18918684124946594,0.15452738732031454,1.3698278281138863e-200,0.9999000099990001,True
sn1,700,47,0.1536484956741333,0.0879914244816959,1.1248369466368612e-166,0.9999000099990001,True
sn1,700,48,0.03882484883069992,0.022398066554871653,5.962984528597534e-63,0.9999000099990001,True
sn1,700,49,0.1507524847984314,0.11023073554278577,8.111578074840526e-165,0.9999000099990001,True
sn1,700,50,0.15444274246692657,0.11368908669091232,8.217089834856986e-174,0.9999000099990001,True
sn1,700,51,0.03372608870267868,0.03470631241154905,2.168746349824216e-44,0.9999000099990001,True
sn1,700,52,0.01613774336874485,0.005197411070650865,3.3451022248711783e-41,0.9999000099990001,True
sn1,700,53,0.04229750484228134,0.02602391017586083,2.7892610562885828e-46,0.9999000099990001,True
sn1,700,54,0.08504757285118103,0.04995275584332177,4.695941901676725e-108,0.9999000099990001,True
sn1,700,55,0.2004985511302948,0.14531437595692762,3.165372039087091e-207,0.9999000099990001,True
sn1,700,56,0.025055915117263794,0.018746452687049896,9.393047645184828e-34,0.9999000099990001,True
sn1,700,57,0.1752719283103943,0.127825441085338,8.59642769592129e-186,0.9999000099990001,True
sn1,700,58,0.13922151923179626,0.10203330573696218,1.4129675047293423e-155,0.9999000099990001,True
sn1,700,59,0.10205787420272827,0.07545278710185711,9.341012064700716e-128,0.9999000099990001,True
sn1,700,60,0.2663995921611786,0.18764023506450256,2.0814893657331433e-253,0.9999000099990001,True
sn1,700,61,0.14994575083255768,0.11265819724676347,7.153475685791738e-168,0.9999000099990001,True
sn1,700,62,0.14778554439544678,0.11151832177747707,1.2339249015172016e-165,0.9999000099990001,True
sn1,700,63,0.13018883764743805,0.09643517507530312,7.779837661923343e-152,0.9999000099990001,True
layer1.1.sn2,700,0,0.07990262657403946,0.06488637874813594,5.516746761342547e-100,0.9999000099990001,True
layer1.1.sn2,700,1,0.35246384143829346,0.2608105781329467,8.8375126353172e-309,0.9999000099990001,True
layer1.1.sn2,700,2,0.31292489171028137,0.23577736834864438,6.349561547471767e-287,0.9999000099990001,True
layer1.1.sn2,700,3,0.1630352884531021,0.12180613250300483,3.0576205599649066e-182,0.9999000099990001,True
layer1.1.sn2,700,4,0.07362651079893112,0.06336088665372522,2.9644602879439165e-93,0.9999000099990001,True
layer1.1.sn2,700,5,0.24395652115345,0.18289601192519128,2.9696282127277616e-243,0.9999000099990001,True
layer1.1.sn2,700,6,0.11529169976711273,0.0920964059341434,6.2856380010882915e-136,0.9999000099990001,True
layer1.1.sn2,700,7,0.3265557885169983,0.23980133640750004,7.203282221235802e-288,0.9999000099990001,True
layer1.1.sn2,700,8,0.14043836295604706,0.10904056300065904,1.4200575752763357e-161,0.9999000099990001,True
layer1.1.sn2,700,9,0.16655248403549194,0.12561448111247053,3.9008218885007167e-177,0.9999000099990001,True
layer1.1.sn2,700,10,0.15368923544883728,0.11986001706021072,7.070690318189337e-167,0.9999000099990001,True
layer1.1.sn2,700,11,0.232696995139122,0.1712925605899366,6.12005633499712e-228,0.9999000099990001,True
layer1.1.sn2,700,12,0.1587943732738495,0.12820170884466423,1.40803558814907e-175,0.9999000099990001,True
layer1.1.sn2,700,13,0.16867700219154358,0.1314563640401689,4.009965159107893e-184,0.9999000099990001,True
layer1.1.sn2,700,14,0.3989519476890564,0.287790035222775,0.0,0.9999000099990001,True
layer1.1.sn2,700,15,0.24938303232192993,0.19274192495992218,2.7805353119897403e-249,0.9999000099990001,True
layer1.1.sn2,700,16,0.19152957201004028,0.14944828715741892,2.0953349866139525e-204,0.9999000099990001,True
layer1.1.sn2,700,17,0.2562977075576782,0.18205989877195705,3.156471727091838e-246,0.9999000099990001,True
layer1.1.sn2,700,18,0.23357976973056793,0.1718644454285298,2.365181822311642e-230,0.9999000099990001,True
layer1.1.sn2,700,19,0.24471892416477203,0.18182436176788302,1.433467842291607e-233,0.9999000099990001,True
layer1.1.sn2,700,20,0.20334312319755554,0.15516075089555786,2.0907246018224308e-215,0.9999000099990001,True
layer1.1.sn2,700,21,0.08171457052230835,0.06754100206737011,2.465647913327852e-100,0.9999000099990001,True
layer1.1.sn2,700,22,0.2802114486694336,0.20221452969547216,5.379992911444132e-269,0.9999000099990001,True
layer1.1.sn2,700,23,0.14251959323883057,0.11523601092683738,1.3402170030446298e-162,0.9999000099990001,True
layer1.1.sn2,700,24,0.18496699631214142,0.1368702282819049,6.867644897943099e-199,0.9999000099990001,True
layer1.1.sn2,700,25,0.237661212682724,0.1846463725860365,1.4387776827787031e-235,0.9999000099990001,True
layer1.1.sn2,700,26,0.21685121953487396,0.16099090174888553,2.9312562247836723e-223,0.9999000099990001,True
layer1.1.sn2,700,27,0.15665258467197418,0.12018602188016514,3.1317654130527185e-180,0.9999000099990001,True
layer1.1.sn2,700,28,0.17410922050476074,0.12990379963873,2.875453929043414e-189,0.9999000099990001,True
layer1.1.sn2,700,29,0.2895742654800415,0.1960441867976062,6.997772155909235e-271,0.9999000099990001,True
layer1.1.sn2,700,30,0.1321565955877304,0.10157420411196366,2.8927957891520787e-152,0.9999000099990001,True
layer1.1.sn2,700,31,0.10405861586332321,0.07998640529542689,4.223643348384133e-126,0.9999000099990001,True
layer1.1.sn2,700,32,0.21301482617855072,0.15904979293033739,2.9562581006901244e-216,0.9999000099990001,True
layer1.1.sn2,700,33,0.2045181840658188,0.15544140559296574,3.9476581752703014e-216,0.9999000099990001,True
layer1.1.sn2,700,34,0.11106421053409576,0.09166727226752376,4.576073105148566e-134,0.9999000099990001,True
layer1.1.sn2,700,35,0.1034441664814949,0.08178324588741734,4.9964939047392266e-123,0.9999000099990001,True
layer1.1.sn2,700,36,0.24415802955627441,0.18727169805861454,9.88056113155836e-247,0.9999000099990001,True
layer1.1.sn2,700,37,0.26410454511642456,0.194179885020818,5.030701928372027e-257,0.9999000099990001,True
layer1.1.sn2,700,38,0.2969211935997009,0.21958390065087818,2.2415971354098616e-287,0.9999000099990001,True
layer1.1.sn2,700,39,0.1908847689628601,0.15191193626088517,4.182510988591818e-198,0.9999000099990001,True
layer1.1.sn2,700,40,0.06476546823978424,0.05502855365690573,1.172592708677458e-80,0.9999000099990001,True
layer1.1.sn2,700,41,0.20546714961528778,0.14818877473341363,1.3216259750372421e-210,0.9999000099990001,True
layer1.1.sn2,700,42,0.1928546130657196,0.1477557980284179,8.412690852017558e-204,0.9999000099990001,True
layer1.1.sn2,700,43,0.12342197448015213,0.09473801302521037,2.130587041110133e-148,0.9999000099990001,True
layer1.1.sn2,700,44,0.11703015118837357,0.10095144329233152,1.7558862045832075e-137,0.9999000099990001,True
layer1.1.sn2,700,45,0.14609494805335999,0.11327468829849054,1.6205441213711991e-159,0.9999000099990001,True
layer1.1.sn2,700,46,0.08992043137550354,0.0750325404683353,8.402866271715064e-112,0.9999000099990001,True
layer1.1.sn2,700,47,0.03429626300930977,0.030090586486557706,1.1146164390174314e-45,0.9999000099990001,True
layer1.1.sn2,700,48,0.28211355209350586,0.2151594866123233,1.730711628418595e-264,0.9999000099990001,True
layer1.1.sn2,700,49,0.11876039952039719,0.09184200854227353,4.426108705053654e-140,0.9999000099990001,True
layer1.1.sn2,700,50,0.14526695013046265,0.11576864625917942,1.3484279617344406e-162,0.9999000099990001,True
layer1.1.sn2,700,51,0.1035383865237236,0.08567416844258785,5.409665968668297e-121,0.9999000099990001,True
layer1.1.sn2,700,52,0.20501215755939484,0.15308369970756774,2.497151568510776e-204,0.9999000099990001,True
layer1.1.sn2,700,53,0.29140663146972656,0.215117203729814,7.593186543865296e-271,0.9999000099990001,True
layer1.1.sn2,700,54,0.18326416611671448,0.13722630513487866,3.761319037994841e-198,0.9999000099990001,True
layer1.1.sn2,700,55,0.18412843346595764,0.13339683857679643,3.745912234523036e-189,0.9999000099990001,True
layer1.1.sn2,700,56,0.29012513160705566,0.21449874196765334,8.330352750959625e-271,0.9999000099990001,True
layer1.1.sn2,700,57,0.15667280554771423,0.12115349383184584,1.0563816931743766e-178,0.9999000099990001,True
layer1.1.sn2,700,58,0.15046264231204987,0.11375905971819314,7.109268338547112e-174,0.9999000099990001,True
layer1.1.sn2,700,59,0.20306366682052612,0.15400317593635976,7.444647647784271e-214,0.9999000099990001,True
layer1.1.sn2,700,60,0.21731840074062347,0.16303009383598394,1.219830065685668e-220,0.9999000099990001,True
layer1.1.sn2,700,61,0.21946397423744202,0.16733485639761386,3.330524960098348e-222,0.9999000099990001,True
layer1.1.sn2,700,62,0.3397011160850525,0.2521479019373932,1.0427324198692445e-289,0.9999000099990001,True
layer1.1.sn2,700,63,0.12878000736236572,0.0970817931604052,1.7656780295147633e-144,0.9999000099990001,True
layer2.1.sn2,700,0,0.27935105562210083,0.19860068511976392,4.255399801831612e-257,0.9999000099990001,True
layer2.1.sn2,700,1,0.5338433980941772,0.3884369528612601,0.0,0.9999000099990001,True
layer2.1.sn2,700,2,0.4920760691165924,0.3683080554273112,0.0,0.9999000099990001,True
layer2.1.sn2,700,3,0.2650403380393982,0.19364253191100614,3.278441293749627e-257,0.9999000099990001,True
layer2.1.sn2,700,4,0.3554152548313141,0.257766710945998,4.622598790265962e-305,0.9999000099990001,True
layer2.1.sn2,700,5,0.1517602801322937,0.11510956821593822,2.4445712946348594e-168,0.9999000099990001,True
layer2.1.sn2,700,6,0.36420273780822754,0.26355807696022004,0.0,0.9999000099990001,True
layer2.1.sn2,700,7,0.32542386651039124,0.24476979368339852,6.089958608255073e-288,0.9999000099990001,True
layer2.1.sn2,700,8,0.640438437461853,0.47275325234338306,0.0,0.9999000099990001,True
layer2.1.sn2,700,9,0.18077996373176575,0.1404901689323485,8.206551156416513e-192,0.9999000099990001,True
layer2.1.sn2,700,10,0.21708200871944427,0.16448208851902543,2.367036836045163e-222,0.9999000099990001,True
layer2.1.sn2,700,11,0.23046070337295532,0.17559120837520686,5.423417553971511e-235,0.9999000099990001,True
layer2.1.sn2,700,12,0.19455410540103912,0.14965224278766154,9.703085948709743e-207,0.9999000099990001,True
layer2.1.sn2,700,13,0.164277583360672,0.127935855102027,1.606434873080256e-178,0.9999000099990001,True
layer2.1.sn2,700,14,0.1441730111837387,0.11703475467448168,3.3959600111948833e-160,0.9999000099990001,True
layer2.1.sn2,700,15,0.299180805683136,0.21725578163330178,6.707871439469472e-277,0.9999000099990001,True
layer2.1.sn2,700,16,0.25965258479118347,0.2038396708574547,1.7921061334285337e-257,0.9999000099990001,True
layer2.1.sn2,700,17,0.3314972519874573,0.23532868103924076,9.93771438351207e-295,0.9999000099990001,True
layer2.1.sn2,700,18,0.2502600848674774,0.16208726603326057,4.752303254561496e-243,0.9999000099990001,True
layer2.1.sn2,700,19,0.3109574615955353,0.2303495089488251,8.37986643109843e-278,0.9999000099990001,True
layer2.1.sn2,700,20,0.25603187084198,0.19718248594260188,9.498373590115039e-244,0.9999000099990001,True
layer2.1.sn2,700,21,0.12839066982269287,0.0998217529597858,1.9558461623966975e-150,0.9999000099990001,True
layer2.1.sn2,700,22,0.18168938159942627,0.14262614432689588,1.4096839822915912e-193,0.9999000099990001,True
layer2.1.sn2,700,23,0.2329464852809906,0.17440571260479937,5.218299442855794e-230,0.9999000099990001,True
layer2.1.sn2,700,24,0.2396373599767685,0.17472641070295913,1.6039595773229684e-242,0.9999000099990001,True
layer2.1.sn2,700,25,0.6409339904785156,0.4752987355998789,0.0,0.9999000099990001,True
layer2.1.sn2,700,26,0.25012242794036865,0.19565945452820538,1.1553134846525465e-247,0.9999000099990001,True
layer2.1.sn2,700,27,0.25495216250419617,0.1869014104062367,1.6050638345444087e-250,0.9999000099990001,True
layer2.1.sn2,700,28,0.5408825874328613,0.39145010502675487,0.0,0.9999000099990001,True
layer2.1.sn2,700,29,0.1991017609834671,0.1542747428284728,2.6309686861679883e-212,0.9999000099990001,True
layer2.1.sn2,700,30,0.17437894642353058,0.133193053761432,1.636899185421679e-188,0.9999000099990001,True
layer2.1.sn2,700,31,0.25565436482429504,0.19830674714109142,1.4130468036251276e-246,0.9999000099990001,True
layer2.1.sn2,700,32,0.15520310401916504,0.11997046923398975,2.6029238669814385e-171,0.9999000099990001,True
layer2.1.sn2,700,33,0.17204543948173523,0.12231589566068907,4.36541794311409e-180,0.9999000099990001,True
layer2.1.sn2,700,34,0.15698693692684174,0.12241684575107087,2.8798851918148132e-176,0.9999000099990001,True
layer2.1.sn2,700,35,0.5764570236206055,0.4251147799886586,0.0,0.9999000099990001,True
layer2.1.sn2,700,36,0.1624390035867691,0.1263868242765887,1.6196401149417148e-180,0.9999000099990001,True
layer2.1.sn2,700,37,0.4346471428871155,0.31432493390399696,0.0,0.9999000099990001,True
layer2.1.sn2,700,38,0.3582613170146942,0.2626228997532659,5.3491554795938e-310,0.9999000099990001,True
layer2.1.sn2,700,39,0.2548106610774994,0.18793864461148468,1.6298492650672298e-245,0.9999000099990001,True
layer2.1.sn2,700,40,0.3140503168106079,0.23451182495443848,1.3882187884211562e-283,0.9999000099990001,True
layer2.1.sn2,700,41,0.1824376881122589,0.13851237199288,9.390509659868356e-195,0.9999000099990001,True
layer2.1.sn2,700,42,0.4086669087409973,0.2931427321969111,0.0,0.9999000099990001,True
layer2.1.sn2,700,43,0.20142053067684174,0.14738469299472856,2.2404488728193446e-213,0.9999000099990001,True
layer2.1.sn2,700,44,0.3499950170516968,0.2586273675555924,2.626970332670061e-304,0.9999000099990001,True
layer2.1.sn2,700,45,0.46676763892173767,0.3439237585375916,0.0,0.9999000099990001,True
layer2.1.sn2,700,46,0.5153519511222839,0.37156983719989783,0.0,0.9999000099990001,True
layer2.1.sn2,700,47,0.17781132459640503,0.13539145167130445,3.416481712447197e-191,0.9999000099990001,True
layer2.1.sn2,700,48,0.09313351660966873,0.084038584705895,7.151391620895094e-113,0.9999000099990001,True
layer2.1.sn2,700,49,0.2448664903640747,0.18310582389541133,3.3205696171749476e-241,0.9999000099990001,True
layer2.1.sn2,700,50,0.14919176697731018,0.11836244484716546,1.1234165749387839e-167,0.9999000099990001,True
layer2.1.sn2,700,51,0.5994724035263062,0.43589170236584085,0.0,0.9999000099990001,True
layer2.1.sn2,700,52,0.15548986196517944,0.12892337304987658,1.2614108383789268e-167,0.9999000099990001,True
layer2.1.sn2,700,53,0.3128266930580139,0.23446875427179237,3.0911010046587e-283,0.9999000099990001,True
layer2.1.sn2,700,54,0.1431569755077362,0.11807903112527438,6.404203182179655e-168,0.9999000099990001,True
layer2.1.sn2,700,55,0.5379394292831421,0.3981360877577228,0.0,0.9999000099990001,True
layer2.1.sn2,700,56,0.23515990376472473,0.17647000400757432,9.795427429338518e-230,0.9999000099990001,True
layer2.1.sn2,700,57,0.4507324993610382,0.3325102425194685,0.0,0.9999000099990001,True
layer2.1.sn2,700,58,0.2525902986526489,0.18833547343019413,3.148424816938849e-249,0.9999000099990001,True
layer2.1.sn2,700,59,0.12672355771064758,0.10097320985723882,2.461691389557566e-149,0.9999000099990001,True
layer2.1.sn2,700,60,0.40632253885269165,0.2920068194910396,0.0,0.9999000099990001,True
layer2.1.sn2,700,61,0.2271423637866974,0.1635002210316102,8.479003451368107e-229,0.9999000099990001,True
layer2.1.sn2,700,62,0.4181489646434784,0.30998620153098766,0.0,0.9999000099990001,True
layer2.1.sn2,700,63,0.5292396545410156,0.4057275901761216,0.0,0.9999000099990001,True
layer2.1.sn2,700,64,0.1993783414363861,0.1512674540536853,1.5537049346282937e-208,0.9999000099990001,True
layer2.1.sn2,700,65,0.1567247062921524,0.1197747408714929,1.5334846092834008e-173,0.9999000099990001,True
layer2.1.sn2,700,66,0.4152050018310547,0.30545336004615015,0.0,0.9999000099990001,True
layer2.1.sn2,700,67,0.2104310244321823,0.15757357450636972,1.5806493871060223e-216,0.9999000099990001,True
layer2.1.sn2,700,68,0.399321049451828,0.2983752770442671,0.0,0.9999000099990001,True
layer2.1.sn2,700,69,0.16859543323516846,0.127906558349343,1.8301334850402392e-183,0.9999000099990001,True
layer2.1.sn2,700,70,0.34121835231781006,0.2557952752054967,1.2322134782530461e-306,0.9999000099990001,True
layer2.1.sn2,700,71,0.1415579915046692,0.10506788245816893,1.3459589006562288e-158,0.9999000099990001,True
layer2.1.sn2,700,72,0.110743448138237,0.08677315510089673,2.341572509950341e-131,0.9999000099990001,True
layer2.1.sn2,700,73,0.2243705838918686,0.1686840830879579,5.490537147355386e-233,0.9999000099990001,True
layer2.1.sn2,700,74,0.18086177110671997,0.1343505787980823,3.409573230204463e-197,0.9999000099990001,True
layer2.1.sn2,700,75,0.206198588013649,0.1590364924009448,6.719524382671648e-216,0.9999000099990001,True
layer2.1.sn2,700,76,0.3241896629333496,0.2273407283195657,1.81931520782944e-296,0.9999000099990001,True
layer2.1.sn2,700,77,0.23054146766662598,0.17083624228800579,5.450569670436483e-236,0.9999000099990001,True
layer2.1.sn2,700,78,0.3727210760116577,0.2711843013410592,0.0,0.9999000099990001,True
layer2.1.sn2,700,79,0.29867783188819885,0.22882206778850187,5.2940572892471066e-269,0.9999000099990001,True
layer2.1.sn2,700,80,0.37605443596839905,0.27793715132926217,0.0,0.9999000099990001,True
layer2.1.sn2,700,81,0.2153114378452301,0.1645636565723635,1.1630214315373928e-228,0.9999000099990001,True
layer2.1.sn2,700,82,0.23908834159374237,0.1726998721981905,2.4716027305314623e-239,0.9999000099990001,True
layer2.1.sn2,700,83,0.33148807287216187,0.24797743806492872,1.32049458701861e-298,0.9999000099990001,True
layer2.1.sn2,700,84,0.2878347635269165,0.22876223456010597,6.075974354250241e-269,0.9999000099990001,True
layer2.1.sn2,700,85,0.5668428540229797,0.414816846482049,0.0,0.9999000099990001,True
layer2.1.sn2,700,86,0.36111798882484436,0.2734491106456346,5.4125291898385775e-303,0.9999000099990001,True
layer2.1.sn2,700,87,0.30312007665634155,0.2263656798154996,1.8855140786973184e-276,0.9999000099990001,True
layer2.1.sn2,700,88,0.21689938008785248,0.1628639783210604,3.850980885457263e-224,0.9999000099990001,True
layer2.1.sn2,700,89,0.11212106794118881,0.09164585739489618,3.7406928060232616e-129,0.9999000099990001,True
layer2.1.sn2,700,90,0.3256494402885437,0.23946409393640317,4.525778028144126e-291,0.9999000099990001,True
layer2.1.sn2,700,91,0.2303203046321869,0.17168206351957507,1.5275797009283298e-231,0.9999000099990001,True
layer2.1.sn2,700,92,0.3367176651954651,0.23426531418669017,3.824728935471854e-295,0.9999000099990001,True
layer2.1.sn2,700,93,0.3681565523147583,0.2744358083671589,2.4963665257384e-311,0.9999000099990001,True
layer2.1.sn2,700,94,0.3639911711215973,0.245790906330016,0.0,0.9999000099990001,True
layer2.1.sn2,700,95,0.20589952170848846,0.153199872090603,1.87842298471151e-211,0.9999000099990001,True
layer2.1.sn2,700,96,0.2672996520996094,0.19284267251661247,4.79474136186014e-261,0.9999000099990001,True
layer2.1.sn2,700,97,0.2672770917415619,0.19419500043921847,6.543394826902783e-256,0.9999000099990001,True
layer2.1.sn2,700,98,0.30814647674560547,0.2223250009336458,1.870227799187019e-278,0.9999000099990001,True
layer2.1.sn2,700,99,0.1715172529220581,0.1334703699192955,5.632766713000593e-184,0.9999000099990001,True
layer2.1.sn2,700,100,0.11452838778495789,0.09502690223680174,7.372870557386657e-135,0.9999000099990001,True
layer2.1.sn2,700,101,0.12988527119159698,0.09509133704065786,2.474313752730527e-146,0.9999000099990001,True
layer2.1.sn2,700,102,0.28155505657196045,0.20921658160293738,6.390037785169609e-262,0.9999000099990001,True
layer2.1.sn2,700,103,0.43390822410583496,0.3214555196451105,0.0,0.9999000099990001,True
layer2.1.sn2,700,104,0.4198925197124481,0.3046804410902466,0.0,0.9999000099990001,True
layer2.1.sn2,700,105,0.21797728538513184,0.1576987686152914,6.595256411469693e-219,0.9999000099990001,True
layer2.1.sn2,700,106,0.0987931415438652,0.07974034458453166,1.303093359215484e-120,0.9999000099990001,True
layer2.1.sn2,700,107,0.22299575805664062,0.15939946493430812,4.51336200425586e-220,0.9999000099990001,True
layer2.1.sn2,700,108,0.36481431126594543,0.27160743395564996,2.1382826936115e-311,0.9999000099990001,True
layer2.1.sn2,700,109,0.26678386330604553,0.20076124698961273,1.9129091981797076e-256,0.9999000099990001,True
layer2.1.sn2,700,110,0.2899005115032196,0.21862683677943906,6.335309547815363e-264,0.9999000099990001,True
layer2.1.sn2,700,111,0.29234084486961365,0.20911315371131747,4.3197353117850055e-276,0.9999000099990001,True
layer2.1.sn2,700,112,0.3044179677963257,0.230668878288682,3.261156721555187e-273,0.9999000099990001,True
layer2.1.sn2,700,113,0.47747692465782166,0.32069497719338314,0.0,0.9999000099990001,True
layer2.1.sn2,700,114,0.23153667151927948,0.1722494409327086,2.1940974123562656e-228,0.9999000099990001,True
layer2.1.sn2,700,115,0.4358254075050354,0.3215335480504648,0.0,0.9999000099990001,True
layer2.1.sn2,700,116,0.1211007833480835,0.09231902609301856,9.304733493646931e-145,0.9999000099990001,True
layer2.1.sn2,700,117,0.4263594150543213,0.3135619537653819,0.0,0.9999000099990001,True
layer2.1.sn2,700,118,0.3452647924423218,0.26041060833738455,4.144283608341934e-299,0.9999000099990001,True
layer2.1.sn2,700,119,0.2733616828918457,0.19507358980147402,3.478587412925825e-254,0.9999000099990001,True
layer2.1.sn2,700,120,0.1328355371952057,0.10297462353178549,5.552838591519827e-152,0.9999000099990001,True
layer2.1.sn2,700,121,0.14676812291145325,0.11553334141578914,7.537934507729414e-165,0.9999000099990001,True
layer2.1.sn2,700,122,0.26637619733810425,0.19539964019592468,8.707317687459447e-256,0.9999000099990001,True
layer2.1.sn2,700,123,0.25812333822250366,0.19047076813810526,6.18548725808982e-250,0.9999000099990001,True
layer2.1.sn2,700,124,0.10768719762563705,0.08821880920347222,6.647524114031206e-127,0.9999000099990001,True
layer2.1.sn2,700,125,0.36297810077667236,0.2622259140133285,0.0,0.9999000099990001,True
layer2.1.sn2,700,126,0.44042009115219116,0.3208277178641202,0.0,0.9999000099990001,True
layer2.1.sn2,700,127,0.3699486255645752,0.266010377178072,2.94932586095596e-310,0.9999000099990001,True
layer3.1.sn2,700,0,0.4701519012451172,0.30792109589696215,0.0,0.9999000099990001,True
layer3.1.sn2,700,1,0.663919985294342,0.48391757101676075,0.0,0.9999000099990001,True
layer3.1.sn2,700,2,0.7097394466400146,0.5305775853000603,0.0,0.9999000099990001,True
layer3.1.sn2,700,3,0.42487773299217224,0.3199247366609239,0.0,0.9999000099990001,True
layer3.1.sn2,700,4,0.4960312843322754,0.3615271048821056,0.0,0.9999000099990001,True
layer3.1.sn2,700,5,0.5253554582595825,0.38299856238951857,0.0,0.9999000099990001,True
layer3.1.sn2,700,6,0.62249356508255,0.4519396014320746,0.0,0.9999000099990001,True
layer3.1.sn2,700,7,0.5450516939163208,0.3668083603366322,0.0,0.9999000099990001,True
layer3.1.sn2,700,8,0.6497360467910767,0.46542648778343554,0.0,0.9999000099990001,True
layer3.1.sn2,700,9,0.3922180235385895,0.28670552022333096,0.0,0.9999000099990001,True
layer3.1.sn2,700,10,0.35749080777168274,0.2623425047086264,1.0809817238256329e-293,0.9999000099990001,True
layer3.1.sn2,700,11,0.2762949764728546,0.21451501145387686,5.374848686297884e-262,0.9999000099990001,True
layer3.1.sn2,700,12,0.9573769569396973,0.6636749601860745,0.0,0.9999000099990001,True
layer3.1.sn2,700,13,0.7285736799240112,0.5272277889171862,0.0,0.9999000099990001,True
layer3.1.sn2,700,14,0.44812560081481934,0.33887031644734933,0.0,0.9999000099990001,True
layer3.1.sn2,700,15,0.6643407344818115,0.45005369300567083,0.0,0.9999000099990001,True
layer3.1.sn2,700,16,0.5191364884376526,0.38457370790241774,0.0,0.9999000099990001,True
layer3.1.sn2,700,17,0.5133386254310608,0.35468278412877086,0.0,0.9999000099990001,True
layer3.1.sn2,700,18,0.6439085006713867,0.46245115803802045,0.0,0.9999000099990001,True
layer3.1.sn2,700,19,0.6052795052528381,0.4463125493329351,0.0,0.9999000099990001,True
layer3.1.sn2,700,20,0.421945720911026,0.3167934560844716,0.0,0.9999000099990001,True
layer3.1.sn2,700,21,0.6432980895042419,0.4454072654930181,0.0,0.9999000099990001,True
layer3.1.sn2,700,22,0.4860832989215851,0.3467373876993246,0.0,0.9999000099990001,True
layer3.1.sn2,700,23,0.535399317741394,0.38279908083665226,0.0,0.9999000099990001,True
layer3.1.sn2,700,24,0.4590783417224884,0.33355754902529816,0.0,0.9999000099990001,True
layer3.1.sn2,700,25,0.7268500924110413,0.49691497838511456,0.0,0.9999000099990001,True
layer3.1.sn2,700,26,0.5451834797859192,0.3987941289616791,0.0,0.9999000099990001,True
layer3.1.sn2,700,27,0.37696316838264465,0.2866240995193845,0.0,0.9999000099990001,True
layer3.1.sn2,700,28,0.5622286796569824,0.4067990749120989,0.0,0.9999000099990001,True
layer3.1.sn2,700,29,0.5786779522895813,0.4005001275282662,0.0,0.9999000099990001,True
layer3.1.sn2,700,30,0.5664863586425781,0.39108581165812717,0.0,0.9999000099990001,True
layer3.1.sn2,700,31,0.5461354851722717,0.398911350243617,0.0,0.9999000099990001,True
layer3.1.sn2,700,32,0.46933305263519287,0.3472611813072338,0.0,0.9999000099990001,True
layer3.1.sn2,700,33,0.409283846616745,0.30195467303345597,0.0,0.9999000099990001,True
layer3.1.sn2,700,34,0.45976799726486206,0.3484257306752985,0.0,0.9999000099990001,True
layer3.1.sn2,700,35,0.5294710397720337,0.38405244905020286,0.0,0.9999000099990001,True
layer3.1.sn2,700,36,0.5400487184524536,0.36787886929058566,0.0,0.9999000099990001,True
layer3.1.sn2,700,37,0.43414628505706787,0.3133809762615312,0.0,0.9999000099990001,True
layer3.1.sn2,700,38,0.6992031931877136,0.5240873722720336,0.0,0.9999000099990001,True
layer3.1.sn2,700,39,0.6577864289283752,0.44945501054388576,0.0,0.9999000099990001,True
layer3.1.sn2,700,40,0.5754629373550415,0.40135451268464256,0.0,0.9999000099990001,True
layer3.1.sn2,700,41,0.4771648645401001,0.341481717611742,0.0,0.9999000099990001,True
layer3.1.sn2,700,42,0.4476623833179474,0.34805873251105146,0.0,0.9999000099990001,True
layer3.1.sn2,700,43,0.47663646936416626,0.3431023177278781,0.0,0.9999000099990001,True
layer3.1.sn2,700,44,0.6009105443954468,0.4412584357160503,0.0,0.9999000099990001,True
layer3.1.sn2,700,45,0.5379175543785095,0.3881964755307741,0.0,0.9999000099990001,True
layer3.1.sn2,700,46,0.7084725499153137,0.5352753540706894,0.0,0.9999000099990001,True
layer3.1.sn2,700,47,0.6750658750534058,0.48958699325780053,0.0,0.9999000099990001,True
layer3.1.sn2,700,48,0.5584015846252441,0.4341254498718766,0.0,0.9999000099990001,True
layer3.1.sn2,700,49,0.37053242325782776,0.28009036593601017,8.623574968777441e-299,0.9999000099990001,True
layer3.1.sn2,700,50,0.4931795597076416,0.340287056536171,0.0,0.9999000099990001,True
layer3.1.sn2,700,51,0.5796294808387756,0.43782827604079244,0.0,0.9999000099990001,True
layer3.1.sn2,700,52,0.4679054617881775,0.3318465840787803,0.0,0.9999000099990001,True
layer3.1.sn2,700,53,0.4979993402957916,0.339814812032155,0.0,0.9999000099990001,True
layer3.1.sn2,700,54,0.6775948405265808,0.4901391168369491,0.0,0.9999000099990001,True
layer3.1.sn2,700,55,0.5770272612571716,0.4170890615935797,0.0,0.9999000099990001,True
layer3.1.sn2,700,56,0.14905069768428802,0.09404010017710279,0.0,0.9999000099990001,True
layer3.1.sn2,700,57,0.4531138241291046,0.3324975059097446,0.0,0.9999000099990001,True
layer3.1.sn2,700,58,0.6499724984169006,0.441307886924427,0.0,0.9999000099990001,True
layer3.1.sn2,700,59,0.5131694078445435,0.3483500882337318,0.0,0.9999000099990001,True
layer3.1.sn2,700,60,0.5677060484886169,0.4191310041271371,0.0,0.9999000099990001,True
layer3.1.sn2,700,61,0.4442295432090759,0.32681749484501976,0.0,0.9999000099990001,True
layer3.1.sn2,700,62,0.5039666295051575,0.3742563200282888,0.0,0.9999000099990001,True
layer3.1.sn2,700,63,0.5328373312950134,0.37467250171847094,0.0,0.9999000099990001,True
layer3.1.sn2,700,64,0.6555691957473755,0.4675706025292409,0.0,0.9999000099990001,True
layer3.1.sn2,700,65,0.4031647741794586,0.3075401076747904,0.0,0.9999000099990001,True
layer3.1.sn2,700,66,0.5280882716178894,0.3823139402516863,0.0,0.9999000099990001,True
layer3.1.sn2,700,67,0.6062275171279907,0.4658183031757325,0.0,0.9999000099990001,True
layer3.1.sn2,700,68,0.5395127534866333,0.41522107053173063,0.0,0.9999000099990001,True
layer3.1.sn2,700,69,0.6354501843452454,0.4947349189383424,0.0,0.9999000099990001,True
layer3.1.sn2,700,70,0.5857158899307251,0.4046806161155472,0.0,0.9999000099990001,True
layer3.1.sn2,700,71,0.5946670770645142,0.4385422677069936,0.0,0.9999000099990001,True
layer3.1.sn2,700,72,0.5461181402206421,0.3797408104861061,0.0,0.9999000099990001,True
layer3.1.sn2,700,73,0.6786027550697327,0.49217309186161906,0.0,0.9999000099990001,True
layer3.1.sn2,700,74,0.5510522127151489,0.39715113594604545,0.0,0.9999000099990001,True
layer3.1.sn2,700,75,0.4766983985900879,0.3523756405153085,0.0,0.9999000099990001,True
layer3.1.sn2,700,76,0.5482483506202698,0.4046741212793512,0.0,0.9999000099990001,True
layer3.1.sn2,700,77,0.5325274467468262,0.364570414640919,0.0,0.9999000099990001,True
layer3.1.sn2,700,78,0.6344283819198608,0.464860593027529,0.0,0.9999000099990001,True
layer3.1.sn2,700,79,0.6142036318778992,0.45366088860600934,0.0,0.9999000099990001,True
layer3.1.sn2,700,80,0.6735482811927795,0.5166614060334036,0.0,0.9999000099990001,True
layer3.1.sn2,700,81,0.7269442677497864,0.5433441804178561,0.0,0.9999000099990001,True
layer3.1.sn2,700,82,0.300576388835907,0.21796665215855787,5.158906216615874e-282,0.9999000099990001,True
layer3.1.sn2,700,83,0.48431119322776794,0.37154386588921046,0.0,0.9999000099990001,True
layer3.1.sn2,700,84,0.48659515380859375,0.3486491780617398,0.0,0.9999000099990001,True
layer3.1.sn2,700,85,0.3809182941913605,0.2875097742419,0.0,0.9999000099990001,True
layer3.1.sn2,700,86,0.599019467830658,0.4407688280244922,0.0,0.9999000099990001,True
layer3.1.sn2,700,87,0.5999417901039124,0.4569907785286384,0.0,0.9999000099990001,True
layer3.1.sn2,700,88,0.37816640734672546,0.3072132671381612,0.0,0.9999000099990001,True
layer3.1.sn2,700,89,0.43300750851631165,0.30821492944646145,0.0,0.9999000099990001,True
layer3.1.sn2,700,90,0.6333343982696533,0.43798082840913877,0.0,0.9999000099990001,True
layer3.1.sn2,700,91,0.45171189308166504,0.34041419963126296,0.0,0.9999000099990001,True
layer3.1.sn2,700,92,0.40819284319877625,0.33962754901611736,0.0,0.9999000099990001,True
layer3.1.sn2,700,93,0.6418255567550659,0.4345802600321018,0.0,0.9999000099990001,True
layer3.1.sn2,700,94,0.7308045029640198,0.5413382794066206,0.0,0.9999000099990001,True
layer3.1.sn2,700,95,0.3696996569633484,0.27229571106646017,0.0,0.9999000099990001,True
layer3.1.sn2,700,96,0.5280877947807312,0.3859077852815243,0.0,0.9999000099990001,True
layer3.1.sn2,700,97,0.46090447902679443,0.3136940052556935,0.0,0.9999000099990001,True
layer3.1.sn2,700,98,0.5411743521690369,0.385821577804956,0.0,0.9999000099990001,True
layer3.1.sn2,700,99,0.5139555931091309,0.4016590140231853,0.0,0.9999000099990001,True
layer3.1.sn2,700,100,0.6476908326148987,0.4421507244237012,0.0,0.9999000099990001,True
layer3.1.sn2,700,101,0.6397203207015991,0.4396231830432965,0.0,0.9999000099990001,True
layer3.1.sn2,700,102,0.5532183647155762,0.4054503516854744,0.0,0.9999000099990001,True
layer3.1.sn2,700,103,0.4188939929008484,0.3098020253244246,0.0,0.9999000099990001,True
layer3.1.sn2,700,104,0.6007914543151855,0.4355634870708404,0.0,0.9999000099990001,True
layer3.1.sn2,700,105,0.5043768286705017,0.3913239068155049,0.0,0.9999000099990001,True
layer3.1.sn2,700,106,0.6746401190757751,0.4662093725550946,0.0,0.9999000099990001,True
layer3.1.sn2,700,107,0.711963951587677,0.5318048447127516,0.0,0.9999000099990001,True
layer3.1.sn2,700,108,0.44324368238449097,0.29514569955987413,0.0,0.9999000099990001,True
layer3.1.sn2,700,109,0.5172520279884338,0.38143011140551597,0.0,0.9999000099990001,True
layer3.1.sn2,700,110,0.6000994443893433,0.410753439192216,0.0,0.9999000099990001,True
layer3.1.sn2,700,111,0.7275440692901611,0.5349259543467186,0.0,0.9999000099990001,True
layer3.1.sn2,700,112,0.5468322038650513,0.4070554486493302,0.0,0.9999000099990001,True
layer3.1.sn2,700,113,0.5597240328788757,0.4038541169595755,0.0,0.9999000099990001,True
layer3.1.sn2,700,114,0.5300707221031189,0.3893164567463181,0.0,0.9999000099990001,True
layer3.1.sn2,700,115,0.49714285135269165,0.3538955171099296,0.0,0.9999000099990001,True
layer3.1.sn2,700,116,0.5795356035232544,0.4247022316649812,0.0,0.9999000099990001,True
layer3.1.sn2,700,117,0.6410151124000549,0.4436145029847839,0.0,0.9999000099990001,True
layer3.1.sn2,700,118,0.6311920881271362,0.4684691723272209,0.0,0.9999000099990001,True
layer3.1.sn2,700,119,0.6802654266357422,0.5351656813033898,0.0,0.9999000099990001,True
layer3.1.sn2,700,120,0.44263166189193726,0.33952730903638995,0.0,0.9999000099990001,True
layer3.1.sn2,700,121,0.7146452069282532,0.5196458358571632,0.0,0.9999000099990001,True
layer3.1.sn2,700,122,0.5409883260726929,0.4033339813592385,0.0,0.9999000099990001,True
layer3.1.sn2,700,123,0.4662892818450928,0.33491602051638975,0.0,0.9999000099990001,True
layer3.1.sn2,700,124,0.6121038198471069,0.44044492712137306,0.0,0.9999000099990001,True
layer3.1.sn2,700,125,0.48715493083000183,0.35997005966724666,0.0,0.9999000099990001,True
layer3.1.sn2,700,126,0.5409702062606812,0.38599773385533975,0.0,0.9999000099990001,True
layer3.1.sn2,700,127,0.6053895354270935,0.446868727969167,0.0,0.9999000099990001,True
layer3.1.sn2,700,128,0.740729808807373,0.5880124173993315,0.0,0.9999000099990001,True
layer3.1.sn2,700,129,0.5665121674537659,0.38895221204344727,0.0,0.9999000099990001,True
layer3.1.sn2,700,130,0.4806569516658783,0.3565510315597058,0.0,0.9999000099990001,True
layer3.1.sn2,700,131,0.5937435030937195,0.43224903635402656,0.0,0.9999000099990001,True
layer3.1.sn2,700,132,0.6623250842094421,0.5105128245915109,0.0,0.9999000099990001,True
layer3.1.sn2,700,133,0.5791540741920471,0.4249518901629877,0.0,0.9999000099990001,True
layer3.1.sn2,700,134,0.47750458121299744,0.3654037325037639,0.0,0.9999000099990001,True
layer3.1.sn2,700,135,0.7623732686042786,0.5568864693697475,0.0,0.9999000099990001,True
layer3.1.sn2,700,136,0.6988901495933533,0.484543378677318,0.0,0.9999000099990001,True
layer3.1.sn2,700,137,0.6742467284202576,0.4677181323546048,0.0,0.9999000099990001,True
layer3.1.sn2,700,138,0.4899262487888336,0.36492771906537114,0.0,0.9999000099990001,True
layer3.1.sn2,700,139,0.4399647116661072,0.3215322684330736,0.0,0.9999000099990001,True
layer3.1.sn2,700,140,0.570186197757721,0.42527871509443327,0.0,0.9999000099990001,True
layer3.1.sn2,700,141,0.75508713722229,0.5177633367825467,0.0,0.9999000099990001,True
layer3.1.sn2,700,142,0.5814996957778931,0.4384186381798982,0.0,0.9999000099990001,True
layer3.1.sn2,700,143,0.6202870607376099,0.4506977192870942,0.0,0.9999000099990001,True
layer3.1.sn2,700,144,0.4732586443424225,0.34902952095683565,0.0,0.9999000099990001,True
layer3.1.sn2,700,145,0.566085159778595,0.41457366020843733,0.0,0.9999000099990001,True
layer3.1.sn2,700,146,0.6518396139144897,0.4809167590835538,0.0,0.9999000099990001,True
layer3.1.sn2,700,147,0.30202749371528625,0.2192871294816812,8.496730952109099e-282,0.9999000099990001,True
layer3.1.sn2,700,148,0.584927499294281,0.426840983724671,0.0,0.9999000099990001,True
layer3.1.sn2,700,149,0.7007585167884827,0.518513959909131,0.0,0.9999000099990001,True
layer3.1.sn2,700,150,0.5670896768569946,0.41337303743344933,0.0,0.9999000099990001,True
layer3.1.sn2,700,151,,0.38272142472152604,,0.9900990099009901,False
layer3.1.sn2,700,152,0.7117339968681335,0.4915825564659452,0.0,0.9999000099990001,True
layer3.1.sn2,700,153,0.6337218880653381,0.4728473310439408,0.0,0.9999000099990001,True
layer3.1.sn2,700,154,0.44705072045326233,0.33255722009956135,0.0,0.9999000099990001,True
layer3.1.sn2,700,155,0.5414155125617981,0.39145148484351233,0.0,0.9999000099990001,True
layer3.1.sn2,700,156,0.5634894371032715,0.4130590540976778,0.0,0.9999000099990001,True
layer3.1.sn2,700,157,0.5813970565795898,0.39312820391157444,0.0,0.9999000099990001,True
layer3.1.sn2,700,158,0.5783901810646057,0.43347558062113284,0.0,0.9999000099990001,True
layer3.1.sn2,700,159,0.6374360918998718,0.47301045631408967,0.0,0.9999000099990001,True
layer3.1.sn2,700,160,0.6452797055244446,0.44226073971979274,0.0,0.9999000099990001,True
layer3.1.sn2,700,161,0.4102661907672882,0.2693550154785314,0.0,0.9999000099990001,True
layer3.1.sn2,700,162,0.6185765862464905,0.4584926518866103,0.0,0.9999000099990001,True
layer3.1.sn2,700,163,0.4304848313331604,0.334505218681793,0.0,0.9999000099990001,True
layer3.1.sn2,700,164,0.4713361859321594,0.3569930770811521,0.0,0.9999000099990001,True
layer3.1.sn2,700,165,0.4598461985588074,0.34668183548241577,0.0,0.9999000099990001,True
layer3.1.sn2,700,166,0.6722745895385742,0.5009616058282884,0.0,0.9999000099990001,True
layer3.1.sn2,700,167,0.6113549470901489,0.46968801852181463,0.0,0.9999000099990001,True
layer3.1.sn2,700,168,0.545497477054596,0.39205147048298566,0.0,0.9999000099990001,True
layer3.1.sn2,700,169,0.863939106464386,0.6216816547483893,0.0,0.9999000099990001,True
layer3.1.sn2,700,170,0.5142527222633362,0.38640190487629555,0.0,0.9999000099990001,True
layer3.1.sn2,700,171,0.685992419719696,0.5041626822390417,0.0,0.9999000099990001,True
layer3.1.sn2,700,172,0.7324062585830688,0.5029401201048632,0.0,0.9999000099990001,True
layer3.1.sn2,700,173,0.29656532406806946,0.19916277925417278,0.0,0.9999000099990001,True
layer3.1.sn2,700,174,0.7183891534805298,0.5236173456790507,0.0,0.9999000099990001,True
layer3.1.sn2,700,175,0.785132110118866,0.5987439306257025,0.0,0.9999000099990001,True
layer3.1.sn2,700,176,0.5822762250900269,0.439957086329808,0.0,0.9999000099990001,True
layer3.1.sn2,700,177,0.5251879692077637,0.3832432497062639,0.0,0.9999000099990001,True
layer3.1.sn2,700,178,0.5073196291923523,0.36595602798751375,0.0,0.9999000099990001,True
layer3.1.sn2,700,179,0.6044904589653015,0.4537706529695421,0.0,0.9999000099990001,True
layer3.1.sn2,700,180,0.5718215107917786,0.4177875750151755,0.0,0.9999000099990001,True
layer3.1.sn2,700,181,0.526546061038971,0.39603254848888547,0.0,0.9999000099990001,True
layer3.1.sn2,700,182,0.621738076210022,0.4610365113981085,0.0,0.9999000099990001,True
layer3.1.sn2,700,183,0.6218900084495544,0.41788800320156844,0.0,0.9999000099990001,True
layer3.1.sn2,700,184,0.49124225974082947,0.35991644011339263,0.0,0.9999000099990001,True
layer3.1.sn2,700,185,0.5977608561515808,0.4399210116461785,0.0,0.9999000099990001,True
layer3.1.sn2,700,186,0.6052850484848022,0.4397642585655369,0.0,0.9999000099990001,True
layer3.1.sn2,700,187,0.4853438436985016,0.3682027565234869,0.0,0.9999000099990001,True
layer3.1.sn2,700,188,0.486847460269928,0.3318475916145202,0.0,0.9999000099990001,True
layer3.1.sn2,700,189,0.6410268545150757,0.4635372663090101,0.0,0.9999000099990001,True
layer3.1.sn2,700,190,0.5960515141487122,0.45194315682804864,0.0,0.9999000099990001,True
layer3.1.sn2,700,191,0.4493989050388336,0.3327262792147341,0.0,0.9999000099990001,True
layer3.1.sn2,700,192,0.5767749547958374,0.39514582179770535,0.0,0.9999000099990001,True
layer3.1.sn2,700,193,0.5867260694503784,0.3982295918362517,0.0,0.9999000099990001,True
layer3.1.sn2,700,194,0.6056060194969177,0.45331801266035704,0.0,0.9999000099990001,True
layer3.1.sn2,700,195,0.5508118867874146,0.4138442609324293,0.0,0.9999000099990001,True
layer3.1.sn2,700,196,0.41291123628616333,0.29137472873622877,0.0,0.9999000099990001,True
layer3.1.sn2,700,197,0.4993268847465515,0.36614194725424987,0.0,0.9999000099990001,True
layer3.1.sn2,700,198,0.5600607395172119,0.41628680619723096,0.0,0.9999000099990001,True
layer3.1.sn2,700,199,0.5768296718597412,0.4302309659074635,0.0,0.9999000099990001,True
layer3.1.sn2,700,200,0.5454209446907043,0.3871646030342014,0.0,0.9999000099990001,True
layer3.1.sn2,700,201,0.6768893599510193,0.4960073960618891,0.0,0.9999000099990001,True
layer3.1.sn2,700,202,0.5767145156860352,0.40746035786274964,0.0,0.9999000099990001,True
layer3.1.sn2,700,203,0.7290188670158386,0.5036195364474743,0.0,0.9999000099990001,True
layer3.1.sn2,700,204,0.36542224884033203,0.24594442192649343,0.0,0.9999000099990001,True
layer3.1.sn2,700,205,0.7560415267944336,0.5780435554243548,0.0,0.9999000099990001,True
layer3.1.sn2,700,206,0.4386672079563141,0.3134812055259325,0.0,0.9999000099990001,True
layer3.1.sn2,700,207,0.6367841958999634,0.47629867582926544,0.0,0.9999000099990001,True
layer3.1.sn2,700,208,0.45186367630958557,0.3081826337179855,0.0,0.9999000099990001,True
layer3.1.sn2,700,209,0.7232974171638489,0.502316852691929,0.0,0.9999000099990001,True
layer3.1.sn2,700,210,0.46980345249176025,0.35683763509321426,0.0,0.9999000099990001,True
layer3.1.sn2,700,211,0.5986840128898621,0.44006623396478795,0.0,0.9999000099990001,True
layer3.1.sn2,700,212,0.5236338973045349,0.39682521139830024,0.0,0.9999000099990001,True
layer3.1.sn2,700,213,0.37845519185066223,0.30721127370025836,0.0,0.9999000099990001,True
layer3.1.sn2,700,214,0.509373128414154,0.38357249855866343,0.0,0.9999000099990001,True
layer3.1.sn2,700,215,0.4747673571109772,0.35037436992070803,0.0,0.9999000099990001,True
layer3.1.sn2,700,216,0.6251716017723083,0.45259137765824453,0.0,0.9999000099990001,True
layer3.1.sn2,700,217,0.6614364981651306,0.5142577007626027,0.0,0.9999000099990001,True
layer3.1.sn2,700,218,0.33941972255706787,0.24865363757082073,1.9454169710016737e-292,0.9999000099990001,True
layer3.1.sn2,700,219,0.6788068413734436,0.46684139408351577,0.0,0.9999000099990001,True
layer3.1.sn2,700,220,0.5761337280273438,0.4255771092452529,0.0,0.9999000099990001,True
layer3.1.sn2,700,221,0.6321468353271484,0.4599292257664809,0.0,0.9999000099990001,True
layer3.1.sn2,700,222,0.6448370814323425,0.4709209157564124,0.0,0.9999000099990001,True
layer3.1.sn2,700,223,0.48645102977752686,0.353134911145006,0.0,0.9999000099990001,True
layer3.1.sn2,700,224,0.5220063924789429,0.40741695806110295,0.0,0.9999000099990001,True
layer3.1.sn2,700,225,0.4906572699546814,0.357944000214046,0.0,0.9999000099990001,True
layer3.1.sn2,700,226,0.6164580583572388,0.45495856537789137,0.0,0.9999000099990001,True
layer3.1.sn2,700,227,0.48980557918548584,0.3618255259137747,0.0,0.9999000099990001,True
layer3.1.sn2,700,228,0.5607749819755554,0.41231905650225964,0.0,0.9999000099990001,True
layer3.1.sn2,700,229,0.6659601926803589,0.47676344001478854,0.0,0.9999000099990001,True
layer3.1.sn2,700,230,0.5635183453559875,0.4039587688919939,0.0,0.9999000099990001,True
layer3.1.sn2,700,231,0.33617469668388367,0.2675755518612739,3.833837756241288e-304,0.9999000099990001,True
layer3.1.sn2,700,232,0.7239931225776672,0.4984634204928999,0.0,0.9999000099990001,True
layer3.1.sn2,700,233,0.33737605810165405,0.2353194516966412,0.0,0.9999000099990001,True
layer3.1.sn2,700,234,0.6582009792327881,0.5116266241483669,0.0,0.9999000099990001,True
layer3.1.sn2,700,235,0.45341241359710693,0.3192225222303099,0.0,0.9999000099990001,True
layer3.1.sn2,700,236,0.6057403087615967,0.4138489813665519,0.0,0.9999000099990001,True
layer3.1.sn2,700,237,0.57709139585495,0.4199785372584527,0.0,0.9999000099990001,True
layer3.1.sn2,700,238,0.5324399471282959,0.36484743624859245,0.0,0.9999000099990001,True
layer3.1.sn2,700,239,0.6209495663642883,0.4333050745623551,0.0,0.9999000099990001,True
layer3.1.sn2,700,240,,0.3066160571928833,,0.9900990099009901,False
layer3.1.sn2,700,241,0.8515217900276184,0.6306578134440695,0.0,0.9999000099990001,True
layer3.1.sn2,700,242,0.5900638699531555,0.42427782388765645,0.0,0.9999000099990001,True
layer3.1.sn2,700,243,0.22369641065597534,0.16448108756735935,4.894783265850298e-227,0.9999000099990001,True
layer3.1.sn2,700,244,0.5669158101081848,0.4104160737242186,0.0,0.9999000099990001,True
layer3.1.sn2,700,245,0.5925869941711426,0.40367737884207217,0.0,0.9999000099990001,True
layer3.1.sn2,700,246,0.7435812950134277,0.5647478249860878,0.0,0.9999000099990001,True
layer3.1.sn2,700,247,0.6669684052467346,0.4913858597566033,0.0,0.9999000099990001,True
layer3.1.sn2,700,248,0.4778191149234772,0.35543227869777144,0.0,0.9999000099990001,True
layer3.1.sn2,700,249,0.5875500440597534,0.4030757092755156,0.0,0.9999000099990001,True
layer3.1.sn2,700,250,0.5947502851486206,0.4320659066751965,0.0,0.9999000099990001,True
layer3.1.sn2,700,251,0.29484823346138,0.2255357251432924,5.147232736436767e-264,0.9999000099990001,True
layer3.1.sn2,700,252,0.6493934392929077,0.47145591397999426,0.0,0.9999000099990001,True
layer3.1.sn2,700,253,0.6367395520210266,0.4982779694378528,0.0,0.9999000099990001,True
layer3.1.sn2,700,254,0.44296595454216003,0.3363110586549618,0.0,0.9999000099990001,True
layer3.1.sn2,700,255,0.5939421653747559,0.4513345218677408,0.0,0.9999000099990001,True
layer4.1.sn2,700,0,0.11919541656970978,0.08261996907654043,7.62650638965515e-282,0.9999000099990001,True
layer4.1.sn2,700,1,0.15090684592723846,0.10460065541025641,0.0,0.9999000099990001,True
layer4.1.sn2,700,2,0.28676238656044006,0.19876853509266487,0.0,0.9999000099990001,True
layer4.1.sn2,700,3,0.06475383043289185,0.04488393562259978,1.4610737401379735e-143,0.9999000099990001,True
layer4.1.sn2,700,4,0.16596393287181854,0.11503743101734797,0.0,0.9999000099990001,True
layer4.1.sn2,700,5,0.08643186092376709,0.0599099989523639,1.635320573803555e-199,0.9999000099990001,True
layer4.1.sn2,700,6,0.28855323791503906,0.20000987055985525,0.0,0.9999000099990001,True
layer4.1.sn2,700,7,0.12049886584281921,0.08352344816953823,9.713459803993491e-295,0.9999000099990001,True
layer4.1.sn2,700,8,0.2691677212715149,0.18657285491874084,0.0,0.9999000099990001,True
layer4.1.sn2,700,9,0.2016071081161499,0.13974339365242477,0.0,0.9999000099990001,True
layer4.1.sn2,700,10,0.21340656280517578,0.14792216190421192,0.0,0.9999000099990001,True
layer4.1.sn2,700,11,0.06453611701726913,0.044733028062593244,1.2739037706152316e-164,0.9999000099990001,True
layer4.1.sn2,700,12,0.4077916741371155,0.28265964662343457,0.0,0.9999000099990001,True
layer4.1.sn2,700,13,0.26226717233657837,0.18178974481273827,0.0,0.9999000099990001,True
layer4.1.sn2,700,14,0.01016790047287941,0.0070478514293501075,5.329593965817544e-29,0.9999000099990001,True
layer4.1.sn2,700,15,0.3662072420120239,0.2538355094326373,0.0,0.9999000099990001,True
layer4.1.sn2,700,16,0.49539563059806824,0.34338209347522,0.0,0.9999000099990001,True
layer4.1.sn2,700,17,0.13724161684513092,0.09512864428114738,1.3314709865476643e-293,0.9999000099990001,True
layer4.1.sn2,700,18,0.32494229078292847,0.2252328307770081,0.0,0.9999000099990001,True
layer4.1.sn2,700,19,0.08791344612836838,0.060936957826990386,4.710353045854301e-228,0.9999000099990001,True
layer4.1.sn2,700,20,0.28631338477134705,0.1984573093422258,0.0,0.9999000099990001,True
layer4.1.sn2,700,21,0.4259520173072815,0.29524743005557896,0.0,0.9999000099990001,True
layer4.1.sn2,700,22,0.4929324686527252,0.34167475251536183,0.0,0.9999000099990001,True
layer4.1.sn2,700,23,0.28354412317276,0.19653781640184412,0.0,0.9999000099990001,True
layer4.1.sn2,700,24,0.5302652716636658,0.3675518840499984,0.0,0.9999000099990001,True
layer4.1.sn2,700,25,0.4483391344547272,0.31076499771542765,0.0,0.9999000099990001,True
layer4.1.sn2,700,26,0.2937212586402893,0.20359205431197572,0.0,0.9999000099990001,True
layer4.1.sn2,700,27,0.036773864179849625,0.0254896996838978,1.7483880712769828e-90,0.9999000099990001,True
layer4.1.sn2,700,28,0.1649075597524643,0.11430520818947904,0.0,0.9999000099990001,True
layer4.1.sn2,700,29,0.11358969658613205,0.078734375426711,7.527040485919736e-259,0.9999000099990001,True
layer4.1.sn2,700,30,0.3751925528049469,0.26006366076133847,0.0,0.9999000099990001,True
layer4.1.sn2,700,31,0.36521121859550476,0.2531451214571888,0.0,0.9999000099990001,True
layer4.1.sn2,700,32,0.4242701232433319,0.29408164237071405,0.0,0.9999000099990001,True
layer4.1.sn2,700,33,0.44139963388442993,0.3059549018831714,0.0,0.9999000099990001,True
layer4.1.sn2,700,34,0.5770580768585205,0.399986173444616,0.0,0.9999000099990001,True
layer4.1.sn2,700,35,0.16337619721889496,0.11324375183986121,0.0,0.9999000099990001,True
layer4.1.sn2,700,36,0.03841768950223923,0.026629112713783654,2.4048742982430526e-97,0.9999000099990001,True
layer4.1.sn2,700,37,0.5374102592468262,0.3725044062720862,0.0,0.9999000099990001,True
layer4.1.sn2,700,38,0.3917510211467743,0.2715411212060267,0.0,0.9999000099990001,True
layer4.1.sn2,700,39,0.3551526963710785,0.24617308882829503,0.0,0.9999000099990001,True
layer4.1.sn2,700,40,0.19035540521144867,0.13194430863988624,0.0,0.9999000099990001,True
layer4.1.sn2,700,41,0.33742183446884155,0.2338829880771867,0.0,0.9999000099990001,True
layer4.1.sn2,700,42,0.49487215280532837,0.3430192449874795,0.0,0.9999000099990001,True
layer4.1.sn2,700,43,0.23640385270118713,0.1638626691074303,0.0,0.9999000099990001,True
layer4.1.sn2,700,44,0.5691820979118347,0.3945269577422764,0.0,0.9999000099990001,True
layer4.1.sn2,700,45,0.031071869656443596,0.02153737820533418,5.242607342308e-56,0.9999000099990001,True
layer4.1.sn2,700,46,0.3860676884651184,0.2676017301147364,0.0,0.9999000099990001,True
layer4.1.sn2,700,47,0.26085788011550903,0.18081290923612506,0.0,0.9999000099990001,True
layer4.1.sn2,700,48,0.19760523736476898,0.1369695111406092,0.0,0.9999000099990001,True
layer4.1.sn2,700,49,0.36678338050842285,0.2542348629908554,0.0,0.9999000099990001,True
layer4.1.sn2,700,50,0.3971162438392639,0.2752599954429761,0.0,0.9999000099990001,True
layer4.1.sn2,700,51,0.23957490921020508,0.16606067330238036,0.0,0.9999000099990001,True
layer4.1.sn2,700,52,0.4963582456111908,0.34404931034142466,0.0,0.9999000099990001,True
layer4.1.sn2,700,53,0.2600266933441162,0.18023677302452087,0.0,0.9999000099990001,True
layer4.1.sn2,700,54,0.052251774817705154,0.03621817016451814,1.0050019241155607e-129,0.9999000099990001,True
layer4.1.sn2,700,55,0.07180216908454895,0.04976947131694763,3.909534946282678e-167,0.9999000099990001,True
layer4.1.sn2,700,56,0.4228969216346741,0.2931298117609605,0.0,0.9999000099990001,True
layer4.1.sn2,700,57,0.4097609519958496,0.28402464371567715,0.0,0.9999000099990001,True
layer4.1.sn2,700,58,0.34513604640960693,0.23923007726784268,0.0,0.9999000099990001,True
layer4.1.sn2,700,59,0.20893503725528717,0.14482272718266911,0.0,0.9999000099990001,True
layer4.1.sn2,700,60,0.17127418518066406,0.11871821949677352,0.0,0.9999000099990001,True
layer4.1.sn2,700,61,0.41569510102272034,0.2881378906150327,0.0,0.9999000099990001,True
layer4.1.sn2,700,62,0.4918738007545471,0.34094094513821893,0.0,0.9999000099990001,True
layer4.1.sn2,700,63,0.39987605810165405,0.2771729693054569,0.0,0.9999000099990001,True
layer4.1.sn2,700,64,0.3912029266357422,0.271161204082808,0.0,0.9999000099990001,True
layer4.1.sn2,700,65,0.5260149240493774,0.36460576273235024,0.0,0.9999000099990001,True
layer4.1.sn2,700,66,0.2736266255378723,0.18966353042037695,0.0,0.9999000099990001,True
layer4.1.sn2,700,67,0.5444054007530212,0.37735306360428633,0.0,0.9999000099990001,True
layer4.1.sn2,700,68,0.177576944231987,0.12308695676353815,0.0,0.9999000099990001,True
layer4.1.sn2,700,69,0.33842477202415466,0.2345781832508148,0.0,0.9999000099990001,True
layer4.1.sn2,700,70,0.043550360947847366,0.03018681110213726,3.2379090941592595e-93,0.9999000099990001,True
layer4.1.sn2,700,71,0.5217822194099426,0.3616718661034524,0.0,0.9999000099990001,True
layer4.1.sn2,700,72,0.3112647235393524,0.2157522666374302,0.0,0.9999000099990001,True
layer4.1.sn2,700,73,0.3941706120967865,0.2732182537669903,0.0,0.9999000099990001,True
layer4.1.sn2,700,74,0.12280602008104324,0.08512264862014848,1.395590248926568e-274,0.9999000099990001,True
layer4.1.sn2,700,75,0.49003973603248596,0.3396696670878362,0.0,0.9999000099990001,True
layer4.1.sn2,700,76,0.031710315495729446,0.021979916890566678,1.4699601493076998e-55,0.9999000099990001,True
layer4.1.sn2,700,77,0.15084479749202728,0.10455764931016352,0.0,0.9999000099990001,True
layer4.1.sn2,700,78,0.21205386519432068,0.14698453418543495,0.0,0.9999000099990001,True
layer4.1.sn2,700,79,0.13447488844394684,0.09321089372014944,3.523011650479e-311,0.9999000099990001,True
layer4.1.sn2,700,80,0.3780580759048462,0.262049899703167,0.0,0.9999000099990001,True
layer4.1.sn2,700,81,0.34091702103614807,0.23630568052258485,0.0,0.9999000099990001,True
layer4.1.sn2,700,82,0.6761215329170227,0.4686517338408817,0.0,0.9999000099990001,True
layer4.1.sn2,700,83,0.212314173579216,0.14716497529059896,0.0,0.9999000099990001,True
layer4.1.sn2,700,84,0.40340766310691833,0.27962087773181327,0.0,0.9999000099990001,True
layer4.1.sn2,700,85,0.41832980513572693,0.28996412619909095,0.0,0.9999000099990001,True
layer4.1.sn2,700,86,0.8476183414459229,0.5875242463960019,0.0,0.9999000099990001,True
layer4.1.sn2,700,87,0.4396654963493347,0.30475290745110123,0.0,0.9999000099990001,True
layer4.1.sn2,700,88,0.21570028364658356,0.14951204683038988,0.0,0.9999000099990001,True
layer4.1.sn2,700,89,0.2655644416809082,0.1840752490683495,0.0,0.9999000099990001,True
layer4.1.sn2,700,90,0.2455858588218689,0.17022714990920748,0.0,0.9999000099990001,True
layer4.1.sn2,700,91,0.5781704783439636,0.4007572446212989,0.0,0.9999000099990001,True
layer4.1.sn2,700,92,0.17378881573677063,0.1204612234868786,0.0,0.9999000099990001,True
layer4.1.sn2,700,93,0.36830848455429077,0.2552919896988263,0.0,0.9999000099990001,True
layer4.1.sn2,700,94,0.22818198800086975,0.1581636984131799,0.0,0.9999000099990001,True
layer4.1.sn2,700,95,0.5329428911209106,0.36940786008069193,0.0,0.9999000099990001,True
layer4.1.sn2,700,96,0.7291556000709534,0.5054121346509525,0.0,0.9999000099990001,True
layer4.1.sn2,700,97,0.4903693199157715,0.33989811854159563,0.0,0.9999000099990001,True
layer4.1.sn2,700,98,0.6459571719169617,0.4477433723941269,0.0,0.9999000099990001,True
layer4.1.sn2,700,99,0.2461284101009369,0.1706032095139571,0.0,0.9999000099990001,True
layer4.1.sn2,700,100,0.22431573271751404,0.15548381449649856,0.0,0.9999000099990001,True
layer4.1.sn2,700,101,0.6166470646858215,0.4274271714204515,0.0,0.9999000099990001,True
layer4.1.sn2,700,102,0.30970585346221924,0.21467174849842513,0.0,0.9999000099990001,True
layer4.1.sn2,700,103,0.5849164128303528,0.40543316945208946,0.0,0.9999000099990001,True
layer4.1.sn2,700,104,0.05386412516236305,0.03733576640419693,7.881144399614817e-144,0.9999000099990001,True
layer4.1.sn2,700,105,0.426712304353714,0.2957744401521644,0.0,0.9999000099990001,True
layer4.1.sn2,700,106,0.2014090120792389,0.13960608971305638,0.0,0.9999000099990001,True
layer4.1.sn2,700,107,0.3797524571418762,0.2632243514994811,0.0,0.9999000099990001,True
layer4.1.sn2,700,108,0.398815393447876,0.2764377747401768,0.0,0.9999000099990001,True
layer4.1.sn2,700,109,0.22571127116680145,0.1564511341285345,0.0,0.9999000099990001,True
layer4.1.sn2,700,110,0.40950310230255127,0.2838459225770895,0.0,0.9999000099990001,True
layer4.1.sn2,700,111,0.26498955488204956,0.18367676164181954,0.0,0.9999000099990001,True
layer4.1.sn2,700,112,0.3326464891433716,0.23057297444487015,0.0,0.9999000099990001,True
layer4.1.sn2,700,113,0.48997336626052856,0.3396236645034922,0.0,0.9999000099990001,True
layer4.1.sn2,700,114,0.05535545572638512,0.038369478307324394,4.925706774530103e-136,0.9999000099990001,True
layer4.1.sn2,700,115,0.16986849904060364,0.11774387345658281,0.0,0.9999000099990001,True
layer4.1.sn2,700,116,0.21472732722759247,0.14883763788365068,0.0,0.9999000099990001,True
layer4.1.sn2,700,117,0.22881829738616943,0.1586047555820503,0.0,0.9999000099990001,True
layer4.1.sn2,700,118,0.5749418139457703,0.3985192836191884,0.0,0.9999000099990001,True
layer4.1.sn2,700,119,0.15970738232135773,0.11070071978147188,0.0,0.9999000099990001,True
layer4.1.sn2,700,120,0.1747630387544632,0.12113650580289756,0.0,0.9999000099990001,True
layer4.1.sn2,700,121,0.4181782901287079,0.2898590998424978,0.0,0.9999000099990001,True
layer4.1.sn2,700,122,0.3533270061016083,0.24490760896862926,0.0,0.9999000099990001,True
layer4.1.sn2,700,123,0.2926160991191864,0.20282602579922793,0.0,0.9999000099990001,True
layer4.1.sn2,700,124,0.21730466187000275,0.15062411187401026,0.0,0.9999000099990001,True
layer4.1.sn2,700,125,0.45150208473205566,0.31295739812170387,0.0,0.9999000099990001,True
layer4.1.sn2,700,126,0.2243937999010086,0.15553792968390892,0.0,0.9999000099990001,True
layer4.1.sn2,700,127,0.05261753499507904,0.03647169578302674,9.548534292238191e-114,0.9999000099990001,True
layer4.1.sn2,700,128,0.16420070827007294,0.11381525461310976,0.0,0.9999000099990001,True
layer4.1.sn2,700,129,0.0941869243979454,0.06528540010351468,2.1902453526566067e-226,0.9999000099990001,True
layer4.1.sn2,700,130,0.18406488001346588,0.12758405082140248,0.0,0.9999000099990001,True
layer4.1.sn2,700,131,0.25251859426498413,0.17503254449279157,0.0,0.9999000099990001,True
layer4.1.sn2,700,132,0.25175371766090393,0.1745023776521214,0.0,0.9999000099990001,True
layer4.1.sn2,700,133,0.4369905889034271,0.30289879736280556,0.0,0.9999000099990001,True
layer4.1.sn2,700,134,0.43307411670684814,0.3001841002426294,0.0,0.9999000099990001,True
layer4.1.sn2,700,135,0.13703110814094543,0.09498272947581526,4.2450829391486e-311,0.9999000099990001,True
layer4.1.sn2,700,136,0.1977250874042511,0.13705258615006485,0.0,0.9999000099990001,True
layer4.1.sn2,700,137,0.20511828362941742,0.14217715759633756,0.0,0.9999000099990001,True
layer4.1.sn2,700,138,0.3754225969314575,0.2602231135782717,0.0,0.9999000099990001,True
layer4.1.sn2,700,139,0.13541622459888458,0.09386337298184184,2.914609298459699e-297,0.9999000099990001,True
layer4.1.sn2,700,140,0.016232488676905632,0.01125150372105599,6.38451776139778e-38,0.9999000099990001,True
layer4.1.sn2,700,141,0.4911175072193146,0.3404167175080693,0.0,0.9999000099990001,True
layer4.1.sn2,700,142,0.3414434790611267,0.23667058753616,0.0,0.9999000099990001,True
layer4.1.sn2,700,143,0.10198532044887543,0.07069083825522927,8.547891131758925e-249,0.9999000099990001,True
layer4.1.sn2,700,144,0.3815946877002716,0.26450127972890247,0.0,0.9999000099990001,True
layer4.1.sn2,700,145,0.03070751205086708,0.021284824994379,3.1901128456035805e-83,0.9999000099990001,True
layer4.1.sn2,700,146,0.1057882234454155,0.07332680964189973,2.9702420676665414e-274,0.9999000099990001,True
layer4.1.sn2,700,147,0.0773291364312172,0.05360047067470404,8.15746151635512e-194,0.9999000099990001,True
layer4.1.sn2,700,148,0.017476210370659828,0.012113585688450633,8.438299078048708e-31,0.9999000099990001,True
layer4.1.sn2,700,149,0.12707115709781647,0.0880790173352261,8.343429004574729e-276,0.9999000099990001,True
layer4.1.sn2,700,150,0.4510379731655121,0.3126357096736345,0.0,0.9999000099990001,True
layer4.1.sn2,700,151,,0.09622272180711372,,0.9900990099009901,False
layer4.1.sn2,700,152,0.29532939195632935,0.20470673776584702,0.0,0.9999000099990001,True
layer4.1.sn2,700,153,0.05979090556502342,0.041443897096542955,2.70178552517504e-164,0.9999000099990001,True
layer4.1.sn2,700,154,0.40586531162261963,0.28132439584125013,0.0,0.9999000099990001,True
layer4.1.sn2,700,155,0.43866002559661865,0.3040559575648114,0.0,0.9999000099990001,True
layer4.1.sn2,700,156,0.49070578813552856,0.34013133761465886,0.0,0.9999000099990001,True
layer4.1.sn2,700,157,0.24222277104854584,0.1678960295732575,0.0,0.9999000099990001,True
layer4.1.sn2,700,158,0.27430954575538635,0.19013689034287098,0.0,0.9999000099990001,True
layer4.1.sn2,700,159,0.32094207406044006,0.22246008367520526,0.0,0.9999000099990001,True
layer4.1.sn2,700,160,0.6985427141189575,0.484192931268353,0.0,0.9999000099990001,True
layer4.1.sn2,700,161,0.05069157853722572,0.03513672558581072,1.0689383207270085e-107,0.9999000099990001,True
layer4.1.sn2,700,162,0.3438801169395447,0.2383595392065343,0.0,0.9999000099990001,True
layer4.1.sn2,700,163,0.40478500723838806,0.2805755832707906,0.0,0.9999000099990001,True
layer4.1.sn2,700,164,0.05697837471961975,0.03949440104156333,5.3621833450159496e-139,0.9999000099990001,True
layer4.1.sn2,700,165,0.4304514527320862,0.2983662119758408,0.0,0.9999000099990001,True
layer4.1.sn2,700,166,0.35633134841918945,0.24699006067540244,0.0,0.9999000099990001,True
layer4.1.sn2,700,167,0.3770098388195038,0.26132331708432893,0.0,0.9999000099990001,True
layer4.1.sn2,700,168,0.6152929067611694,0.42648852321929337,0.0,0.9999000099990001,True
layer4.1.sn2,700,169,0.19128108024597168,0.13258594324978262,0.0,0.9999000099990001,True
layer4.1.sn2,700,170,0.2339446097612381,0.16215804424360347,0.0,0.9999000099990001,True
layer4.1.sn2,700,171,0.13412868976593018,0.09297092692059533,0.0,0.9999000099990001,True
layer4.1.sn2,700,172,0.3418148159980774,0.23692798238659882,0.0,0.9999000099990001,True
layer4.1.sn2,700,173,0.11396358162164688,0.07899353632793552,1.6954768495746377e-288,0.9999000099990001,True
layer4.1.sn2,700,174,0.26269620656967163,0.18208713908362434,0.0,0.9999000099990001,True
layer4.1.sn2,700,175,0.35610872507095337,0.24683576881077637,0.0,0.9999000099990001,True
layer4.1.sn2,700,176,0.33191370964050293,0.23006505348712375,0.0,0.9999000099990001,True
layer4.1.sn2,700,177,0.28354692459106445,0.19653976103269127,0.0,0.9999000099990001,True
layer4.1.sn2,700,178,0.418988436460495,0.29042065122877986,0.0,0.9999000099990001,True
layer4.1.sn2,700,179,0.3624327778816223,0.2512192641828499,0.0,0.9999000099990001,True
layer4.1.sn2,700,180,0.16624315083026886,0.11523097626060488,0.0,0.9999000099990001,True
layer4.1.sn2,700,181,0.47545522451400757,0.32956044094242576,0.0,0.9999000099990001,True
layer4.1.sn2,700,182,0.13256588578224182,0.09188767470124574,0.0,0.9999000099990001,True
layer4.1.sn2,700,183,0.04358933866024017,0.030213826983516857,4.023761127240011e-103,0.9999000099990001,True
layer4.1.sn2,700,184,0.6355627179145813,0.44053851798921795,0.0,0.9999000099990001,True
layer4.1.sn2,700,185,0.05229198560118675,0.036246043151900026,6.997055638082112e-117,0.9999000099990001,True
layer4.1.sn2,700,186,0.2274068146944046,0.15762639411915613,0.0,0.9999000099990001,True
layer4.1.sn2,700,187,0.2872653603553772,0.19911717368468868,0.0,0.9999000099990001,True
layer4.1.sn2,700,188,0.35694780945777893,0.2474173686261934,0.0,0.9999000099990001,True
layer4.1.sn2,700,189,0.5016319751739502,0.34770477706072644,0.0,0.9999000099990001,True
layer4.1.sn2,700,190,0.13341982662677765,0.0924795745623832,0.0,0.9999000099990001,True
layer4.1.sn2,700,191,0.6806918978691101,0.4718196783413289,0.0,0.9999000099990001,True
layer4.1.sn2,700,192,0.2118208110332489,0.146823000927099,0.0,0.9999000099990001,True
layer4.1.sn2,700,193,0.38644811511039734,0.26786542739360575,0.0,0.9999000099990001,True
layer4.1.sn2,700,194,0.006554557476192713,0.004543273182076661,1.0089035047721686e-06,0.9999000099990001,True
layer4.1.sn2,700,195,0.3065265119075775,0.21246798773197062,0.0,0.9999000099990001,True
layer4.1.sn2,700,196,0.42207929491996765,0.29256306995486925,0.0,0.9999000099990001,True
layer4.1.sn2,700,197,0.3411969244480133,0.23649969458330403,0.0,0.9999000099990001,True
layer4.1.sn2,700,198,0.309802770614624,0.21473890717870447,0.0,0.9999000099990001,True
layer4.1.sn2,700,199,0.11251109093427658,0.07798674336897848,6.093385046479448e-275,0.9999000099990001,True
layer4.1.sn2,700,200,0.35172128677368164,0.24379461698508287,0.0,0.9999000099990001,True
layer4.1.sn2,700,201,0.1676650196313858,0.11621653547035946,0.0,0.9999000099990001,True
layer4.1.sn2,700,202,0.03442010283470154,0.02385819840015669,1.5114814674644802e-81,0.9999000099990001,True
layer4.1.sn2,700,203,0.29190167784690857,0.2023308340910649,0.0,0.9999000099990001,True
layer4.1.sn2,700,204,0.3349810838699341,0.2321911937071682,0.0,0.9999000099990001,True
layer4.1.sn2,700,205,0.19669264554977417,0.1363369513593307,0.0,0.9999000099990001,True
layer4.1.sn2,700,206,0.010729849338531494,0.007437364931387576,9.181445779181174e-23,0.9999000099990001,True
layer4.1.sn2,700,207,0.405260294675827,0.28090503244491877,0.0,0.9999000099990001,True
layer4.1.sn2,700,208,0.35483095049858093,0.24595007069198982,0.0,0.9999000099990001,True
layer4.1.sn2,700,209,0.40557533502578735,0.28112340729289437,0.0,0.9999000099990001,True
layer4.1.sn2,700,210,0.1769055277109146,0.1226215697569163,0.0,0.9999000099990001,True
layer4.1.sn2,700,211,0.06195997819304466,0.04294738509503748,6.533280894051795e-166,0.9999000099990001,True
layer4.1.sn2,700,212,0.022745609283447266,0.015766055293302748,2.3027149789240712e-45,0.9999000099990001,True
layer4.1.sn2,700,213,0.3902144134044647,0.27047602885834543,0.0,0.9999000099990001,True
layer4.1.sn2,700,214,0.4319750964641571,0.2994223199334959,0.0,0.9999000099990001,True
layer4.1.sn2,700,215,0.14058546721935272,0.09744642253657712,0.0,0.9999000099990001,True
layer4.1.sn2,700,216,0.7932714819908142,0.5498538707813766,0.0,0.9999000099990001,True
layer4.1.sn2,700,217,0.6044316291809082,0.4189600713766597,0.0,0.9999000099990001,True
layer4.1.sn2,700,218,0.1566426157951355,0.10857638549099488,0.0,0.9999000099990001,True
layer4.1.sn2,700,219,0.23204542696475983,0.16084163635151794,0.0,0.9999000099990001,True
layer4.1.sn2,700,220,0.18092630803585052,0.12540856434066858,0.0,0.9999000099990001,True
layer4.1.sn2,700,221,0.013878995552659035,0.00962018645148292,2.259697846738601e-32,0.9999000099990001,True
layer4.1.sn2,700,222,0.04800274595618248,0.033272968591573346,2.3684128470611737e-125,0.9999000099990001,True
layer4.1.sn2,700,223,0.6086788177490234,0.42190400878700585,0.0,0.9999000099990001,True
layer4.1.sn2,700,224,0.026105213910341263,0.018094755525468145,2.732161728181984e-56,0.9999000099990001,True
layer4.1.sn2,700,225,0.37677478790283203,0.2611603832710174,0.0,0.9999000099990001,True
layer4.1.sn2,700,226,0.7105345129966736,0.4925049791250188,0.0,0.9999000099990001,True
layer4.1.sn2,700,227,0.330708771944046,0.22922986084066493,0.0,0.9999000099990001,True
layer4.1.sn2,700,228,0.37760451436042786,0.26173551050919625,0.0,0.9999000099990001,True
layer4.1.sn2,700,229,0.4981725215911865,0.34530687742297095,0.0,0.9999000099990001,True
layer4.1.sn2,700,230,0.03964315727353096,0.027478543102190837,3.2704498725380548e-102,0.9999000099990001,True
layer4.1.sn2,700,231,0.6566680669784546,0.4551676071793912,0.0,0.9999000099990001,True
layer4.1.sn2,700,232,0.021118860691785812,0.014638479070999421,3.73377816737498e-58,0.9999000099990001,True
layer4.1.sn2,700,233,0.17748114466667175,0.12302055050409735,0.0,0.9999000099990001,True
layer4.1.sn2,700,234,0.011128423735499382,0.007713635397451223,3.009432142818451e-16,0.9999000099990001,True
layer4.1.sn2,700,235,0.08598051220178604,0.05959715026447482,3.2085010320948366e-196,0.9999000099990001,True
layer4.1.sn2,700,236,0.2677293121814728,0.18557580908243787,0.0,0.9999000099990001,True
layer4.1.sn2,700,237,0.10455392301082611,0.07247125558241434,1.5326613778885526e-247,0.9999000099990001,True
layer4.1.sn2,700,238,0.693489134311676,0.48069002493799273,0.0,0.9999000099990001,True
layer4.1.sn2,700,239,0.3551630675792694,0.2461802831403186,0.0,0.9999000099990001,True
layer4.1.sn2,700,240,,0.16026092182166585,,0.9900990099009901,False
layer4.1.sn2,700,241,0.24548448622226715,0.1701568808663438,0.0,0.9999000099990001,True
layer4.1.sn2,700,242,0.566260814666748,0.39250210056579765,0.0,0.9999000099990001,True
layer4.1.sn2,700,243,0.053492750972509384,0.03707834841004283,1.594642713498565e-128,0.9999000099990001,True
layer4.1.sn2,700,244,0.12592534720897675,0.08728480179239068,1.8604672976010238e-272,0.9999000099990001,True
layer4.1.sn2,700,245,0.3945091664791107,0.27345290735155886,0.0,0.9999000099990001,True
layer4.1.sn2,700,246,0.10205893218517303,0.07074186145620594,5.360740421573432e-243,0.9999000099990001,True
layer4.1.sn2,700,247,0.42201852798461914,0.292520942638004,0.0,0.9999000099990001,True
layer4.1.sn2,700,248,0.10408103466033936,0.07214347819571945,1.1317381300030247e-220,0.9999000099990001,True
layer4.1.sn2,700,249,0.35053500533103943,0.24297234130253453,0.0,0.9999000099990001,True
layer4.1.sn2,700,250,0.5384394526481628,0.37321780485383815,0.0,0.9999000099990001,True
layer4.1.sn2,700,251,0.1492256075143814,0.10343530837623627,0.0,0.9999000099990001,True
layer4.1.sn2,700,252,0.1364954560995102,0.09461144337022875,0.0,0.9999000099990001,True
layer4.1.sn2,700,253,0.2889160215854645,0.20026131665708463,0.0,0.9999000099990001,True
layer4.1.sn2,700,254,0.14175431430339813,0.09825660515100257,0.0,0.9999000099990001,True
layer4.1.sn2,700,255,0.36127328872680664,0.2504155551929245,0.0,0.9999000099990001,True
layer4.1.sn2,700,256,0.639708399772644,0.44341208969882445,0.0,0.9999000099990001,True
layer4.1.sn2,700,257,0.1785697191953659,0.12377509663958294,0.0,0.9999000099990001,True
layer4.1.sn2,700,258,0.025998713448643684,0.018020935277620564,3.191355147797956e-58,0.9999000099990001,True
layer4.1.sn2,700,259,0.27971532940864563,0.1938838948907293,0.0,0.9999000099990001,True
layer4.1.sn2,700,260,0.33351874351501465,0.23117757319652643,0.0,0.9999000099990001,True
layer4.1.sn2,700,261,0.3868677616119385,0.2681562970868975,0.0,0.9999000099990001,True
layer4.1.sn2,700,262,0.36589089035987854,0.2536162316100683,0.0,0.9999000099990001,True
layer4.1.sn2,700,263,0.3028022348880768,0.2098865082534998,0.0,0.9999000099990001,True
layer4.1.sn2,700,264,0.1823802888393402,0.12641638515218473,0.0,0.9999000099990001,True
layer4.1.sn2,700,265,0.6573531031608582,0.4556424534856087,0.0,0.9999000099990001,True
layer4.1.sn2,700,266,0.18868842720985413,0.1307888473355998,0.0,0.9999000099990001,True
layer4.1.sn2,700,267,0.1365649551153183,0.09465961511778424,8.580584402278213e-290,0.9999000099990001,True
layer4.1.sn2,700,268,0.11176098138093948,0.07746680787256566,3.4788255167428064e-285,0.9999000099990001,True
layer4.1.sn2,700,269,0.27576810121536255,0.19114787651671905,0.0,0.9999000099990001,True
layer4.1.sn2,700,270,0.11617852747440338,0.08052881641269527,7.570219297313182e-263,0.9999000099990001,True
layer4.1.sn2,700,271,0.5511813759803772,0.3820498170439226,0.0,0.9999000099990001,True
layer4.1.sn2,700,272,0.13838456571102142,0.09592086675660944,0.0,0.9999000099990001,True
layer4.1.sn2,700,273,0.3634369671344757,0.25191531228773856,0.0,0.9999000099990001,True
layer4.1.sn2,700,274,0.42940637469291687,0.29764180769787063,0.0,0.9999000099990001,True
layer4.1.sn2,700,275,0.605853796005249,0.4199458377723505,0.0,0.9999000099990001,True
layer4.1.sn2,700,276,0.3288077116012573,0.22791214669021073,0.0,0.9999000099990001,True
layer4.1.sn2,700,277,0.5647419095039368,0.39144924341246434,0.0,0.9999000099990001,True
layer4.1.sn2,700,278,0.2470836639404297,0.17126534607891533,0.0,0.9999000099990001,True
layer4.1.sn2,700,279,0.21934540569782257,0.15203865327593516,0.0,0.9999000099990001,True
layer4.1.sn2,700,280,0.5859181880950928,0.4061275570622158,0.0,0.9999000099990001,True
layer4.1.sn2,700,281,0.5062386989593506,0.350897920252868,0.0,0.9999000099990001,True
layer4.1.sn2,700,282,0.3260604441165924,0.2260078782683603,0.0,0.9999000099990001,True
layer4.1.sn2,700,283,0.268478125333786,0.1860948466105095,0.0,0.9999000099990001,True
layer4.1.sn2,700,284,0.4264528453350067,0.29559458521335746,0.0,0.9999000099990001,True
layer4.1.sn2,700,285,0.34727680683135986,0.2407139463497203,0.0,0.9999000099990001,True
layer4.1.sn2,700,286,0.04953444376587868,0.03433466031779254,7.551929305214253e-127,0.9999000099990001,True
layer4.1.sn2,700,287,0.592318058013916,0.4105636105615552,0.0,0.9999000099990001,True
layer4.1.sn2,700,288,0.537854790687561,0.37281251450986386,0.0,0.9999000099990001,True
layer4.1.sn2,700,289,0.3456701934337616,0.23960032683202392,0.0,0.9999000099990001,True
layer4.1.sn2,700,290,0.4220110774040222,0.2925157790729287,0.0,0.9999000099990001,True
layer4.1.sn2,700,291,0.4065909683704376,0.281827386160816,0.0,0.9999000099990001,True
layer4.1.sn2,700,292,0.5537469983100891,0.38382819093706344,0.0,0.9999000099990001,True
layer4.1.sn2,700,293,0.37920302152633667,0.2628435060939658,0.0,0.9999000099990001,True
layer4.1.sn2,700,294,0.4242529273033142,0.29406972784839513,0.0,0.9999000099990001,True
layer4.1.sn2,700,295,0.6066009998321533,0.420463754502612,0.0,0.9999000099990001,True
layer4.1.sn2,700,296,0.26720142364501953,0.18520991673457993,0.0,0.9999000099990001,True
layer4.1.sn2,700,297,0.3645336627960205,0.2526754872459489,0.0,0.9999000099990001,True
layer4.1.sn2,700,298,0.5251759886741638,0.3640242446140499,0.0,0.9999000099990001,True
layer4.1.sn2,700,299,0.5453625321388245,0.378016498758291,0.0,0.9999000099990001,True
layer4.1.sn2,700,300,0.20213843882083893,0.14011169110648572,0.0,0.9999000099990001,True
layer4.1.sn2,700,301,0.12570440769195557,0.08713165070815211,0.0,0.9999000099990001,True
layer4.1.sn2,700,302,0.23841197788715363,0.1652545945763338,0.0,0.9999000099990001,True
layer4.1.sn2,700,303,0.4332295060157776,0.30029181913702957,0.0,0.9999000099990001,True
layer4.1.sn2,700,304,0.14502088725566864,0.10052081853793754,0.0,0.9999000099990001,True
layer4.1.sn2,700,305,0.49699902534484863,0.34449347661725493,0.0,0.9999000099990001,True
layer4.1.sn2,700,306,0.424088716506958,0.29395590676801625,0.0,0.9999000099990001,True
layer4.1.sn2,700,307,0.11614489555358887,0.08050550788700019,2.6490534722791037e-275,0.9999000099990001,True
layer4.1.sn2,700,308,0.37683936953544617,0.2612051547280517,0.0,0.9999000099990001,True
layer4.1.sn2,700,309,0.2588629424571991,0.17943012343090622,0.0,0.9999000099990001,True
layer4.1.sn2,700,310,0.4072987735271454,0.2823180054604898,0.0,0.9999000099990001,True
layer4.1.sn2,700,311,0.08152811229228973,0.056510981779326584,1.3587704931211342e-198,0.9999000099990001,True
layer4.1.sn2,700,312,0.3022529184818268,0.20950575877780644,0.0,0.9999000099990001,True
layer4.1.sn2,700,313,0.24135839939117432,0.16729689721245222,0.0,0.9999000099990001,True
layer4.1.sn2,700,314,0.13239769637584686,0.09177109367543007,0.0,0.9999000099990001,True
layer4.1.sn2,700,315,0.2634347677230835,0.1825990617016835,0.0,0.9999000099990001,True
layer4.1.sn2,700,316,0.5531830787658691,0.383437305698787,0.0,0.9999000099990001,True
layer4.1.sn2,700,317,0.02898278459906578,0.02008933542735415,3.076295451056471e-53,0.9999000099990001,True
layer4.1.sn2,700,318,,0.23337652058260475,,0.9900990099009901,False
layer4.1.sn2,700,319,0.09983734786510468,0.06920197446860524,1.4717801358327262e-254,0.9999000099990001,True
layer4.1.sn2,700,320,0.22923602163791656,0.15889430151314532,0.0,0.9999000099990001,True
layer4.1.sn2,700,321,0.09907825291156769,0.06867581237720968,3.018837975439928e-219,0.9999000099990001,True
layer4.1.sn2,700,322,0.1996336281299591,0.13837548554236923,0.0,0.9999000099990001,True
layer4.1.sn2,700,323,0.11480599641799927,0.0795774547733676,6.299237183253192e-244,0.9999000099990001,True
layer4.1.sn2,700,324,0.10683411359786987,0.07405176706270014,2.8692939482035343e-235,0.9999000099990001,True
layer4.1.sn2,700,325,0.3669630289077759,0.2543593866839016,0.0,0.9999000099990001,True
layer4.1.sn2,700,326,0.2722489535808563,0.1887086043634274,0.0,0.9999000099990001,True
layer4.1.sn2,700,327,0.23900628089904785,0.16566653164047113,0.0,0.9999000099990001,True
layer4.1.sn2,700,328,0.10679751634597778,0.07402639597079656,2.751027678177778e-234,0.9999000099990001,True
layer4.1.sn2,700,329,0.02184281498193741,0.015140285022161722,1.8478531690862886e-54,0.9999000099990001,True
layer4.1.sn2,700,330,0.3708131015300751,0.2570280626193888,0.0,0.9999000099990001,True
layer4.1.sn2,700,331,0.06475824117660522,0.04488699077639409,1.771877617050521e-151,0.9999000099990001,True
layer4.1.sn2,700,332,0.2338462918996811,0.16208989309075444,0.0,0.9999000099990001,True
layer4.1.sn2,700,333,0.551024854183197,0.3819413306012487,0.0,0.9999000099990001,True
layer4.1.sn2,700,334,0.6326901316642761,0.4385474011311018,0.0,0.9999000099990001,True
layer4.1.sn2,700,335,0.36217692494392395,0.2510419205307838,0.0,0.9999000099990001,True
layer4.1.sn2,700,336,0.31667667627334595,0.21950354505984981,0.0,0.9999000099990001,True
layer4.1.sn2,700,337,0.3421836793422699,0.23718365373850686,0.0,0.9999000099990001,True
layer4.1.sn2,700,338,0.010402299463748932,0.0072103248391390705,2.5245001279156036e-26,0.9999000099990001,True
layer4.1.sn2,700,339,0.11514338850975037,0.07981131616231633,9.651669327831323e-277,0.9999000099990001,True
layer4.1.sn2,700,340,0.22573572397232056,0.15646808368230972,0.0,0.9999000099990001,True
layer4.1.sn2,700,341,0.08064872026443481,0.05590143547977556,1.2546544287356142e-181,0.9999000099990001,True
layer4.1.sn2,700,342,0.4374043345451355,0.30318558082054486,0.0,0.9999000099990001,True
layer4.1.sn2,700,343,0.637079119682312,0.4415895916633222,0.0,0.9999000099990001,True
layer4.1.sn2,700,344,0.44914597272872925,0.31132427016349223,0.0,0.9999000099990001,True
layer4.1.sn2,700,345,0.04469006508588791,0.030976791544803622,7.084354401244216e-110,0.9999000099990001,True
layer4.1.sn2,700,346,0.23561905324459076,0.16331868393216267,0.0,0.9999000099990001,True
layer4.1.sn2,700,347,0.20896442234516144,0.14484310428357822,0.0,0.9999000099990001,True
layer4.1.sn2,700,348,0.35918423533439636,0.24896753233218466,0.0,0.9999000099990001,True
layer4.1.sn2,700,349,0.4518786370754242,0.3132184104765842,0.0,0.9999000099990001,True
layer4.1.sn2,700,350,0.1589255928993225,0.11015882689717889,0.0,0.9999000099990001,True
layer4.1.sn2,700,351,0.37839457392692566,0.2622831257751979,0.0,0.9999000099990001,True
layer4.1.sn2,700,352,0.3551434278488159,0.24616665899617107,0.0,0.9999000099990001,True
layer4.1.sn2,700,353,0.2561001479625702,0.17751508828012955,0.0,0.9999000099990001,True
layer4.1.sn2,700,354,0.09446018189191818,0.06547480991158709,2.503330376141768e-248,0.9999000099990001,True
layer4.1.sn2,700,355,0.5608527660369873,0.3887535077809283,0.0,0.9999000099990001,True
layer4.1.sn2,700,356,0.3862811326980591,0.2677496731553921,0.0,0.9999000099990001,True
layer4.1.sn2,700,357,0.1308455765247345,0.0906952374637847,0.0,0.9999000099990001,True
layer4.1.sn2,700,358,0.4534831643104553,0.31433056767994927,0.0,0.9999000099990001,True
layer4.1.sn2,700,359,0.311471551656723,0.215895636114667,0.0,0.9999000099990001,True
layer4.1.sn2,700,360,0.6152057647705078,0.4264281500249123,0.0,0.9999000099990001,True
layer4.1.sn2,700,361,0.571584165096283,0.3961919456894698,0.0,0.9999000099990001,True
layer4.1.sn2,700,362,0.4356241226196289,0.30195163753176174,0.0,0.9999000099990001,True
layer4.1.sn2,700,363,0.4502914249897003,0.3121182291121779,0.0,0.9999000099990001,True
layer4.1.sn2,700,364,0.407603919506073,0.2825294998240442,0.0,0.9999000099990001,True
layer4.1.sn2,700,365,0.24191035330295563,0.1676794747709333,0.0,0.9999000099990001,True
layer4.1.sn2,700,366,0.12304431200027466,0.08528781707843476,3.648575287710709e-289,0.9999000099990001,True
layer4.1.sn2,700,367,0.1336471289396286,0.09263712563506724,0.0,0.9999000099990001,True
layer4.1.sn2,700,368,0.468490868806839,0.3247331201509992,0.0,0.9999000099990001,True
layer4.1.sn2,700,369,0.5449025630950928,0.3776976905668834,0.0,0.9999000099990001,True
layer4.1.sn2,700,370,0.5372313857078552,0.372380417260131,0.0,0.9999000099990001,True
layer4.1.sn2,700,371,0.07817370444536209,0.05418588493244567,1.5026564750547266e-208,0.9999000099990001,True
layer4.1.sn2,700,372,0.16091662645339966,0.11153890261903618,0.0,0.9999000099990001,True
layer4.1.sn2,700,373,0.3855164647102356,0.2672196443131982,0.0,0.9999000099990001,True
layer4.1.sn2,700,374,0.23888707160949707,0.16558390415426394,0.0,0.9999000099990001,True
layer4.1.sn2,700,375,0.11259383708238602,0.07804409823689717,9.639067724142736e-302,0.9999000099990001,True
layer4.1.sn2,700,376,0.43403398990631104,0.3008494401281224,0.0,0.9999000099990001,True
layer4.1.sn2,700,377,0.3772295415401459,0.2614755999762718,0.0,0.9999000099990001,True
layer4.1.sn2,700,378,0.1929122507572174,0.13371658430837308,0.0,0.9999000099990001,True
layer4.1.sn2,700,379,0.07119141519069672,0.049346127526377924,1.9100811079655763e-167,0.9999000099990001,True
layer4.1.sn2,700,380,0.5122259855270386,0.35504799744737303,0.0,0.9999000099990001,True
layer4.1.sn2,700,381,0.36012932658195496,0.24962262665192603,0.0,0.9999000099990001,True
layer4.1.sn2,700,382,0.11120909452438354,0.07708426842887055,5.189456648210257e-288,0.9999000099990001,True
layer4.1.sn2,700,383,0.19149266183376312,0.13273260205182905,0.0,0.9999000099990001,True
layer4.1.sn2,700,384,0.32481613755226135,0.22514538681928342,0.0,0.9999000099990001,True
layer4.1.sn2,700,385,0.2267172783613205,0.15714844531682343,0.0,0.9999000099990001,True
layer4.1.sn2,700,386,0.33431413769721985,0.23172890628447934,0.0,0.9999000099990001,True
layer4.1.sn2,700,387,0.3967140018939972,0.2749811845290035,0.0,0.9999000099990001,True
layer4.1.sn2,700,388,0.6425718069076538,0.44539684816163927,0.0,0.9999000099990001,True
layer4.1.sn2,700,389,0.3822000026702881,0.26492086411433896,0.0,0.9999000099990001,True
layer4.1.sn2,700,390,0.27096810936927795,0.1878207819221512,0.0,0.9999000099990001,True
layer4.1.sn2,700,391,0.1103629320859909,0.0764977558911769,4.39928936995172e-272,0.9999000099990001,True
layer4.1.sn2,700,392,0.5579515099525452,0.3867424968438443,0.0,0.9999000099990001,True
layer4.1.sn2,700,393,0.3690367639064789,0.2557968020738969,0.0,0.9999000099990001,True
layer4.1.sn2,700,394,0.3031419813632965,0.21012201097333333,0.0,0.9999000099990001,True
layer4.1.sn2,700,395,0.27551454305648804,0.1909721193619886,0.0,0.9999000099990001,True
layer4.1.sn2,700,396,0.036770086735486984,0.025487083205946125,7.918220049308198e-98,0.9999000099990001,True
layer4.1.sn2,700,397,0.19931253790855408,0.1381529227761263,0.0,0.9999000099990001,True
layer4.1.sn2,700,398,0.3147294819355011,0.21815385425059325,0.0,0.9999000099990001,True
layer4.1.sn2,700,399,0.19448743760585785,0.13480841927874448,0.0,0.9999000099990001,True
layer4.1.sn2,700,400,,0.25558036328583833,,0.9900990099009901,False
layer4.1.sn2,700,401,0.45620089769363403,0.31621437207015585,0.0,0.9999000099990001,True
layer4.1.sn2,700,402,0.49402332305908203,0.34243087130594446,0.0,0.9999000099990001,True
layer4.1.sn2,700,403,0.2764275074005127,0.19160495654821671,0.0,0.9999000099990001,True
layer4.1.sn2,700,404,0.13137811422348022,0.09106437401990451,9.692453312090282e-276,0.9999000099990001,True
layer4.1.sn2,700,405,0.5636140704154968,0.39066752307340835,0.0,0.9999000099990001,True
layer4.1.sn2,700,406,0.3761579096317291,0.26073280408617155,0.0,0.9999000099990001,True
layer4.1.sn2,700,407,0.7198028564453125,0.4989293098167301,0.0,0.9999000099990001,True
layer4.1.sn2,700,408,0.3685814142227173,0.2554811764201067,0.0,0.9999000099990001,True
layer4.1.sn2,700,409,0.5576028227806091,0.38650082909182754,0.0,0.9999000099990001,True
layer4.1.sn2,700,410,0.48790666460990906,0.3381911377458663,0.0,0.9999000099990001,True
layer4.1.sn2,700,411,0.8119781613349915,0.5628203558187352,0.0,0.9999000099990001,True
layer4.1.sn2,700,412,0.2248154878616333,0.15583021704392896,0.0,0.9999000099990001,True
layer4.1.sn2,700,413,0.46892818808555603,0.3250362464011807,0.0,0.9999000099990001,True
layer4.1.sn2,700,414,0.05179896205663681,0.035904303730092374,5.356133194553549e-116,0.9999000099990001,True
layer4.1.sn2,700,415,0.30818480253219604,0.21361742418910246,0.0,0.9999000099990001,True
layer4.1.sn2,700,416,0.8104354739189148,0.5617510704691772,0.0,0.9999000099990001,True
layer4.1.sn2,700,417,0.14843785762786865,0.10288928582995982,0.0,0.9999000099990001,True
layer4.1.sn2,700,418,0.14892283082008362,0.10322544254163832,0.0,0.9999000099990001,True
layer4.1.sn2,700,419,0.4487990438938141,0.31108380088827925,0.0,0.9999000099990001,True
layer4.1.sn2,700,420,0.3716910481452942,0.25763659585270127,0.0,0.9999000099990001,True
layer4.1.sn2,700,421,0.28800272941589355,0.1996282794199787,0.0,0.9999000099990001,True
layer4.1.sn2,700,422,0.3988548517227173,0.2764651070249097,0.0,0.9999000099990001,True
layer4.1.sn2,700,423,0.07036403566598892,0.048772633457113856,2.59676830551332e-144,0.9999000099990001,True
layer4.1.sn2,700,424,0.3784385919570923,0.26231363434432686,0.0,0.9999000099990001,True
layer4.1.sn2,700,425,0.13001400232315063,0.09011883991011288,0.0,0.9999000099990001,True
layer4.1.sn2,700,426,0.5556374788284302,0.3851385697418473,0.0,0.9999000099990001,True
layer4.1.sn2,700,427,0.03673989325761795,0.02546615403047772,5.946540626635148e-85,0.9999000099990001,True
layer4.1.sn2,700,428,0.46566587686538696,0.32277498341284966,0.0,0.9999000099990001,True
layer4.1.sn2,700,429,0.08329876512289047,0.05773830224787224,1.0711688489150734e-232,0.9999000099990001,True
layer4.1.sn2,700,430,0.7412362694740295,0.5137858251044171,0.0,0.9999000099990001,True
layer4.1.sn2,700,431,0.19989243149757385,0.13855487097741995,0.0,0.9999000099990001,True
layer4.1.sn2,700,432,0.3329043686389923,0.23075173326426104,0.0,0.9999000099990001,True
layer4.1.sn2,700,433,0.3376849889755249,0.2340653969256798,0.0,0.9999000099990001,True
layer4.1.sn2,700,434,0.36359453201293945,0.25202453009682957,0.0,0.9999000099990001,True
layer4.1.sn2,700,435,0.2834705412387848,0.1964868018217,0.0,0.9999000099990001,True
layer4.1.sn2,700,436,0.1364745944738388,0.0945969853745838,3.976116151136989e-285,0.9999000099990001,True
layer4.1.sn2,700,437,0.07067088782787323,0.04898532751789651,1.6934655228936984e-165,0.9999000099990001,True
layer4.1.sn2,700,438,0.1639295071363449,0.11362727780036219,0.0,0.9999000099990001,True
layer4.1.sn2,700,439,0.049318842589855194,0.034185217710300246,2.1568721669198826e-111,0.9999000099990001,True
layer4.1.sn2,700,440,0.15592721104621887,0.10808050970457522,0.0,0.9999000099990001,True
layer4.1.sn2,700,441,0.3852502703666687,0.26703513062853257,0.0,0.9999000099990001,True
layer4.1.sn2,700,442,0.39421725273132324,0.2732505860020929,0.0,0.9999000099990001,True
layer4.1.sn2,700,443,0.31898388266563416,0.22110276947683666,0.0,0.9999000099990001,True
layer4.1.sn2,700,444,0.007190005853772163,0.004983732282425522,9.817345147961814e-14,0.9999000099990001,True
layer4.1.sn2,700,445,,0.01853340716193426,,0.9900990099009901,False
layer4.1.sn2,700,446,0.4845987856388092,0.33589827740483635,0.0,0.9999000099990001,True
layer4.1.sn2,700,447,0.4929434359073639,0.34168235638428274,0.0,0.9999000099990001,True
layer4.1.sn2,700,448,0.45215240120887756,0.31340815175819003,0.0,0.9999000099990001,True
layer4.1.sn2,700,449,0.6058841347694397,0.4199668839901622,0.0,0.9999000099990001,True
layer4.1.sn2,700,450,0.13395749032497406,0.0928522603337462,1.8864448266453363e-295,0.9999000099990001,True
layer4.1.sn2,700,451,0.3489753007888794,0.24189124915790597,0.0,0.9999000099990001,True
layer4.1.sn2,700,452,0.37536993622779846,0.26018660574845476,0.0,0.9999000099990001,True
layer4.1.sn2,700,453,0.4103085398674011,0.28440420353996404,0.0,0.9999000099990001,True
layer4.1.sn2,700,454,0.17020927369594574,0.11798007665556141,0.0,0.9999000099990001,True
layer4.1.sn2,700,455,0.245234876871109,0.16998385997304008,0.0,0.9999000099990001,True
layer4.1.sn2,700,456,0.37445205450057983,0.2595503955056598,0.0,0.9999000099990001,True
layer4.1.sn2,700,457,0.22966943681240082,0.15919472446715116,0.0,0.9999000099990001,True
layer4.1.sn2,700,458,0.4326384365558624,0.29988210676234395,0.0,0.9999000099990001,True
layer4.1.sn2,700,459,0.33583319187164307,0.2327818270368458,0.0,0.9999000099990001,True
layer4.1.sn2,700,460,0.7236745357513428,0.5016129501870755,0.0,0.9999000099990001,True
layer4.1.sn2,700,461,0.5509499907493591,0.38188942698420547,0.0,0.9999000099990001,True
layer4.1.sn2,700,462,0.3357871472835541,0.23274990727499578,0.0,0.9999000099990001,True
layer4.1.sn2,700,463,0.07082773000001907,0.049094041945498164,3.9252453324243286e-148,0.9999000099990001,True
layer4.1.sn2,700,464,0.3693908154964447,0.25604220694377,0.0,0.9999000099990001,True
layer4.1.sn2,700,465,0.11385979503393173,0.07892159838634037,4.605407587183405e-263,0.9999000099990001,True
layer4.1.sn2,700,466,0.23623749613761902,0.1637473575816887,0.0,0.9999000099990001,True
layer4.1.sn2,700,467,0.09100468456745148,0.06307964139002395,1.2133415029714657e-225,0.9999000099990001,True
layer4.1.sn2,700,468,0.39658743143081665,0.27489345759816286,0.0,0.9999000099990001,True
layer4.1.sn2,700,469,0.11934013664722443,0.08272028106091524,5.962119175076804e-278,0.9999000099990001,True
layer4.1.sn2,700,470,0.06733664870262146,0.046674207236149935,7.746359963206511e-166,0.9999000099990001,True
layer4.1.sn2,700,471,0.02938234806060791,0.020366291185445397,4.431369855856205e-65,0.9999000099990001,True
layer4.1.sn2,700,472,0.326498419046402,0.22631145198691,0.0,0.9999000099990001,True
layer4.1.sn2,700,473,0.17515648901462555,0.1214092224855908,0.0,0.9999000099990001,True
layer4.1.sn2,700,474,0.22957779467105865,0.1591312050816907,0.0,0.9999000099990001,True
layer4.1.sn2,700,475,0.012287527322769165,0.008517064801470565,2.045181581780093e-21,0.9999000099990001,True
layer4.1.sn2,700,476,0.36827054619789124,0.2552656885964678,0.0,0.9999000099990001,True
layer4.1.sn2,700,477,0.12264332175254822,0.08500987113327231,1.4505569127266314e-272,0.9999000099990001,True
layer4.1.sn2,700,478,0.7976629734039307,0.5528978476536457,0.0,0.9999000099990001,True
layer4.1.sn2,700,479,0.05268886312842369,0.036521136643488446,2.813013460944751e-113,0.9999000099990001,True
layer4.1.sn2,700,480,0.7742494940757751,0.5366688664752685,0.0,0.9999000099990001,True
layer4.1.sn2,700,481,0.4058562219142914,0.2813181002449781,0.0,0.9999000099990001,True
layer4.1.sn2,700,482,0.40986549854278564,0.28409711506464175,0.0,0.9999000099990001,True
layer4.1.sn2,700,483,0.5570313334465027,0.3861046826409267,0.0,0.9999000099990001,True
layer4.1.sn2,700,484,0.042344193905591965,0.02935075890436081,1.867693868003922e-92,0.9999000099990001,True
layer4.1.sn2,700,485,0.5791177749633789,0.4014138657731772,0.0,0.9999000099990001,True
layer4.1.sn2,700,486,0.46916523575782776,0.32520055047869945,0.0,0.9999000099990001,True
layer4.1.sn2,700,487,0.0922565907239914,0.06394739389539172,3.6115183531619964e-217,0.9999000099990001,True
layer4.1.sn2,700,488,0.4999181032180786,0.3465168173655715,0.0,0.9999000099990001,True
layer4.1.sn2,700,489,0.4727347195148468,0.32767473803994385,0.0,0.9999000099990001,True
layer4.1.sn2,700,490,0.2693063020706177,0.18666890061733635,0.0,0.9999000099990001,True
layer4.1.sn2,700,491,0.05550247058272362,0.03847138182975069,1.9137094843128767e-129,0.9999000099990001,True
layer4.1.sn2,700,492,0.5861765742301941,0.40630662651414473,0.0,0.9999000099990001,True
layer4.1.sn2,700,493,0.06640127301216125,0.0460258528686034,9.175502776856861e-178,0.9999000099990001,True
layer4.1.sn2,700,494,0.5372154116630554,0.37236934733016397,0.0,0.9999000099990001,True
layer4.1.sn2,700,495,0.14199534058570862,0.09842367024739981,0.0,0.9999000099990001,True
layer4.1.sn2,700,496,0.17783358693122864,0.1232648527402733,0.0,0.9999000099990001,True
layer4.1.sn2,700,497,0.24755693972110748,0.1715933925298052,0.0,0.9999000099990001,True
layer4.1.sn2,700,498,0.23014986515045166,0.1595277265009544,0.0,0.9999000099990001,True
layer4.1.sn2,700,499,0.3692692816257477,0.2559579652392675,0.0,0.9999000099990001,True
layer4.1.sn2,700,500,0.056232258677482605,0.038977230948092655,6.351951165334254e-126,0.9999000099990001,True
layer4.1.sn2,700,501,0.46439269185066223,0.32189248487366207,0.0,0.9999000099990001,True
layer4.1.sn2,700,502,0.022577153518795967,0.01564928977269239,4.638310441584376e-45,0.9999000099990001,True
layer4.1.sn2,700,503,0.36494141817092896,0.25295811514418354,0.0,0.9999000099990001,True
layer4.1.sn2,700,504,0.06137764826416969,0.042543745106784964,1.705471564864321e-152,0.9999000099990001,True
layer4.1.sn2,700,505,0.23921896517276764,0.16581395291362055,0.0,0.9999000099990001,True
layer4.1.sn2,700,506,0.2548544406890869,0.17665164146450232,0.0,0.9999000099990001,True
layer4.1.sn2,700,507,0.0169940534979105,0.011779379759810166,2.979517388390273e-36,0.9999000099990001,True
layer4.1.sn2,700,508,0.45105889439582825,0.3126502028770758,0.0,0.9999000099990001,True
layer4.1.sn2,700,509,0.0665830597281456,0.04615186264123096,1.9026027537522045e-137,0.9999000099990001,True
layer4.1.sn2,700,510,0.4352579414844513,0.30169780636699467,0.0,0.9999000099990001,True
layer4.1.sn2,700,511,0.4512304663658142,0.3127691305429512,0.0,0.9999000099990001,True
sn1,900,0,0.06442077457904816,0.052359103033307236,5.157128119655103e-80,0.9999000099990001,True
sn1,900,1,,0.0,,0.009900990099009901,False
sn1,900,2,0.2641820013523102,0.2052631502832179,1.902860255942171e-254,0.9999000099990001,True
sn1,900,3,0.036835283041000366,0.022227634550805803,2.5422780836324693e-96,0.9999000099990001,True
sn1,900,4,0.11370182037353516,0.0907505111515545,3.346835779431024e-129,0.9999000099990001,True
sn1,900,5,0.0553363673388958,0.02893944750472986,3.7337861730844614e-151,0.9999000099990001,True
sn1,900,6,0.051947057247161865,0.061292773405692794,1.4511601299980517e-68,0.9999000099990001,True
sn1,900,7,0.23261001706123352,0.17842731785735452,6.052448069244637e-221,0.9999000099990001,True
sn1,900,8,0.043808870017528534,0.04101484232021879,5.959155485110177e-56,0.9999000099990001,True
sn1,900,9,,0.0,,0.009900990099009901,False
sn1,900,10,0.06473405659198761,0.05665648515274051,4.755997328839445e-85,0.9999000099990001,True
sn1,900,11,0.15430587530136108,0.11191912190549431,1.2688979067568596e-174,0.9999000099990001,True
sn1,900,12,0.11409265547990799,0.085356176028614,9.086866108009963e-135,0.9999000099990001,True
sn1,900,13,0.08315635472536087,0.08252275891844418,3.2594820452296085e-105,0.9999000099990001,True
sn1,900,14,0.05013503134250641,0.02365007573083077,8.870813156581711e-92,0.9999000099990001,True
sn1,900,15,0.08718787878751755,0.0794187516475895,4.752639604804706e-107,0.9999000099990001,True
sn1,900,16,0.07831267267465591,0.06496561166302331,1.854912822473276e-99,0.9999000099990001,True
sn1,900,17,0.20041368901729584,0.1470671274760307,1.3907214951412689e-213,0.9999000099990001,True
sn1,900,18,,0.0,,0.009900990099009901,False
sn1,900,19,0.18306127190589905,0.13335472555835867,1.1924764263288265e-199,0.9999000099990001,True
sn1,900,20,,0.0011048127483814314,,0.9504950495049505,False
sn1,900,21,0.0526193231344223,0.04220665516053941,1.5109877381258482e-69,0.9999000099990001,True
sn1,900,22,,0.003138442309394158,,0.7920792079207921,False
sn1,900,23,,0.001887087640172761,,0.9504950495049505,False
sn1,900,24,0.1520318239927292,0.10497478978895239,1.3616516373172328e-170,0.9999000099990001,True
sn1,900,25,0.08630003035068512,0.07049999892769492,2.4239958422622526e-106,0.9999000099990001,True
sn1,900,26,0.033629097044467926,0.03778652680751056,6.609625551713793e-46,0.9999000099990001,True
sn1,900,27,0.004710239823907614,0.0014106080841684732,2.0212649888171263e-12,0.9999000099990001,True
sn1,900,28,0.14101584255695343,0.08589227505038508,6.9869114485520015e-161,0.9999000099990001,True
sn1,900,29,0.21840038895606995,0.15949664765023028,1.0560508458094918e-222,0.9999000099990001,True
sn1,900,30,0.08350595831871033,0.05447062694540558,1.4337587010225224e-104,0.9999000099990001,True
sn1,900,31,0.10626737028360367,0.09700231777928187,1.5163211340071704e-128,0.9999000099990001,True
sn1,900,32,0.2685098350048065,0.18745902448296825,6.903715300107228e-252,0.9999000099990001,True
sn1,900,33,0.1828458309173584,0.13248789666976268,2.961001004873168e-191,0.9999000099990001,True
sn1,900,34,,0.0,,0.49504950495049505,False
sn1,900,35,0.011015493422746658,0.003924920629234095,9.917028291558418e-26,0.9999000099990001,True
sn1,900,36,0.2859969735145569,0.2286379188674919,6.216268726280493e-266,0.9999000099990001,True
sn1,900,37,0.21205605566501617,0.15040293808407146,2.3255373336816178e-219,0.9999000099990001,True
sn1,900,38,0.2478872537612915,0.17766304657965887,2.4129736384274248e-235,0.9999000099990001,True
sn1,900,39,0.1507476419210434,0.07620942202920251,3.430568409563222e-170,0.9999000099990001,True
sn1,900,40,,0.0,,0.009900990099009901,False
sn1,900,41,0.17615622282028198,0.153421804106098,2.9524297788131592e-192,0.9999000099990001,True
sn1,900,42,0.09252931922674179,0.019493717207000435,4.0851390278845025e-113,0.9999000099990001,True
sn1,900,43,0.1382441520690918,0.10521878486800042,1.2207974430556227e-161,0.9999000099990001,True
sn1,900,44,0.250305712223053,0.1879059015594494,6.286341902642045e-245,0.9999000099990001,True
sn1,900,45,0.19417975842952728,0.1411124886728643,1.3155871144491746e-200,0.9999000099990001,True
sn1,900,46,0.1784696877002716,0.14744670532272175,9.027085457734847e-188,0.9999000099990001,True
sn1,900,47,0.1475093513727188,0.08416163317564572,1.1089863296591548e-165,0.9999000099990001,True
sn1,900,48,0.03926727548241615,0.022724144932777083,4.621385931397631e-59,0.9999000099990001,True
sn1,900,49,0.15645232796669006,0.1134074420182793,2.0015238595101266e-166,0.9999000099990001,True
sn1,900,50,0.1704515963792801,0.12602364646946843,9.302455644999744e-183,0.9999000099990001,True
sn1,900,51,0.03396023064851761,0.035535413256374083,2.5885223823549683e-45,0.9999000099990001,True
sn1,900,52,0.013901771046221256,0.004551738334782614,2.3658141329311064e-36,0.9999000099990001,True
sn1,900,53,0.03419700264930725,0.023039023019098707,1.0099700231407383e-29,0.9999000099990001,True
sn1,900,54,0.09390868991613388,0.0675526889780558,2.3618232247548533e-117,0.9999000099990001,True
sn1,900,55,0.19355982542037964,0.13979324573936353,3.749483011744483e-203,0.9999000099990001,True
sn1,900,56,0.028933530673384666,0.024653105619518587,4.872007649514087e-39,0.9999000099990001,True
sn1,900,57,0.17369768023490906,0.12427663077708652,3.8219318896380344e-188,0.9999000099990001,True
sn1,900,58,0.13915778696537018,0.10360149612060478,1.2369126941748364e-152,0.9999000099990001,True
sn1,900,59,0.09762951731681824,0.07408323396373961,1.0741423098784206e-118,0.9999000099990001,True
sn1,900,60,0.268685519695282,0.1880860536869422,7.9222188416153335e-258,0.9999000099990001,True
sn1,900,61,0.1502968817949295,0.1111852638013206,2.2044624668785458e-166,0.9999000099990001,True
sn1,900,62,0.15830136835575104,0.11915071864178892,2.8490676466873893e-179,0.9999000099990001,True
sn1,900,63,0.13135407865047455,0.09683182013491795,9.205741912432636e-155,0.9999000099990001,True
layer1.1.sn2,900,0,0.07817009091377258,0.06231006433647128,2.2440423824895142e-98,0.9999000099990001,True
layer1.1.sn2,900,1,0.3529120683670044,0.2607987841069767,1.657880943722e-311,0.9999000099990001,True
layer1.1.sn2,900,2,0.3185305893421173,0.24051143994972973,3.0179069467124094e-296,0.9999000099990001,True
layer1.1.sn2,900,3,0.13778823614120483,0.1045286860321082,1.2932413494112642e-152,0.9999000099990001,True
layer1.1.sn2,900,4,0.0732005387544632,0.06204056844583626,2.2474700746506141e-91,0.9999000099990001,True
layer1.1.sn2,900,5,0.241033136844635,0.18196319347451023,5.210501723859757e-240,0.9999000099990001,True
layer1.1.sn2,900,6,0.10815869271755219,0.08813060660452923,2.592471677950767e-128,0.9999000099990001,True
layer1.1.sn2,900,7,0.3342668116092682,0.2419889159205658,7.1702794908417625e-295,0.9999000099990001,True
layer1.1.sn2,900,8,0.15272319316864014,0.11610544433604586,2.740636107495363e-176,0.9999000099990001,True
layer1.1.sn2,900,9,0.17175081372261047,0.12919960170685418,1.2561849586665186e-184,0.9999000099990001,True
layer1.1.sn2,900,10,0.13870111107826233,0.10797576148566791,1.0075224156738674e-152,0.9999000099990001,True
layer1.1.sn2,900,11,0.2448141872882843,0.18221184900578058,5.212412340819142e-241,0.9999000099990001,True
layer1.1.sn2,900,12,0.13666200637817383,0.11033907271697865,7.63123071822798e-155,0.9999000099990001,True
layer1.1.sn2,900,13,0.1637340933084488,0.13008433417882798,1.461787011681608e-182,0.9999000099990001,True
layer1.1.sn2,900,14,0.4126315712928772,0.2953825449267864,0.0,0.9999000099990001,True
layer1.1.sn2,900,15,0.2610982060432434,0.20059125960911245,1.8344391933746906e-258,0.9999000099990001,True
layer1.1.sn2,900,16,0.18043489754199982,0.14050395679614203,6.781077081703522e-189,0.9999000099990001,True
layer1.1.sn2,900,17,0.2368762344121933,0.17060111255053462,4.2522438293055955e-234,0.9999000099990001,True
layer1.1.sn2,900,18,0.21973587572574615,0.16091623790437,2.130028039673746e-223,0.9999000099990001,True
layer1.1.sn2,900,19,0.24497349560260773,0.18270716149353625,7.971079744928261e-237,0.9999000099990001,True
layer1.1.sn2,900,20,0.19694796204566956,0.1507348822758086,8.513098439602424e-206,0.9999000099990001,True
layer1.1.sn2,900,21,0.08228007704019547,0.07034472475219916,4.840196080377095e-103,0.9999000099990001,True
layer1.1.sn2,900,22,0.299401193857193,0.21688824208116803,2.335586206264609e-279,0.9999000099990001,True
layer1.1.sn2,900,23,0.13893629610538483,0.11212428522284541,1.3785320327016685e-162,0.9999000099990001,True
layer1.1.sn2,900,24,0.21965040266513824,0.16101865577064506,3.98956645832727e-218,0.9999000099990001,True
layer1.1.sn2,900,25,0.2412235289812088,0.18515067101554292,3.1258173735916682e-233,0.9999000099990001,True
layer1.1.sn2,900,26,0.20710957050323486,0.15455468520583668,3.1239362150957076e-211,0.9999000099990001,True
layer1.1.sn2,900,27,0.16415655612945557,0.12449993927708958,8.193725930336056e-181,0.9999000099990001,True
layer1.1.sn2,900,28,0.1545891910791397,0.1186424711389493,2.986983188867126e-172,0.9999000099990001,True
layer1.1.sn2,900,29,0.28936681151390076,0.20281661403099943,1.7887489680032356e-266,0.9999000099990001,True
layer1.1.sn2,900,30,0.11969216167926788,0.09544240201689003,1.7375963174485293e-139,0.9999000099990001,True
layer1.1.sn2,900,31,0.09304467588663101,0.07373266146806914,3.8557444394065616e-114,0.9999000099990001,True
layer1.1.sn2,900,32,0.2222875952720642,0.16807725169188936,1.9398181231070832e-217,0.9999000099990001,True
layer1.1.sn2,900,33,0.22105297446250916,0.17009918315655279,8.192526914355862e-228,0.9999000099990001,True
layer1.1.sn2,900,34,0.10845594853162766,0.0897295783245935,1.290933548480753e-129,0.9999000099990001,True
layer1.1.sn2,900,35,0.10707979649305344,0.08283312057734521,1.0990843924203255e-133,0.9999000099990001,True
layer1.1.sn2,900,36,0.21964113414287567,0.17302639310184212,4.0788630214666527e-224,0.9999000099990001,True
layer1.1.sn2,900,37,0.2721140682697296,0.19980351661836013,5.507748950578375e-262,0.9999000099990001,True
layer1.1.sn2,900,38,0.3033752739429474,0.2233054623883114,1.9804045137759457e-288,0.9999000099990001,True
layer1.1.sn2,900,39,0.1809569150209427,0.14524575116089036,5.652035137063024e-191,0.9999000099990001,True
layer1.1.sn2,900,40,0.0624280609190464,0.05344916956824357,4.940684058931534e-77,0.9999000099990001,True
layer1.1.sn2,900,41,0.18530046939849854,0.13561237639956564,2.683194099857135e-198,0.9999000099990001,True
layer1.1.sn2,900,42,0.20677708089351654,0.15740816983268446,2.8482656657503284e-218,0.9999000099990001,True
layer1.1.sn2,900,43,0.12515267729759216,0.09967627114251577,1.977213603695929e-146,0.9999000099990001,True
layer1.1.sn2,900,44,0.12082567065954208,0.10394621137385672,1.2428523226171103e-138,0.9999000099990001,True
layer1.1.sn2,900,45,0.14915673434734344,0.11702441795192074,1.7042673017118652e-165,0.9999000099990001,True
layer1.1.sn2,900,46,0.0826551765203476,0.0713142072771541,3.955724539086107e-102,0.9999000099990001,True
layer1.1.sn2,900,47,0.03239376097917557,0.02758193155673145,1.5703638796831048e-42,0.9999000099990001,True
layer1.1.sn2,900,48,0.2984751760959625,0.22357472681138119,3.2653564195227527e-274,0.9999000099990001,True
layer1.1.sn2,900,49,0.1304716020822525,0.09702635602033813,3.345569185129456e-147,0.9999000099990001,True
layer1.1.sn2,900,50,0.17401494085788727,0.13549989554632258,3.994007170495752e-195,0.9999000099990001,True
layer1.1.sn2,900,51,0.1020277887582779,0.08319046149661513,1.6600280578863386e-120,0.9999000099990001,True
layer1.1.sn2,900,52,0.17772276699543,0.13469399281258115,1.244106370511001e-186,0.9999000099990001,True
layer1.1.sn2,900,53,0.2899376451969147,0.2108355683880499,7.820421108032057e-269,0.9999000099990001,True
layer1.1.sn2,900,54,0.17933323979377747,0.13656331745210645,2.5798189070518025e-198,0.9999000099990001,True
layer1.1.sn2,900,55,0.18153131008148193,0.12997051830920447,7.413755448519833e-191,0.9999000099990001,True
layer1.1.sn2,900,56,0.2814604341983795,0.2089486193560688,2.805938730962951e-265,0.9999000099990001,True
layer1.1.sn2,900,57,0.15072287619113922,0.1209338947605228,5.843088588143408e-171,0.9999000099990001,True
layer1.1.sn2,900,58,0.1392606645822525,0.10762830800538987,2.3725492541512262e-161,0.9999000099990001,True
layer1.1.sn2,900,59,0.2033388465642929,0.15552704882906326,5.599730705849111e-212,0.9999000099990001,True
layer1.1.sn2,900,60,0.22166875004768372,0.16568563110215512,2.908171271128614e-225,0.9999000099990001,True
layer1.1.sn2,900,61,0.2219875007867813,0.17161661465949551,3.095533238707898e-221,0.9999000099990001,True
layer1.1.sn2,900,62,0.35269346833229065,0.2612481724737787,5.420262774185371e-299,0.9999000099990001,True
layer1.1.sn2,900,63,0.13695165514945984,0.10268065995262504,3.499817328097991e-156,0.9999000099990001,True
layer2.1.sn2,900,0,0.278442919254303,0.20230281612068934,3.143325536059319e-257,0.9999000099990001,True
layer2.1.sn2,900,1,0.5476452708244324,0.39728803022837156,0.0,0.9999000099990001,True
layer2.1.sn2,900,2,0.5088481903076172,0.3744633214873814,0.0,0.9999000099990001,True
layer2.1.sn2,900,3,0.2649703025817871,0.19277711308184525,1.9286393291111908e-251,0.9999000099990001,True
layer2.1.sn2,900,4,0.32997676730155945,0.23736749711969807,1.0547524629806616e-292,0.9999000099990001,True
layer2.1.sn2,900,5,0.11172251403331757,0.08878960502551553,2.7415636604129542e-130,0.9999000099990001,True
layer2.1.sn2,900,6,0.3919425308704376,0.2848801144959095,0.0,0.9999000099990001,True
layer2.1.sn2,900,7,0.3271089196205139,0.24459464032447917,1.168704474676498e-290,0.9999000099990001,True
layer2.1.sn2,900,8,0.6452499032020569,0.47639120935391366,0.0,0.9999000099990001,True
layer2.1.sn2,900,9,0.16202327609062195,0.12732903508192953,3.2624126364817584e-177,0.9999000099990001,True
layer2.1.sn2,900,10,0.22457878291606903,0.16723790559230337,2.1861329673631153e-225,0.9999000099990001,True
layer2.1.sn2,900,11,0.2247408777475357,0.1732315514187544,2.985842623033793e-227,0.9999000099990001,True
layer2.1.sn2,900,12,0.18758821487426758,0.14495928809648356,1.6868983046382583e-199,0.9999000099990001,True
layer2.1.sn2,900,13,0.16600118577480316,0.12734057657942163,7.174747350883314e-180,0.9999000099990001,True
layer2.1.sn2,900,14,0.1423233598470688,0.11407753105412674,9.940025582379767e-159,0.9999000099990001,True
layer2.1.sn2,900,15,0.2973816394805908,0.21664875547246992,6.212593850815848e-275,0.9999000099990001,True
layer2.1.sn2,900,16,0.2655051648616791,0.20802003878663325,1.6849393203742327e-256,0.9999000099990001,True
layer2.1.sn2,900,17,0.33677342534065247,0.2406878613218827,2.788781368966537e-300,0.9999000099990001,True
layer2.1.sn2,900,18,0.22867664694786072,0.15114126208336712,1.5300097097788199e-229,0.9999000099990001,True
layer2.1.sn2,900,19,0.3422369658946991,0.24945130721014738,2.8479691759131728e-297,0.9999000099990001,True
layer2.1.sn2,900,20,0.25586238503456116,0.19525917387375152,5.401996575926826e-246,0.9999000099990001,True
layer2.1.sn2,900,21,0.13371364772319794,0.10607055416991791,7.342752581421771e-159,0.9999000099990001,True
layer2.1.sn2,900,22,0.18073472380638123,0.13992970271869004,3.8249585627348695e-192,0.9999000099990001,True
layer2.1.sn2,900,23,0.23037394881248474,0.17426349496536087,4.63569348909813e-234,0.9999000099990001,True
layer2.1.sn2,900,24,0.2299365997314453,0.16995379583166012,9.991053502639801e-228,0.9999000099990001,True
layer2.1.sn2,900,25,0.632027268409729,0.47135384011778697,0.0,0.9999000099990001,True
layer2.1.sn2,900,26,0.2502560019493103,0.19399355538255106,9.08130103834755e-251,0.9999000099990001,True
layer2.1.sn2,900,27,0.24055525660514832,0.1755629350117333,8.821881312962104e-233,0.9999000099990001,True
layer2.1.sn2,900,28,0.5055021643638611,0.3656291189593194,0.0,0.9999000099990001,True
layer2.1.sn2,900,29,0.17794865369796753,0.13924082518971104,4.1507200531260225e-194,0.9999000099990001,True
layer2.1.sn2,900,30,0.17905637621879578,0.13624375753638282,2.086342928041014e-192,0.9999000099990001,True
layer2.1.sn2,900,31,0.2664217948913574,0.2069360713208732,3.3925167577508073e-255,0.9999000099990001,True
layer2.1.sn2,900,32,0.16709159314632416,0.12667051158333975,3.560777051539361e-179,0.9999000099990001,True
layer2.1.sn2,900,33,0.15750373899936676,0.11342420758639565,1.878597293833819e-175,0.9999000099990001,True
layer2.1.sn2,900,34,0.1702471673488617,0.13487420703204406,3.7778883369814975e-185,0.9999000099990001,True
layer2.1.sn2,900,35,0.5819060802459717,0.4327597833603738,0.0,0.9999000099990001,True
layer2.1.sn2,900,36,0.16216301918029785,0.12447687029025255,2.3923423117394516e-181,0.9999000099990001,True
layer2.1.sn2,900,37,0.4268300235271454,0.3089341404068095,0.0,0.9999000099990001,True
layer2.1.sn2,900,38,0.36633187532424927,0.2653673677928421,0.0,0.9999000099990001,True
layer2.1.sn2,900,39,0.24960550665855408,0.1867893686562811,5.078264699090958e-241,0.9999000099990001,True
layer2.1.sn2,900,40,0.2904319763183594,0.21801914492521451,9.895048408039649e-276,0.9999000099990001,True
layer2.1.sn2,900,41,0.17946003377437592,0.13699089080969123,3.00657450938301e-188,0.9999000099990001,True
layer2.1.sn2,900,42,0.3657720685005188,0.26420777892659475,1.1292338112666776e-307,0.9999000099990001,True
layer2.1.sn2,900,43,0.20067520439624786,0.1499110923923435,5.729602223263894e-215,0.9999000099990001,True
layer2.1.sn2,900,44,0.3551332652568817,0.26146917625528354,6.487455509004842e-305,0.9999000099990001,True
layer2.1.sn2,900,45,0.4367169439792633,0.32346553688057733,0.0,0.9999000099990001,True
layer2.1.sn2,900,46,0.5743294358253479,0.42073832723992105,0.0,0.9999000099990001,True
layer2.1.sn2,900,47,0.17044341564178467,0.12909076361502034,1.1842217488109404e-181,0.9999000099990001,True
layer2.1.sn2,900,48,0.10435530543327332,0.0910850180340855,1.4406350189488987e-127,0.9999000099990001,True
layer2.1.sn2,900,49,0.250968337059021,0.18972450881879405,2.8227937824109645e-249,0.9999000099990001,True
layer2.1.sn2,900,50,0.14254429936408997,0.11202320442717159,1.7724417780630185e-164,0.9999000099990001,True
layer2.1.sn2,900,51,0.5827422738075256,0.4234494041696758,0.0,0.9999000099990001,True
layer2.1.sn2,900,52,0.1558271050453186,0.13066338898241267,3.2452404933832953e-175,0.9999000099990001,True
layer2.1.sn2,900,53,0.30329713225364685,0.22723945116438965,4.324046587511011e-280,0.9999000099990001,True
layer2.1.sn2,900,54,0.1343465894460678,0.10916181188831026,2.192215604263525e-156,0.9999000099990001,True
layer2.1.sn2,900,55,0.500323474407196,0.3691314797055079,0.0,0.9999000099990001,True
layer2.1.sn2,900,56,0.2379617691040039,0.1750525708309359,9.550722118866485e-233,0.9999000099990001,True
layer2.1.sn2,900,57,0.47873935103416443,0.3535823667148022,0.0,0.9999000099990001,True
layer2.1.sn2,900,58,0.2534244656562805,0.19278192717272485,2.0821937908939956e-245,0.9999000099990001,True
layer2.1.sn2,900,59,0.1566047966480255,0.12163071605783012,1.402556767895241e-175,0.9999000099990001,True
layer2.1.sn2,900,60,0.38887718319892883,0.278737435226789,0.0,0.9999000099990001,True
layer2.1.sn2,900,61,0.22370187938213348,0.16078552933263687,9.942238960212038e-230,0.9999000099990001,True
layer2.1.sn2,900,62,0.41080647706985474,0.3044508095158182,0.0,0.9999000099990001,True
layer2.1.sn2,900,63,0.5102852582931519,0.387982513637752,0.0,0.9999000099990001,True
layer2.1.sn2,900,64,0.1913650929927826,0.14702703646197254,1.5509719873575062e-204,0.9999000099990001,True
layer2.1.sn2,900,65,0.1687370389699936,0.1265114899249322,1.8475377557910533e-185,0.9999000099990001,True
layer2.1.sn2,900,66,0.4110163450241089,0.3013384696747008,0.0,0.9999000099990001,True
layer2.1.sn2,900,67,0.19559305906295776,0.15047581863119697,3.499311859678677e-202,0.9999000099990001,True
layer2.1.sn2,900,68,0.4019696116447449,0.3029266287125034,0.0,0.9999000099990001,True
layer2.1.sn2,900,69,0.15360790491104126,0.11602086313832599,5.537666201894058e-173,0.9999000099990001,True
layer2.1.sn2,900,70,0.3397331237792969,0.25562388882276255,3.553444248378361e-301,0.9999000099990001,True
layer2.1.sn2,900,71,0.15317144989967346,0.1158747406806711,9.48464128640614e-173,0.9999000099990001,True
layer2.1.sn2,900,72,0.11653944104909897,0.09373646895383343,2.3546103190032414e-136,0.9999000099990001,True
layer2.1.sn2,900,73,0.17883093655109406,0.1363152158381379,1.9971932190261705e-196,0.9999000099990001,True
layer2.1.sn2,900,74,0.1728563755750656,0.13107399048342025,9.637055382264292e-188,0.9999000099990001,True
layer2.1.sn2,900,75,0.1967039704322815,0.15067531608792262,2.9246519154564648e-207,0.9999000099990001,True
layer2.1.sn2,900,76,0.31215330958366394,0.21948967254498972,8.09429912072711e-289,0.9999000099990001,True
layer2.1.sn2,900,77,0.2095668464899063,0.15820417788000485,2.4878001156068755e-211,0.9999000099990001,True
layer2.1.sn2,900,78,0.35883191227912903,0.26349018280153513,1.8355200542581948e-302,0.9999000099990001,True
layer2.1.sn2,900,79,0.276657372713089,0.21334938469794404,1.9408372339575471e-264,0.9999000099990001,True
layer2.1.sn2,900,80,0.3659037947654724,0.27097944775917093,6.0290622246415e-310,0.9999000099990001,True
layer2.1.sn2,900,81,0.2226252406835556,0.1668101973960024,3.485703656224684e-229,0.9999000099990001,True
layer2.1.sn2,900,82,0.23724183440208435,0.17565095399164854,1.994492949059567e-238,0.9999000099990001,True
layer2.1.sn2,900,83,0.32114678621292114,0.2383868899249662,7.107585968676993e-290,0.9999000099990001,True
layer2.1.sn2,900,84,0.2704700231552124,0.21373303372554062,2.5807742750889146e-263,0.9999000099990001,True
layer2.1.sn2,900,85,0.5324721336364746,0.39000248296559803,0.0,0.9999000099990001,True
layer2.1.sn2,900,86,0.33749154210090637,0.25734149782011917,4.9857576125260324e-293,0.9999000099990001,True
layer2.1.sn2,900,87,0.31027472019195557,0.23067899363395145,1.313114918285122e-274,0.9999000099990001,True
layer2.1.sn2,900,88,0.23674911260604858,0.17542391910118033,9.734672611255436e-233,0.9999000099990001,True
layer2.1.sn2,900,89,0.0930231362581253,0.07705192882414327,5.367865162426503e-113,0.9999000099990001,True
layer2.1.sn2,900,90,0.33119285106658936,0.24222112578317717,7.251650118810379e-294,0.9999000099990001,True
layer2.1.sn2,900,91,0.24008041620254517,0.17957306987674615,5.062875606502922e-242,0.9999000099990001,True
layer2.1.sn2,900,92,0.32213300466537476,0.21790876820193295,3.77380000759661e-289,0.9999000099990001,True
layer2.1.sn2,900,93,0.37394484877586365,0.28023825423848203,0.0,0.9999000099990001,True
layer2.1.sn2,900,94,0.3218784034252167,0.2127028036050582,4.612083082264031e-293,0.9999000099990001,True
layer2.1.sn2,900,95,0.20182007551193237,0.14911273571214428,2.986705585108687e-210,0.9999000099990001,True
layer2.1.sn2,900,96,0.23976705968379974,0.17782905521417508,2.0637590717245863e-240,0.9999000099990001,True
layer2.1.sn2,900,97,0.251406192779541,0.18366731340576137,1.0726667296184966e-245,0.9999000099990001,True
layer2.1.sn2,900,98,0.3184237480163574,0.2302996518966655,3.0733871565268187e-288,0.9999000099990001,True
layer2.1.sn2,900,99,0.1733003705739975,0.13439029175345904,2.9242981017604415e-189,0.9999000099990001,True
layer2.1.sn2,900,100,0.149845153093338,0.11909686533003586,6.363302593191004e-175,0.9999000099990001,True
layer2.1.sn2,900,101,0.13987521827220917,0.10243133496751403,2.2032371941797843e-151,0.9999000099990001,True
layer2.1.sn2,900,102,0.27789682149887085,0.2043269564658789,1.2303698179587061e-259,0.9999000099990001,True
layer2.1.sn2,900,103,0.4542465806007385,0.3377102884298331,0.0,0.9999000099990001,True
layer2.1.sn2,900,104,0.43001291155815125,0.31185955738838605,0.0,0.9999000099990001,True
layer2.1.sn2,900,105,0.23928752541542053,0.17173822650536635,1.3102131261363122e-225,0.9999000099990001,True
layer2.1.sn2,900,106,0.08951038122177124,0.07225891154185614,9.156278108840647e-108,0.9999000099990001,True
layer2.1.sn2,900,107,0.2232915312051773,0.16110622975534966,1.880605231566135e-224,0.9999000099990001,True
layer2.1.sn2,900,108,0.338105171918869,0.25029602199365275,1.2934882959699903e-293,0.9999000099990001,True
layer2.1.sn2,900,109,0.24045564234256744,0.18231025950384872,2.4636124955901844e-238,0.9999000099990001,True
layer2.1.sn2,900,110,0.31085944175720215,0.23264941064787945,4.1943400143602514e-281,0.9999000099990001,True
layer2.1.sn2,900,111,0.2618473470211029,0.18856292470270614,2.6397860339236124e-258,0.9999000099990001,True
layer2.1.sn2,900,112,0.3025975823402405,0.23074850682755899,1.2206009434852564e-279,0.9999000099990001,True
layer2.1.sn2,900,113,0.47751376032829285,0.32651299193209915,0.0,0.9999000099990001,True
layer2.1.sn2,900,114,0.22854721546173096,0.1744397756899036,2.2253806115424033e-232,0.9999000099990001,True
layer2.1.sn2,900,115,0.42363542318344116,0.31050779231548664,0.0,0.9999000099990001,True
layer2.1.sn2,900,116,0.10676881670951843,0.08257787643510484,4.0308875747964976e-128,0.9999000099990001,True
layer2.1.sn2,900,117,0.4060766398906708,0.2943421691349436,0.0,0.9999000099990001,True
layer2.1.sn2,900,118,0.3589564859867096,0.2682201127611791,7.420196650234592e-305,0.9999000099990001,True
layer2.1.sn2,900,119,0.2746199667453766,0.19576153517329606,5.933098832527496e-254,0.9999000099990001,True
layer2.1.sn2,900,120,0.13772980868816376,0.10419582698283102,3.673208875287836e-154,0.9999000099990001,True
layer2.1.sn2,900,121,0.13251502811908722,0.10565202744573875,1.0360449022056317e-149,0.9999000099990001,True
layer2.1.sn2,900,122,0.26454997062683105,0.19424963912424967,3.8859738145667414e-254,0.9999000099990001,True
layer2.1.sn2,900,123,0.26076561212539673,0.19275705303177304,4.49275866703315e-257,0.9999000099990001,True
layer2.1.sn2,900,124,0.09638990461826324,0.08009366880112218,1.7655989363992957e-113,0.9999000099990001,True
layer2.1.sn2,900,125,0.3379039466381073,0.24483610952790358,1.277913822461166e-303,0.9999000099990001,True
layer2.1.sn2,900,126,0.44754284620285034,0.32756970953106207,0.0,0.9999000099990001,True
layer2.1.sn2,900,127,0.35646411776542664,0.2536834655924174,2.4645318351004236e-302,0.9999000099990001,True
layer3.1.sn2,900,0,0.39482831954956055,0.25440200214452297,0.0,0.9999000099990001,True
layer3.1.sn2,900,1,0.6666540503501892,0.4829109531600101,0.0,0.9999000099990001,True
layer3.1.sn2,900,2,0.7245191931724548,0.536959490632225,0.0,0.9999000099990001,True
layer3.1.sn2,900,3,0.4548306465148926,0.3144198734985624,0.0,0.9999000099990001,True
layer3.1.sn2,900,4,0.45993393659591675,0.33306499101980735,0.0,0.9999000099990001,True
layer3.1.sn2,900,5,0.572498619556427,0.41600611355345024,0.0,0.9999000099990001,True
layer3.1.sn2,900,6,0.6230337619781494,0.4475028921176822,0.0,0.9999000099990001,True
layer3.1.sn2,900,7,0.5283655524253845,0.35604612940115454,0.0,0.9999000099990001,True
layer3.1.sn2,900,8,0.6162387132644653,0.4460462999212872,0.0,0.9999000099990001,True
layer3.1.sn2,900,9,0.4496401846408844,0.3118338785847057,0.0,0.9999000099990001,True
layer3.1.sn2,900,10,0.3245430588722229,0.2411613751393321,1.6068750150928092e-289,0.9999000099990001,True
layer3.1.sn2,900,11,0.31689730286598206,0.24642504946650554,8.501651174910236e-285,0.9999000099990001,True
layer3.1.sn2,900,12,0.8269520401954651,0.6505550045722548,0.0,0.9999000099990001,True
layer3.1.sn2,900,13,0.7437137365341187,0.5281196902219845,0.0,0.9999000099990001,True
layer3.1.sn2,900,14,0.40902742743492126,0.3081802324448272,0.0,0.9999000099990001,True
layer3.1.sn2,900,15,0.6379395723342896,0.42593048683850854,0.0,0.9999000099990001,True
layer3.1.sn2,900,16,0.5487404465675354,0.4057949518398204,0.0,0.9999000099990001,True
layer3.1.sn2,900,17,0.5031289458274841,0.3729506806725273,0.0,0.9999000099990001,True
layer3.1.sn2,900,18,0.6546775698661804,0.46815026290626505,0.0,0.9999000099990001,True
layer3.1.sn2,900,19,0.6283764839172363,0.46492402648875775,0.0,0.9999000099990001,True
layer3.1.sn2,900,20,0.41083088517189026,0.3080072313079364,0.0,0.9999000099990001,True
layer3.1.sn2,900,21,0.5990962982177734,0.4332334128555275,0.0,0.9999000099990001,True
layer3.1.sn2,900,22,0.5021897554397583,0.3501829932772905,0.0,0.9999000099990001,True
layer3.1.sn2,900,23,0.5685343742370605,0.40235507651113295,0.0,0.9999000099990001,True
layer3.1.sn2,900,24,0.48158344626426697,0.34232301551643285,0.0,0.9999000099990001,True
layer3.1.sn2,900,25,0.6936322450637817,0.49551636734090465,0.0,0.9999000099990001,True
layer3.1.sn2,900,26,0.5337526202201843,0.38903119635749983,0.0,0.9999000099990001,True
layer3.1.sn2,900,27,0.40113967657089233,0.30562596379623835,0.0,0.9999000099990001,True
layer3.1.sn2,900,28,0.569543182849884,0.3986816896752871,0.0,0.9999000099990001,True
layer3.1.sn2,900,29,0.537339985370636,0.39784499695343245,0.0,0.9999000099990001,True
layer3.1.sn2,900,30,0.4966951608657837,0.37602948191395286,0.0,0.9999000099990001,True
layer3.1.sn2,900,31,0.5471463799476624,0.4050124049914701,0.0,0.9999000099990001,True
layer3.1.sn2,900,32,0.49253472685813904,0.3587647617249408,0.0,0.9999000099990001,True
layer3.1.sn2,900,33,0.39991188049316406,0.292417275549958,0.0,0.9999000099990001,True
layer3.1.sn2,900,34,0.4361146092414856,0.32820503760733044,0.0,0.9999000099990001,True
layer3.1.sn2,900,35,0.508283793926239,0.36431632107578626,0.0,0.9999000099990001,True
layer3.1.sn2,900,36,0.5909580588340759,0.4006547702826231,0.0,0.9999000099990001,True
layer3.1.sn2,900,37,0.44859838485717773,0.32310736098815573,0.0,0.9999000099990001,True
layer3.1.sn2,900,38,0.7308330535888672,0.5442977963933155,0.0,0.9999000099990001,True
layer3.1.sn2,900,39,0.6910099387168884,0.4674829105904599,0.0,0.9999000099990001,True
layer3.1.sn2,900,40,0.5952878594398499,0.41561267188545314,0.0,0.9999000099990001,True
layer3.1.sn2,900,41,0.36778682470321655,0.2659152412390516,1.223325152344e-311,0.9999000099990001,True
layer3.1.sn2,900,42,0.4106213450431824,0.31524215114946114,0.0,0.9999000099990001,True
layer3.1.sn2,900,43,0.4651573598384857,0.331601255312465,0.0,0.9999000099990001,True
layer3.1.sn2,900,44,0.6150878667831421,0.4448910262302223,0.0,0.9999000099990001,True
layer3.1.sn2,900,45,0.5793294906616211,0.41163175557553383,0.0,0.9999000099990001,True
layer3.1.sn2,900,46,0.6806533932685852,0.5216611849905389,0.0,0.9999000099990001,True
layer3.1.sn2,900,47,0.661020815372467,0.47955630797844473,0.0,0.9999000099990001,True
layer3.1.sn2,900,48,0.5872037410736084,0.44744225904762225,0.0,0.9999000099990001,True
layer3.1.sn2,900,49,0.25063589215278625,0.18602940347643077,2.5000384623951865e-239,0.9999000099990001,True
layer3.1.sn2,900,50,0.516891360282898,0.35996270927364477,0.0,0.9999000099990001,True
layer3.1.sn2,900,51,0.6059744954109192,0.4196158967682635,0.0,0.9999000099990001,True
layer3.1.sn2,900,52,0.44993093609809875,0.3166149342848411,0.0,0.9999000099990001,True
layer3.1.sn2,900,53,0.36949416995048523,0.2640240902855941,6.437199031498814e-306,0.9999000099990001,True
layer3.1.sn2,900,54,0.666775107383728,0.480193277019208,0.0,0.9999000099990001,True
layer3.1.sn2,900,55,0.5824479460716248,0.42297702713519336,0.0,0.9999000099990001,True
layer3.1.sn2,900,56,0.1318468600511551,0.08223598606767311,0.0,0.9999000099990001,True
layer3.1.sn2,900,57,0.44440707564353943,0.32889506909012484,0.0,0.9999000099990001,True
layer3.1.sn2,900,58,0.6235803961753845,0.4720353784749955,0.0,0.9999000099990001,True
layer3.1.sn2,900,59,0.49774059653282166,0.3374782891128878,0.0,0.9999000099990001,True
layer3.1.sn2,900,60,0.5577847957611084,0.41525157693361453,0.0,0.9999000099990001,True
layer3.1.sn2,900,61,0.5045484900474548,0.37186890350114965,0.0,0.9999000099990001,True
layer3.1.sn2,900,62,0.527769148349762,0.38912555148901384,0.0,0.9999000099990001,True
layer3.1.sn2,900,63,0.5490460395812988,0.38438474357147956,0.0,0.9999000099990001,True
layer3.1.sn2,900,64,0.6208542585372925,0.44082448454796785,0.0,0.9999000099990001,True
layer3.1.sn2,900,65,0.44827303290367126,0.3336159288738247,0.0,0.9999000099990001,True
layer3.1.sn2,900,66,0.47336992621421814,0.32609615567425265,0.0,0.9999000099990001,True
layer3.1.sn2,900,67,0.6070273518562317,0.4573957171515671,0.0,0.9999000099990001,True
layer3.1.sn2,900,68,0.5330430865287781,0.4011349278585939,0.0,0.9999000099990001,True
layer3.1.sn2,900,69,0.6155909895896912,0.4724608389244225,0.0,0.9999000099990001,True
layer3.1.sn2,900,70,0.5701655745506287,0.41443735611957855,0.0,0.9999000099990001,True
layer3.1.sn2,900,71,0.5879523754119873,0.43916249450425426,0.0,0.9999000099990001,True
layer3.1.sn2,900,72,0.5302777886390686,0.3688881653639211,0.0,0.9999000099990001,True
layer3.1.sn2,900,73,0.7147254943847656,0.5292339037248225,0.0,0.9999000099990001,True
layer3.1.sn2,900,74,0.5616244673728943,0.3834086027069225,0.0,0.9999000099990001,True
layer3.1.sn2,900,75,0.5202671885490417,0.3791288042195747,0.0,0.9999000099990001,True
layer3.1.sn2,900,76,0.5765405297279358,0.42003695169859245,0.0,0.9999000099990001,True
layer3.1.sn2,900,77,0.5155436992645264,0.37266200215929546,0.0,0.9999000099990001,True
layer3.1.sn2,900,78,0.6216234564781189,0.45224140521034406,0.0,0.9999000099990001,True
layer3.1.sn2,900,79,0.5939680933952332,0.4363833472395417,0.0,0.9999000099990001,True
layer3.1.sn2,900,80,0.6188120245933533,0.4796581680853417,0.0,0.9999000099990001,True
layer3.1.sn2,900,81,0.7073974609375,0.5219312500863171,0.0,0.9999000099990001,True
layer3.1.sn2,900,82,0.29246968030929565,0.2150489756550581,3.579754076119465e-271,0.9999000099990001,True
layer3.1.sn2,900,83,0.5001200437545776,0.3838474694152556,0.0,0.9999000099990001,True
layer3.1.sn2,900,84,0.4191313087940216,0.2789991670119329,0.0,0.9999000099990001,True
layer3.1.sn2,900,85,0.3894946277141571,0.2914053885844463,0.0,0.9999000099990001,True
layer3.1.sn2,900,86,0.5666343569755554,0.41325848903965157,0.0,0.9999000099990001,True
layer3.1.sn2,900,87,0.5561099648475647,0.4213874461155032,0.0,0.9999000099990001,True
layer3.1.sn2,900,88,0.34502726793289185,0.2658404412253423,1.6675575178419377e-301,0.9999000099990001,True
layer3.1.sn2,900,89,0.43982410430908203,0.3102677318127341,0.0,0.9999000099990001,True
layer3.1.sn2,900,90,0.6371225118637085,0.4404072455590974,0.0,0.9999000099990001,True
layer3.1.sn2,900,91,0.48249074816703796,0.35490070023283293,0.0,0.9999000099990001,True
layer3.1.sn2,900,92,0.46881401538848877,0.3834833500887107,0.0,0.9999000099990001,True
layer3.1.sn2,900,93,0.5809509754180908,0.42025817986924646,0.0,0.9999000099990001,True
layer3.1.sn2,900,94,0.738864541053772,0.5412403774986211,0.0,0.9999000099990001,True
layer3.1.sn2,900,95,0.38116714358329773,0.28191637035844774,3.2429425046369e-310,0.9999000099990001,True
layer3.1.sn2,900,96,0.4811817705631256,0.35065757036502687,0.0,0.9999000099990001,True
layer3.1.sn2,900,97,0.4818136990070343,0.3390407803347423,0.0,0.9999000099990001,True
layer3.1.sn2,900,98,0.54554682970047,0.39092680150523845,0.0,0.9999000099990001,True
layer3.1.sn2,900,99,0.5384833216667175,0.41950445571249384,0.0,0.9999000099990001,True
layer3.1.sn2,900,100,0.5840818285942078,0.4020867480262798,0.0,0.9999000099990001,True
layer3.1.sn2,900,101,0.6299843788146973,0.4279038320452565,0.0,0.9999000099990001,True
layer3.1.sn2,900,102,0.5214163661003113,0.38248361182686585,0.0,0.9999000099990001,True
layer3.1.sn2,900,103,0.3904435634613037,0.28650710628630083,0.0,0.9999000099990001,True
layer3.1.sn2,900,104,0.5674152374267578,0.4066161988679865,0.0,0.9999000099990001,True
layer3.1.sn2,900,105,0.5526561737060547,0.3815828793856498,0.0,0.9999000099990001,True
layer3.1.sn2,900,106,0.6419480443000793,0.4450774100244951,0.0,0.9999000099990001,True
layer3.1.sn2,900,107,0.6939117908477783,0.5134655849042928,0.0,0.9999000099990001,True
layer3.1.sn2,900,108,0.3960748016834259,0.2619014846695568,0.0,0.9999000099990001,True
layer3.1.sn2,900,109,0.5270515084266663,0.3905207906699906,0.0,0.9999000099990001,True
layer3.1.sn2,900,110,0.5740423202514648,0.38785355749363826,0.0,0.9999000099990001,True
layer3.1.sn2,900,111,0.7178679704666138,0.5223574718937407,0.0,0.9999000099990001,True
layer3.1.sn2,900,112,0.5385192632675171,0.4009410436933982,0.0,0.9999000099990001,True
layer3.1.sn2,900,113,0.5465583801269531,0.39799894754987963,0.0,0.9999000099990001,True
layer3.1.sn2,900,114,0.5376089811325073,0.3903312027487763,0.0,0.9999000099990001,True
layer3.1.sn2,900,115,0.48541250824928284,0.34942937232123106,0.0,0.9999000099990001,True
layer3.1.sn2,900,116,0.5627995729446411,0.4125582680327455,0.0,0.9999000099990001,True
layer3.1.sn2,900,117,0.6282789707183838,0.45708891467877744,0.0,0.9999000099990001,True
layer3.1.sn2,900,118,0.617821991443634,0.4572562699252771,0.0,0.9999000099990001,True
layer3.1.sn2,900,119,0.6820950508117676,0.5232466794274588,0.0,0.9999000099990001,True
layer3.1.sn2,900,120,0.41053181886672974,0.29781601303103106,0.0,0.9999000099990001,True
layer3.1.sn2,900,121,0.6725946664810181,0.4901770299636764,0.0,0.9999000099990001,True
layer3.1.sn2,900,122,0.5484079122543335,0.40000154112479125,0.0,0.9999000099990001,True
layer3.1.sn2,900,123,0.46726444363594055,0.33482489213424727,0.0,0.9999000099990001,True
layer3.1.sn2,900,124,0.6059630513191223,0.4421494458903198,0.0,0.9999000099990001,True
layer3.1.sn2,900,125,0.5126261115074158,0.3795130120231332,0.0,0.9999000099990001,True
layer3.1.sn2,900,126,0.5483946204185486,0.3842874385796893,0.0,0.9999000099990001,True
layer3.1.sn2,900,127,0.6101935505867004,0.4554016286472381,0.0,0.9999000099990001,True
layer3.1.sn2,900,128,0.7340682744979858,0.5838458251133165,0.0,0.9999000099990001,True
layer3.1.sn2,900,129,0.5765287280082703,0.3948601838705055,0.0,0.9999000099990001,True
layer3.1.sn2,900,130,0.4840022325515747,0.3622461936689122,0.0,0.9999000099990001,True
layer3.1.sn2,900,131,0.5948455929756165,0.4108668712391656,0.0,0.9999000099990001,True
layer3.1.sn2,900,132,0.6980839371681213,0.4866341082542913,0.0,0.9999000099990001,True
layer3.1.sn2,900,133,0.6157299280166626,0.42634263195409405,0.0,0.9999000099990001,True
layer3.1.sn2,900,134,0.5043242573738098,0.3755887767649387,0.0,0.9999000099990001,True
layer3.1.sn2,900,135,0.7171545028686523,0.5232271401554345,0.0,0.9999000099990001,True
layer3.1.sn2,900,136,0.6428044438362122,0.48508886296647646,0.0,0.9999000099990001,True
layer3.1.sn2,900,137,0.6565008759498596,0.45424827711006865,0.0,0.9999000099990001,True
layer3.1.sn2,900,138,0.48655781149864197,0.3537341085381322,0.0,0.9999000099990001,True
layer3.1.sn2,900,139,0.34821921586990356,0.25767999483067766,2.446163589147339e-295,0.9999000099990001,True
layer3.1.sn2,900,140,0.5735845565795898,0.42497392309726423,0.0,0.9999000099990001,True
layer3.1.sn2,900,141,0.7088839411735535,0.5177100269301527,0.0,0.9999000099990001,True
layer3.1.sn2,900,142,0.5989652872085571,0.44756300956410344,0.0,0.9999000099990001,True
layer3.1.sn2,900,143,0.5895628929138184,0.42486680738405735,0.0,0.9999000099990001,True
layer3.1.sn2,900,144,0.4791501760482788,0.34946933566073723,0.0,0.9999000099990001,True
layer3.1.sn2,900,145,0.572220504283905,0.41644826664629275,0.0,0.9999000099990001,True
layer3.1.sn2,900,146,0.6590038537979126,0.474685113221572,0.0,0.9999000099990001,True
layer3.1.sn2,900,147,0.279169499874115,0.2060491035665093,2.19757919823853e-261,0.9999000099990001,True
layer3.1.sn2,900,148,0.5962767004966736,0.4383891229938227,0.0,0.9999000099990001,True
layer3.1.sn2,900,149,0.6842615604400635,0.4939573573598076,0.0,0.9999000099990001,True
layer3.1.sn2,900,150,0.5703032612800598,0.4092577454432292,0.0,0.9999000099990001,True
layer3.1.sn2,900,151,,0.35928322286882114,,0.9900990099009901,False
layer3.1.sn2,900,152,0.6155920028686523,0.46279954626539277,0.0,0.9999000099990001,True
layer3.1.sn2,900,153,0.6437084078788757,0.4725619648252705,0.0,0.9999000099990001,True
layer3.1.sn2,900,154,0.41461560130119324,0.3063650099861427,0.0,0.9999000099990001,True
layer3.1.sn2,900,155,0.5723536014556885,0.4064320938369884,0.0,0.9999000099990001,True
layer3.1.sn2,900,156,0.5348398089408875,0.39069019687823014,0.0,0.9999000099990001,True
layer3.1.sn2,900,157,0.5227754712104797,0.35180496870918426,0.0,0.9999000099990001,True
layer3.1.sn2,900,158,0.5602623820304871,0.4162846771574594,0.0,0.9999000099990001,True
layer3.1.sn2,900,159,0.666400671005249,0.4933630759090453,0.0,0.9999000099990001,True
layer3.1.sn2,900,160,0.6446666121482849,0.44252611791158325,0.0,0.9999000099990001,True
layer3.1.sn2,900,161,0.37565702199935913,0.24701118882079517,0.0,0.9999000099990001,True
layer3.1.sn2,900,162,0.5998278260231018,0.44275818027522856,0.0,0.9999000099990001,True
layer3.1.sn2,900,163,0.4388348460197449,0.3353625595876417,0.0,0.9999000099990001,True
layer3.1.sn2,900,164,0.4743749797344208,0.35493007658900966,0.0,0.9999000099990001,True
layer3.1.sn2,900,165,0.4235181510448456,0.30774901145850864,0.0,0.9999000099990001,True
layer3.1.sn2,900,166,0.6860215663909912,0.4982243493504128,0.0,0.9999000099990001,True
layer3.1.sn2,900,167,0.6023657917976379,0.4569007070028015,0.0,0.9999000099990001,True
layer3.1.sn2,900,168,0.5365011692047119,0.37702217826390827,0.0,0.9999000099990001,True
layer3.1.sn2,900,169,0.8127054572105408,0.5819297566307131,0.0,0.9999000099990001,True
layer3.1.sn2,900,170,0.49615707993507385,0.3693848653881914,0.0,0.9999000099990001,True
layer3.1.sn2,900,171,0.634351372718811,0.46322291572049223,0.0,0.9999000099990001,True
layer3.1.sn2,900,172,0.6755585074424744,0.47844408542372996,0.0,0.9999000099990001,True
layer3.1.sn2,900,173,0.2981380522251129,0.2021369966744759,0.0,0.9999000099990001,True
layer3.1.sn2,900,174,0.6744982600212097,0.48923466026287454,0.0,0.9999000099990001,True
layer3.1.sn2,900,175,0.7915937900543213,0.5922691953388579,0.0,0.9999000099990001,True
layer3.1.sn2,900,176,0.5759761333465576,0.43400337090316415,0.0,0.9999000099990001,True
layer3.1.sn2,900,177,0.5287715792655945,0.38232782797517734,0.0,0.9999000099990001,True
layer3.1.sn2,900,178,0.46726134419441223,0.34133318205251617,0.0,0.9999000099990001,True
layer3.1.sn2,900,179,0.5943088531494141,0.4512548351171346,0.0,0.9999000099990001,True
layer3.1.sn2,900,180,0.5663734078407288,0.41022134703976276,0.0,0.9999000099990001,True
layer3.1.sn2,900,181,0.5444496870040894,0.40451184136223706,0.0,0.9999000099990001,True
layer3.1.sn2,900,182,0.6058747172355652,0.43939665892783447,0.0,0.9999000099990001,True
layer3.1.sn2,900,183,0.6259236335754395,0.42648595817868706,0.0,0.9999000099990001,True
layer3.1.sn2,900,184,0.5095558762550354,0.37404417000833423,0.0,0.9999000099990001,True
layer3.1.sn2,900,185,0.5955525636672974,0.43441937585780205,0.0,0.9999000099990001,True
layer3.1.sn2,900,186,0.6168221831321716,0.44773057194039884,0.0,0.9999000099990001,True
layer3.1.sn2,900,187,0.5094060301780701,0.3801852550614121,0.0,0.9999000099990001,True
layer3.1.sn2,900,188,0.47313192486763,0.3204534287071843,0.0,0.9999000099990001,True
layer3.1.sn2,900,189,0.646611213684082,0.4658613166827549,0.0,0.9999000099990001,True
layer3.1.sn2,900,190,0.5516006946563721,0.4219155615708208,0.0,0.9999000099990001,True
layer3.1.sn2,900,191,0.4533764123916626,0.3350741971085597,0.0,0.9999000099990001,True
layer3.1.sn2,900,192,0.586070716381073,0.41987740007774965,0.0,0.9999000099990001,True
layer3.1.sn2,900,193,0.578015923500061,0.38390143165223006,0.0,0.9999000099990001,True
layer3.1.sn2,900,194,0.6247521042823792,0.4656325895582525,0.0,0.9999000099990001,True
layer3.1.sn2,900,195,0.5514468550682068,0.4107984924372391,0.0,0.9999000099990001,True
layer3.1.sn2,900,196,0.40523916482925415,0.28389107207862146,0.0,0.9999000099990001,True
layer3.1.sn2,900,197,0.4960450828075409,0.36132077282473385,0.0,0.9999000099990001,True
layer3.1.sn2,900,198,0.5689738988876343,0.4200094704790718,0.0,0.9999000099990001,True
layer3.1.sn2,900,199,0.5549240708351135,0.4092921656887485,0.0,0.9999000099990001,True
layer3.1.sn2,900,200,0.5187200903892517,0.3702344709794241,0.0,0.9999000099990001,True
layer3.1.sn2,900,201,0.6665143966674805,0.486621372118722,0.0,0.9999000099990001,True
layer3.1.sn2,900,202,0.62913578748703,0.4322844587402839,0.0,0.9999000099990001,True
layer3.1.sn2,900,203,0.6936371922492981,0.5108892747627056,0.0,0.9999000099990001,True
layer3.1.sn2,900,204,0.32856523990631104,0.2172425183214247,0.0,0.9999000099990001,True
layer3.1.sn2,900,205,0.7345132231712341,0.559116154267022,0.0,0.9999000099990001,True
layer3.1.sn2,900,206,0.4447827637195587,0.31178129332350535,0.0,0.9999000099990001,True
layer3.1.sn2,900,207,0.683819055557251,0.5014741002565644,0.0,0.9999000099990001,True
layer3.1.sn2,900,208,0.43496912717819214,0.29754945975586466,0.0,0.9999000099990001,True
layer3.1.sn2,900,209,0.655678391456604,0.45608343194311146,0.0,0.9999000099990001,True
layer3.1.sn2,900,210,0.4718549847602844,0.3538265806670854,0.0,0.9999000099990001,True
layer3.1.sn2,900,211,0.6341318488121033,0.4632887985174222,0.0,0.9999000099990001,True
layer3.1.sn2,900,212,0.4806056320667267,0.3659533155660488,0.0,0.9999000099990001,True
layer3.1.sn2,900,213,0.4072425663471222,0.3269131775511393,0.0,0.9999000099990001,True
layer3.1.sn2,900,214,0.4939859211444855,0.3705648728358282,0.0,0.9999000099990001,True
layer3.1.sn2,900,215,0.470363587141037,0.34576405384702646,0.0,0.9999000099990001,True
layer3.1.sn2,900,216,0.6784937977790833,0.4705863133430344,0.0,0.9999000099990001,True
layer3.1.sn2,900,217,0.6343744993209839,0.477633936717735,0.0,0.9999000099990001,True
layer3.1.sn2,900,218,0.35511669516563416,0.24648382065444352,0.0,0.9999000099990001,True
layer3.1.sn2,900,219,0.6247192621231079,0.47866773814425856,0.0,0.9999000099990001,True
layer3.1.sn2,900,220,0.6075681447982788,0.44391427431968394,0.0,0.9999000099990001,True
layer3.1.sn2,900,221,0.6402097940444946,0.4642607288804469,0.0,0.9999000099990001,True
layer3.1.sn2,900,222,0.6611037850379944,0.4774792108674695,0.0,0.9999000099990001,True
layer3.1.sn2,900,223,0.48932430148124695,0.34777267134264045,0.0,0.9999000099990001,True
layer3.1.sn2,900,224,0.5912796258926392,0.40467382557914383,0.0,0.9999000099990001,True
layer3.1.sn2,900,225,0.4581723213195801,0.3372710413416812,0.0,0.9999000099990001,True
layer3.1.sn2,900,226,0.5953923463821411,0.437030589739918,0.0,0.9999000099990001,True
layer3.1.sn2,900,227,0.5059518218040466,0.3729968522801739,0.0,0.9999000099990001,True
layer3.1.sn2,900,228,0.5768371224403381,0.4246241453180024,0.0,0.9999000099990001,True
layer3.1.sn2,900,229,0.673081636428833,0.47936333568861184,0.0,0.9999000099990001,True
layer3.1.sn2,900,230,0.5408060550689697,0.3833643614001636,0.0,0.9999000099990001,True
layer3.1.sn2,900,231,0.29136529564857483,0.22815406557167917,3.348268485170697e-272,0.9999000099990001,True
layer3.1.sn2,900,232,0.6574393510818481,0.48213561511171527,0.0,0.9999000099990001,True
layer3.1.sn2,900,233,0.3028647303581238,0.24561492598779602,9.917698376414458e-278,0.9999000099990001,True
layer3.1.sn2,900,234,0.7067570686340332,0.47380774676326076,0.0,0.9999000099990001,True
layer3.1.sn2,900,235,0.4090172052383423,0.29239334150286744,0.0,0.9999000099990001,True
layer3.1.sn2,900,236,0.6001295447349548,0.41208816708276785,0.0,0.9999000099990001,True
layer3.1.sn2,900,237,0.5788371562957764,0.41749262753749283,0.0,0.9999000099990001,True
layer3.1.sn2,900,238,0.5315797924995422,0.3627429714840161,0.0,0.9999000099990001,True
layer3.1.sn2,900,239,0.5538238883018494,0.4129816095778127,0.0,0.9999000099990001,True
layer3.1.sn2,900,240,,0.2913976245526685,,0.9900990099009901,False
layer3.1.sn2,900,241,0.8485328555107117,0.6230658579461998,0.0,0.9999000099990001,True
layer3.1.sn2,900,242,0.5726199150085449,0.40789976862652755,0.0,0.9999000099990001,True
layer3.1.sn2,900,243,0.2415093630552292,0.17863375433098155,6.671668165494373e-240,0.9999000099990001,True
layer3.1.sn2,900,244,0.5949253439903259,0.424659507851254,0.0,0.9999000099990001,True
layer3.1.sn2,900,245,0.5925719738006592,0.4047073957494168,0.0,0.9999000099990001,True
layer3.1.sn2,900,246,0.7788576483726501,0.579472815095804,0.0,0.9999000099990001,True
layer3.1.sn2,900,247,0.6736461520195007,0.4930579629809648,0.0,0.9999000099990001,True
layer3.1.sn2,900,248,0.43607455492019653,0.3173962109819113,0.0,0.9999000099990001,True
layer3.1.sn2,900,249,0.5738343596458435,0.392202213587312,0.0,0.9999000099990001,True
layer3.1.sn2,900,250,0.5338273048400879,0.3885949318308484,0.0,0.9999000099990001,True
layer3.1.sn2,900,251,0.24749524891376495,0.19085015348077095,2.098970928844599e-247,0.9999000099990001,True
layer3.1.sn2,900,252,0.6600294709205627,0.4730750954011518,0.0,0.9999000099990001,True
layer3.1.sn2,900,253,0.6601043343544006,0.5058348976650042,0.0,0.9999000099990001,True
layer3.1.sn2,900,254,0.5611945986747742,0.3768902670467634,0.0,0.9999000099990001,True
layer3.1.sn2,900,255,0.5738910436630249,0.4350113661457864,0.0,0.9999000099990001,True
layer4.1.sn2,900,0,0.11861288547515869,0.08221618605787155,2.738243667878597e-288,0.9999000099990001,True
layer4.1.sn2,900,1,0.1485980898141861,0.10300034625658548,0.0,0.9999000099990001,True
layer4.1.sn2,900,2,0.28049299120903015,0.1944229268269217,0.0,0.9999000099990001,True
layer4.1.sn2,900,3,0.06446462869644165,0.04468347420416064,3.018785458575568e-165,0.9999000099990001,True
layer4.1.sn2,900,4,0.17309612035751343,0.11998109051209871,0.0,0.9999000099990001,True
layer4.1.sn2,900,5,0.07975612580776215,0.05528273407517725,4.948586306389466e-181,0.9999000099990001,True
layer4.1.sn2,900,6,0.32369688153266907,0.22436957202671456,0.0,0.9999000099990001,True
layer4.1.sn2,900,7,0.17560094594955444,0.12171730226611895,0.0,0.9999000099990001,True
layer4.1.sn2,900,8,0.2945252060890198,0.20414931335775727,0.0,0.9999000099990001,True
layer4.1.sn2,900,9,0.20445120334625244,0.1417147796819635,0.0,0.9999000099990001,True
layer4.1.sn2,900,10,0.235642671585083,0.1633350539110927,0.0,0.9999000099990001,True
layer4.1.sn2,900,11,0.07920614629983902,0.05490151462208084,3.801517309532061e-204,0.9999000099990001,True
layer4.1.sn2,900,12,0.42476600408554077,0.29442536266812125,0.0,0.9999000099990001,True
layer4.1.sn2,900,13,0.2847357988357544,0.19736382219297213,0.0,0.9999000099990001,True
layer4.1.sn2,900,14,0.009553151205182076,0.006621740057468618,2.8303326050468853e-22,0.9999000099990001,True
layer4.1.sn2,900,15,0.38066524267196655,0.26385703761363216,0.0,0.9999000099990001,True
layer4.1.sn2,900,16,0.504896879196167,0.3499678532135698,0.0,0.9999000099990001,True
layer4.1.sn2,900,17,0.1440679281949997,0.09986028077857266,7.749142805007211e-306,0.9999000099990001,True
layer4.1.sn2,900,18,0.34214702248573303,0.23715823701643202,0.0,0.9999000099990001,True
layer4.1.sn2,900,19,0.12115002423524857,0.08397479531827703,0.0,0.9999000099990001,True
layer4.1.sn2,900,20,0.29479894042015076,0.2043390466705276,0.0,0.9999000099990001,True
layer4.1.sn2,900,21,0.43037235736846924,0.2983113929874748,0.0,0.9999000099990001,True
layer4.1.sn2,900,22,0.5141608119010925,0.3563891097725305,0.0,0.9999000099990001,True
layer4.1.sn2,900,23,0.29744410514831543,0.20617253666024207,0.0,0.9999000099990001,True
layer4.1.sn2,900,24,0.5396525859832764,0.3740586580736879,0.0,0.9999000099990001,True
layer4.1.sn2,900,25,0.47709348797798157,0.33069599588289833,0.0,0.9999000099990001,True
layer4.1.sn2,900,26,0.29301947355270386,0.2031056180730091,0.0,0.9999000099990001,True
layer4.1.sn2,900,27,0.0356169119477272,0.024687763097003834,3.8580308692911844e-79,0.9999000099990001,True
layer4.1.sn2,900,28,0.16246141493320465,0.11260967516827661,0.0,0.9999000099990001,True
layer4.1.sn2,900,29,0.11384586989879608,0.0789119461944425,4.633511018216778e-258,0.9999000099990001,True
layer4.1.sn2,900,30,0.38228464126586914,0.264979518097053,0.0,0.9999000099990001,True
layer4.1.sn2,900,31,0.39326322078704834,0.2725892998214135,0.0,0.9999000099990001,True
layer4.1.sn2,900,32,0.42767271399497986,0.29644013272828346,0.0,0.9999000099990001,True
layer4.1.sn2,900,33,0.44788429141044617,0.3104497349863599,0.0,0.9999000099990001,True
layer4.1.sn2,900,34,0.5786627531051636,0.40109846353604184,0.0,0.9999000099990001,True
layer4.1.sn2,900,35,0.18941128253936768,0.13128989131400598,0.0,0.9999000099990001,True
layer4.1.sn2,900,36,0.052936628460884094,0.03669287497095055,5.008552631613319e-144,0.9999000099990001,True
layer4.1.sn2,900,37,0.5374181270599365,0.37250987569215666,0.0,0.9999000099990001,True
layer4.1.sn2,900,38,0.40185827016830444,0.27854692943759507,0.0,0.9999000099990001,True
layer4.1.sn2,900,39,0.38996443152427673,0.2703027379147929,0.0,0.9999000099990001,True
layer4.1.sn2,900,40,0.1998949944972992,0.13855664890727565,0.0,0.9999000099990001,True
layer4.1.sn2,900,41,0.3567969501018524,0.24731280046661155,0.0,0.9999000099990001,True
layer4.1.sn2,900,42,0.518807590007782,0.35961000387398795,0.0,0.9999000099990001,True
layer4.1.sn2,900,43,0.24136461317539215,0.1673011996571172,0.0,0.9999000099990001,True
layer4.1.sn2,900,44,0.5813513398170471,0.40296203806466774,0.0,0.9999000099990001,True
layer4.1.sn2,900,45,0.030302224680781364,0.021003901289169954,1.0438539627410208e-60,0.9999000099990001,True
layer4.1.sn2,900,46,0.42342787981033325,0.29349783924416106,0.0,0.9999000099990001,True
layer4.1.sn2,900,47,0.2812698185443878,0.19496139096667034,0.0,0.9999000099990001,True
layer4.1.sn2,900,48,0.23673735558986664,0.1640938348540496,0.0,0.9999000099990001,True
layer4.1.sn2,900,49,0.3917296826839447,0.27152632567642077,0.0,0.9999000099990001,True
layer4.1.sn2,900,50,0.4250034689903259,0.2945899572322499,0.0,0.9999000099990001,True
layer4.1.sn2,900,51,0.2602447271347046,0.18038789423723733,0.0,0.9999000099990001,True
layer4.1.sn2,900,52,0.5030238032341003,0.3486695171189908,0.0,0.9999000099990001,True
layer4.1.sn2,900,53,0.2808499038219452,0.19467032042823013,0.0,0.9999000099990001,True
layer4.1.sn2,900,54,0.0661732628941536,0.04586781158498375,2.398444057358161e-160,0.9999000099990001,True
layer4.1.sn2,900,55,0.07123524695634842,0.0493765123295062,9.295597038975032e-168,0.9999000099990001,True
layer4.1.sn2,900,56,0.4386049509048462,0.3040177933534368,0.0,0.9999000099990001,True
layer4.1.sn2,900,57,0.42758527398109436,0.2963795329437534,0.0,0.9999000099990001,True
layer4.1.sn2,900,58,0.35972705483436584,0.24934379182830652,0.0,0.9999000099990001,True
layer4.1.sn2,900,59,0.22477774322032928,0.15580406126110757,0.0,0.9999000099990001,True
layer4.1.sn2,900,60,0.16711069643497467,0.11583230691223148,0.0,0.9999000099990001,True
layer4.1.sn2,900,61,0.4281729757785797,0.29678688435106304,0.0,0.9999000099990001,True
layer4.1.sn2,900,62,0.49226081371307373,0.3412092028151731,0.0,0.9999000099990001,True
layer4.1.sn2,900,63,0.39110541343688965,0.27109362018132854,0.0,0.9999000099990001,True
layer4.1.sn2,900,64,0.3949053883552551,0.27372755570505997,0.0,0.9999000099990001,True
layer4.1.sn2,900,65,0.524986207485199,0.3638927024241117,0.0,0.9999000099990001,True
layer4.1.sn2,900,66,0.2466980665922165,0.17099806817392452,0.0,0.9999000099990001,True
layer4.1.sn2,900,67,0.5921900272369385,0.41047485188367094,0.0,0.9999000099990001,True
layer4.1.sn2,900,68,0.17530137300491333,0.12150964827183694,0.0,0.9999000099990001,True
layer4.1.sn2,900,69,0.33366960287094116,0.23128215057089774,0.0,0.9999000099990001,True
layer4.1.sn2,900,70,0.04751361533999443,0.032933928962257115,2.0302151980886634e-106,0.9999000099990001,True
layer4.1.sn2,900,71,0.5474935173988342,0.3794935757894449,0.0,0.9999000099990001,True
layer4.1.sn2,900,72,0.32698899507522583,0.2266515042126112,0.0,0.9999000099990001,True
layer4.1.sn2,900,73,0.43209585547447205,0.29950602244942537,0.0,0.9999000099990001,True
layer4.1.sn2,900,74,0.14467723667621613,0.10028262366977567,0.0,0.9999000099990001,True
layer4.1.sn2,900,75,0.4970844089984894,0.3445526476386562,0.0,0.9999000099990001,True
layer4.1.sn2,900,76,0.0355832614004612,0.024664436542306226,5.082568043384441e-68,0.9999000099990001,True
layer4.1.sn2,900,77,0.17625851929187775,0.12217309570143137,0.0,0.9999000099990001,True
layer4.1.sn2,900,78,0.20717599987983704,0.1436034569813991,0.0,0.9999000099990001,True
layer4.1.sn2,900,79,0.15348120033740997,0.10638506176146992,0.0,0.9999000099990001,True
layer4.1.sn2,900,80,0.4162771701812744,0.28854134910993967,0.0,0.9999000099990001,True
layer4.1.sn2,900,81,0.33384495973587036,0.23140369581229658,0.0,0.9999000099990001,True
layer4.1.sn2,900,82,0.7314504384994507,0.5070028217375893,0.0,0.9999000099990001,True
layer4.1.sn2,900,83,0.20238478481769562,0.14028244501753442,0.0,0.9999000099990001,True
layer4.1.sn2,900,84,0.4103905260562897,0.2844610314765032,0.0,0.9999000099990001,True
layer4.1.sn2,900,85,0.416598916053772,0.2887643571766103,0.0,0.9999000099990001,True
layer4.1.sn2,900,86,0.859023928642273,0.5954300253399948,0.0,0.9999000099990001,True
layer4.1.sn2,900,87,0.426527202129364,0.29564613603363316,0.0,0.9999000099990001,True
layer4.1.sn2,900,88,0.23059400916099548,0.1598355906593491,0.0,0.9999000099990001,True
layer4.1.sn2,900,89,0.3171701729297638,0.2198456155806099,0.0,0.9999000099990001,True
layer4.1.sn2,900,90,0.2586706876754761,0.17929685643574428,0.0,0.9999000099990001,True
layer4.1.sn2,900,91,0.5945032835006714,0.4120782587378158,0.0,0.9999000099990001,True
layer4.1.sn2,900,92,0.17228327691555023,0.11941766535023823,0.0,0.9999000099990001,True
layer4.1.sn2,900,93,0.38954487442970276,0.27001193667503315,0.0,0.9999000099990001,True
layer4.1.sn2,900,94,0.2718324065208435,0.18841986115322462,0.0,0.9999000099990001,True
layer4.1.sn2,900,95,0.5203583240509033,0.3606849155020415,0.0,0.9999000099990001,True
layer4.1.sn2,900,96,0.7615687847137451,0.5278792656912042,0.0,0.9999000099990001,True
layer4.1.sn2,900,97,0.5166959762573242,0.35814637582523057,0.0,0.9999000099990001,True
layer4.1.sn2,900,98,0.6535140872001648,0.45298144546398755,0.0,0.9999000099990001,True
layer4.1.sn2,900,99,0.20257233083248138,0.14041244019628799,0.0,0.9999000099990001,True
layer4.1.sn2,900,100,0.21610017120838165,0.14978922785232657,0.0,0.9999000099990001,True
layer4.1.sn2,900,101,0.6358886361122131,0.44076441277606015,0.0,0.9999000099990001,True
layer4.1.sn2,900,102,0.32319819927215576,0.22402392663634152,0.0,0.9999000099990001,True
layer4.1.sn2,900,103,0.5741754770278931,0.3979881028345742,0.0,0.9999000099990001,True
layer4.1.sn2,900,104,0.05473342165350914,0.037938317514874066,2.303989993883843e-133,0.9999000099990001,True
layer4.1.sn2,900,105,0.43044883012771606,0.2983643941984564,0.0,0.9999000099990001,True
layer4.1.sn2,900,106,0.24984341859817505,0.17317825847453439,0.0,0.9999000099990001,True
layer4.1.sn2,900,107,0.42427903413772583,0.29408781498607883,0.0,0.9999000099990001,True
layer4.1.sn2,900,108,0.40697190165519714,0.28209143221185484,0.0,0.9999000099990001,True
layer4.1.sn2,900,109,0.2440492957830429,0.16916207670119476,0.0,0.9999000099990001,True
layer4.1.sn2,900,110,0.4247418940067291,0.2944086455098762,0.0,0.9999000099990001,True
layer4.1.sn2,900,111,0.2920370399951935,0.2024246526395059,0.0,0.9999000099990001,True
layer4.1.sn2,900,112,0.3651563823223114,0.253107110987782,0.0,0.9999000099990001,True
layer4.1.sn2,900,113,0.4969049096107483,0.34442823428294866,0.0,0.9999000099990001,True
layer4.1.sn2,900,114,0.023847058415412903,0.016529521915245964,3.00026405422936e-57,0.9999000099990001,True
layer4.1.sn2,900,115,0.21520011126995087,0.1491653459798888,0.0,0.9999000099990001,True
layer4.1.sn2,900,116,0.2281075119972229,0.15811208337418328,0.0,0.9999000099990001,True
layer4.1.sn2,900,117,0.2291163057088852,0.15881132073066356,0.0,0.9999000099990001,True
layer4.1.sn2,900,118,0.5777117609977722,0.4004392886791977,0.0,0.9999000099990001,True
layer4.1.sn2,900,119,0.15745963156223297,0.10914269511862452,0.0,0.9999000099990001,True
layer4.1.sn2,900,120,0.2111210823059082,0.14633798366067266,0.0,0.9999000099990001,True
layer4.1.sn2,900,121,0.4459056556224823,0.30907825047063775,0.0,0.9999000099990001,True
layer4.1.sn2,900,122,0.36423420906066895,0.2524679225189964,0.0,0.9999000099990001,True
layer4.1.sn2,900,123,0.2730535864830017,0.18926631975497443,0.0,0.9999000099990001,True
layer4.1.sn2,900,124,0.23963673412799835,0.16610352870771075,0.0,0.9999000099990001,True
layer4.1.sn2,900,125,0.45905086398124695,0.31818980535214936,0.0,0.9999000099990001,True
layer4.1.sn2,900,126,0.2952738404273987,0.2046682386949862,0.0,0.9999000099990001,True
layer4.1.sn2,900,127,0.04580932483077049,0.03175260450243235,4.94579101543459e-107,0.9999000099990001,True
layer4.1.sn2,900,128,0.28086286783218384,0.19467930494753585,0.0,0.9999000099990001,True
layer4.1.sn2,900,129,0.09308088570833206,0.06451875459431808,9.736196357337047e-219,0.9999000099990001,True
layer4.1.sn2,900,130,0.2387038618326187,0.16545690735226595,0.0,0.9999000099990001,True
layer4.1.sn2,900,131,0.2558290958404541,0.17732720927643264,0.0,0.9999000099990001,True
layer4.1.sn2,900,132,0.27955377101898193,0.19377191826378568,0.0,0.9999000099990001,True
layer4.1.sn2,900,133,0.4115527272224426,0.2852666057545311,0.0,0.9999000099990001,True
layer4.1.sn2,900,134,0.4245028495788574,0.29424295842006865,0.0,0.9999000099990001,True
layer4.1.sn2,900,135,0.14546047151088715,0.10082551688918959,0.0,0.9999000099990001,True
layer4.1.sn2,900,136,0.19099639356136322,0.13238861373920247,0.0,0.9999000099990001,True
layer4.1.sn2,900,137,0.25854429602622986,0.1792092430589361,0.0,0.9999000099990001,True
layer4.1.sn2,900,138,0.3886772692203522,0.26941055158508587,0.0,0.9999000099990001,True
layer4.1.sn2,900,139,0.14107507467269897,0.09778579001601387,0.0,0.9999000099990001,True
layer4.1.sn2,900,140,0.03207235038280487,0.0222308592889015,1.6466990039043293e-87,0.9999000099990001,True
layer4.1.sn2,900,141,0.4948398470878601,0.34299684295537886,0.0,0.9999000099990001,True
layer4.1.sn2,900,142,0.3170759081840515,0.21978026607205559,0.0,0.9999000099990001,True
layer4.1.sn2,900,143,0.10762724280357361,0.07460151975152157,2.2981806821666506e-247,0.9999000099990001,True
layer4.1.sn2,900,144,0.3767678141593933,0.2611555454886583,0.0,0.9999000099990001,True
layer4.1.sn2,900,145,0.04303239285945892,0.029827780836589445,6.760818651725172e-116,0.9999000099990001,True
layer4.1.sn2,900,146,0.16120149195194244,0.1117363574695743,0.0,0.9999000099990001,True
layer4.1.sn2,900,147,0.09137915074825287,0.06333919889318483,1.1537622208973332e-235,0.9999000099990001,True
layer4.1.sn2,900,148,0.019107282161712646,0.013244159177576717,1.0191176460803613e-41,0.9999000099990001,True
layer4.1.sn2,900,149,0.1289597600698471,0.08938809368180728,7.009600898188663e-271,0.9999000099990001,True
layer4.1.sn2,900,150,0.45024099946022034,0.31208328572079946,0.0,0.9999000099990001,True
layer4.1.sn2,900,151,,0.12266707163639527,,0.9900990099009901,False
layer4.1.sn2,900,152,0.31117385625839233,0.2156892857061377,0.0,0.9999000099990001,True
layer4.1.sn2,900,153,0.06731769442558289,0.04666107240197344,2.1244207131023404e-183,0.9999000099990001,True
layer4.1.sn2,900,154,0.4482499063014984,0.31070315313913927,0.0,0.9999000099990001,True
layer4.1.sn2,900,155,0.44896987080574036,0.31120220832817524,0.0,0.9999000099990001,True
layer4.1.sn2,900,156,0.4945593476295471,0.34280242017320484,0.0,0.9999000099990001,True
layer4.1.sn2,900,157,0.24375170469284058,0.168955804643328,0.0,0.9999000099990001,True
layer4.1.sn2,900,158,0.29534846544265747,0.2047199591226163,0.0,0.9999000099990001,True
layer4.1.sn2,900,159,0.38128066062927246,0.26428360680245583,0.0,0.9999000099990001,True
layer4.1.sn2,900,160,0.7336410880088806,0.5085212645955105,0.0,0.9999000099990001,True
layer4.1.sn2,900,161,0.051040131598711014,0.03537832403129373,2.1862683505155628e-114,0.9999000099990001,True
layer4.1.sn2,900,162,0.3400477170944214,0.23570310616869858,0.0,0.9999000099990001,True
layer4.1.sn2,900,163,0.42304733395576477,0.2932340668914923,0.0,0.9999000099990001,True
layer4.1.sn2,900,164,0.0389862060546875,0.02702317771969689,2.94280406731136e-92,0.9999000099990001,True
layer4.1.sn2,900,165,0.43819117546081543,0.3037309751541626,0.0,0.9999000099990001,True
layer4.1.sn2,900,166,0.360678106546402,0.25000300980040724,0.0,0.9999000099990001,True
layer4.1.sn2,900,167,0.4156206250190735,0.28808626855117536,0.0,0.9999000099990001,True
layer4.1.sn2,900,168,0.6592240333557129,0.45693927865273204,0.0,0.9999000099990001,True
layer4.1.sn2,900,169,0.23335039615631104,0.16174616889132418,0.0,0.9999000099990001,True
layer4.1.sn2,900,170,0.2861080467700958,0.19831497839085044,0.0,0.9999000099990001,True
layer4.1.sn2,900,171,0.18644918501377106,0.12923672486833457,0.0,0.9999000099990001,True
layer4.1.sn2,900,172,0.3493162989616394,0.2421276103846239,0.0,0.9999000099990001,True
layer4.1.sn2,900,173,0.11868663132190704,0.0822673052430005,1.0795538612163293e-293,0.9999000099990001,True
layer4.1.sn2,900,174,0.23686280846595764,0.16418079038414896,0.0,0.9999000099990001,True
layer4.1.sn2,900,175,0.36736249923706055,0.2546362752614396,0.0,0.9999000099990001,True
layer4.1.sn2,900,176,0.3497220277786255,0.24240883979229824,0.0,0.9999000099990001,True
layer4.1.sn2,900,177,0.28379693627357483,0.19671304714769794,0.0,0.9999000099990001,True
layer4.1.sn2,900,178,0.4553702771663666,0.3156386166846305,0.0,0.9999000099990001,True
layer4.1.sn2,900,179,0.38922223448753357,0.26978829347774236,0.0,0.9999000099990001,True
layer4.1.sn2,900,180,0.2097877562046051,0.1454137880161809,0.0,0.9999000099990001,True
layer4.1.sn2,900,181,0.5117006301879883,0.3546838339793187,0.0,0.9999000099990001,True
layer4.1.sn2,900,182,0.1424749791622162,0.09875613177304625,0.0,0.9999000099990001,True
layer4.1.sn2,900,183,0.07529038190841675,0.05218731814856405,3.863941972457921e-181,0.9999000099990001,True
layer4.1.sn2,900,184,0.6547756791114807,0.45385590544153953,0.0,0.9999000099990001,True
layer4.1.sn2,900,185,0.05253935232758522,0.03641750422439979,1.0428282275289572e-113,0.9999000099990001,True
layer4.1.sn2,900,186,0.261349618434906,0.18115374217313657,0.0,0.9999000099990001,True
layer4.1.sn2,900,187,0.29336345195770264,0.20334405905225164,0.0,0.9999000099990001,True
layer4.1.sn2,900,188,0.3701273500919342,0.25655272418673336,0.0,0.9999000099990001,True
layer4.1.sn2,900,189,0.5287204384803772,0.366481070089519,0.0,0.9999000099990001,True
layer4.1.sn2,900,190,0.13882555067539215,0.09622653392071577,0.0,0.9999000099990001,True
layer4.1.sn2,900,191,0.6981038451194763,0.4838887165535671,0.0,0.9999000099990001,True
layer4.1.sn2,900,192,0.2212858945131302,0.15338369063744703,0.0,0.9999000099990001,True
layer4.1.sn2,900,193,0.39509594440460205,0.27385963079470343,0.0,0.9999000099990001,True
layer4.1.sn2,900,194,0.00450132368132472,0.0031200798444340123,0.0014377886327010415,0.9971002899710029,False
layer4.1.sn2,900,195,0.3213190734386444,0.22272141257000178,0.0,0.9999000099990001,True
layer4.1.sn2,900,196,0.4371264576911926,0.3029929660513825,0.0,0.9999000099990001,True
layer4.1.sn2,900,197,0.3701917827129364,0.256597384618403,0.0,0.9999000099990001,True
layer4.1.sn2,900,198,0.4026433825492859,0.2790911238761573,0.0,0.9999000099990001,True
layer4.1.sn2,900,199,0.11814837157726288,0.08189421287010215,6.005649108869502e-270,0.9999000099990001,True
layer4.1.sn2,900,200,0.3547859489917755,0.24591887601189244,0.0,0.9999000099990001,True
layer4.1.sn2,900,201,0.21885228157043457,0.15169684594310687,0.0,0.9999000099990001,True
layer4.1.sn2,900,202,0.03160090371966362,0.021904077275890284,7.031652511345052e-73,0.9999000099990001,True
layer4.1.sn2,900,203,0.3245753049850464,0.22497846334467908,0.0,0.9999000099990001,True
layer4.1.sn2,900,204,0.3536738157272339,0.24514800516391066,0.0,0.9999000099990001,True
layer4.1.sn2,900,205,0.22310122847557068,0.15464198383478794,0.0,0.9999000099990001,True
layer4.1.sn2,900,206,0.006259487941861153,0.004338746429594335,1.3943458191045098e-11,0.9999000099990001,True
layer4.1.sn2,900,207,0.40375494956970215,0.27986160786076747,0.0,0.9999000099990001,True
layer4.1.sn2,900,208,0.3937942385673523,0.2729573737811751,0.0,0.9999000099990001,True
layer4.1.sn2,900,209,0.4393480122089386,0.3045328320125066,0.0,0.9999000099990001,True
layer4.1.sn2,900,210,0.1812123954296112,0.12560686030530085,0.0,0.9999000099990001,True
layer4.1.sn2,900,211,0.051935210824012756,0.035998744500300446,8.287469566754256e-151,0.9999000099990001,True
layer4.1.sn2,900,212,0.018724199384450912,0.012978626440751092,8.51285527662954e-40,0.9999000099990001,True
layer4.1.sn2,900,213,0.4082828164100647,0.28300008807935373,0.0,0.9999000099990001,True
layer4.1.sn2,900,214,0.43537911772727966,0.3017818059796079,0.0,0.9999000099990001,True
layer4.1.sn2,900,215,0.17798461019992828,0.12336952958069373,0.0,0.9999000099990001,True
layer4.1.sn2,900,216,0.8368551731109619,0.5800638114537893,0.0,0.9999000099990001,True
layer4.1.sn2,900,217,0.6312751173973083,0.43756658470703436,0.0,0.9999000099990001,True
layer4.1.sn2,900,218,0.1669815182685852,0.11574276788292365,0.0,0.9999000099990001,True
layer4.1.sn2,900,219,0.21119919419288635,0.1463921212642108,0.0,0.9999000099990001,True
layer4.1.sn2,900,220,0.24615180492401123,0.17061942496055005,0.0,0.9999000099990001,True
layer4.1.sn2,900,221,0.009776445105671883,0.006776515275950057,4.3105417451940954e-21,0.9999000099990001,True
layer4.1.sn2,900,222,0.04908008873462677,0.03401972424292834,8.738846659501634e-116,0.9999000099990001,True
layer4.1.sn2,900,223,0.6277444362640381,0.43511928976871667,0.0,0.9999000099990001,True
layer4.1.sn2,900,224,0.02182508260011673,0.015127994483313518,1.1687365562655726e-49,0.9999000099990001,True
layer4.1.sn2,900,225,0.3996768593788147,0.2770348904883493,0.0,0.9999000099990001,True
layer4.1.sn2,900,226,0.7346795797348022,0.509241076251578,0.0,0.9999000099990001,True
layer4.1.sn2,900,227,0.35084256529808044,0.24318553055069808,0.0,0.9999000099990001,True
layer4.1.sn2,900,228,0.38940194249153137,0.2699128652179389,0.0,0.9999000099990001,True
layer4.1.sn2,900,229,0.5357171893119812,0.37133085722742754,0.0,0.9999000099990001,True
layer4.1.sn2,900,230,0.0523521825671196,0.03628776810784144,1.2531745885899943e-148,0.9999000099990001,True
layer4.1.sn2,900,231,0.6559417843818665,0.45466421471564633,0.0,0.9999000099990001,True
layer4.1.sn2,900,232,0.01370132528245449,0.009497034701376073,1.1018911442131959e-38,0.9999000099990001,True
layer4.1.sn2,900,233,0.14129680395126343,0.09793947936545251,3.256010408670735e-295,0.9999000099990001,True
layer4.1.sn2,900,234,0.011260965839028358,0.007805506687963708,2.427833595844556e-18,0.9999000099990001,True
layer4.1.sn2,900,235,0.07745444774627686,0.053687334049436534,4.388812728948026e-165,0.9999000099990001,True
layer4.1.sn2,900,236,0.26430705189704895,0.1832036881668023,0.0,0.9999000099990001,True
layer4.1.sn2,900,237,0.08667881786823273,0.060081176878524746,2.998339338385149e-214,0.9999000099990001,True
layer4.1.sn2,900,238,0.7211502194404602,0.4998632573077708,0.0,0.9999000099990001,True
layer4.1.sn2,900,239,0.35307738184928894,0.2447345832719699,0.0,0.9999000099990001,True
layer4.1.sn2,900,240,,0.19423880412837763,,0.9900990099009901,False
layer4.1.sn2,900,241,0.2904042601585388,0.20129289846689488,0.0,0.9999000099990001,True
layer4.1.sn2,900,242,0.5864282250404358,0.40648109051704195,0.0,0.9999000099990001,True
layer4.1.sn2,900,243,0.0541531927883625,0.037536131762962735,5.494578684312014e-127,0.9999000099990001,True
layer4.1.sn2,900,244,0.1564551144838333,0.10844641758262334,0.0,0.9999000099990001,True
layer4.1.sn2,900,245,0.4190356135368347,0.29045334996771327,0.0,0.9999000099990001,True
layer4.1.sn2,900,246,0.10299160331487656,0.07138833800398778,6.231384360124587e-259,0.9999000099990001,True
layer4.1.sn2,900,247,0.4578070640563965,0.31732767923360483,0.0,0.9999000099990001,True
layer4.1.sn2,900,248,0.11538756638765335,0.07998056430413412,1.465561315563649e-238,0.9999000099990001,True
layer4.1.sn2,900,249,0.3540515601634979,0.24540984591746676,0.0,0.9999000099990001,True
layer4.1.sn2,900,250,0.5581053495407104,0.38684916487287474,0.0,0.9999000099990001,True
layer4.1.sn2,900,251,0.17561008036136627,0.12172362779846324,0.0,0.9999000099990001,True
layer4.1.sn2,900,252,0.130390465259552,0.09037978324707222,5.50375903639444e-298,0.9999000099990001,True
layer4.1.sn2,900,253,0.33896827697753906,0.2349549123193122,0.0,0.9999000099990001,True
layer4.1.sn2,900,254,0.17981986701488495,0.1246416349105281,0.0,0.9999000099990001,True
layer4.1.sn2,900,255,0.3764878213405609,0.26096147506234885,0.0,0.9999000099990001,True
layer4.1.sn2,900,256,0.6612116098403931,0.45831696890894,0.0,0.9999000099990001,True
layer4.1.sn2,900,257,0.20536720752716064,0.14234969695616595,0.0,0.9999000099990001,True
layer4.1.sn2,900,258,0.028956040740013123,0.020070798120631915,1.5426727835821846e-73,0.9999000099990001,True
layer4.1.sn2,900,259,0.2893052101135254,0.2005310928481986,0.0,0.9999000099990001,True
layer4.1.sn2,900,260,0.3740796744823456,0.2592922758511055,0.0,0.9999000099990001,True
layer4.1.sn2,900,261,0.4206404685974121,0.29156575282613967,0.0,0.9999000099990001,True
layer4.1.sn2,900,262,0.3867107033729553,0.2680474263841558,0.0,0.9999000099990001,True
layer4.1.sn2,900,263,0.3295736014842987,0.22844301227037417,0.0,0.9999000099990001,True
layer4.1.sn2,900,264,0.2221078872680664,0.1539534555891018,0.0,0.9999000099990001,True
layer4.1.sn2,900,265,0.6838769912719727,0.474027422711942,0.0,0.9999000099990001,True
layer4.1.sn2,900,266,0.20403903722763062,0.14142908216263006,0.0,0.9999000099990001,True
layer4.1.sn2,900,267,0.14465758204460144,0.10026899220182908,0.0,0.9999000099990001,True
layer4.1.sn2,900,268,0.09354791790246964,0.06484247388447913,5.692976409932697e-201,0.9999000099990001,True
layer4.1.sn2,900,269,0.26639047265052795,0.1846477987428894,0.0,0.9999000099990001,True
layer4.1.sn2,900,270,0.11669561266899109,0.08088723724057494,3.081721956232234e-289,0.9999000099990001,True
layer4.1.sn2,900,271,0.580788791179657,0.4025721186348481,0.0,0.9999000099990001,True
layer4.1.sn2,900,272,0.2617529034614563,0.18143328564911604,0.0,0.9999000099990001,True
layer4.1.sn2,900,273,0.42715415358543396,0.2960806971686193,0.0,0.9999000099990001,True
layer4.1.sn2,900,274,0.42474356293678284,0.2944098133712917,0.0,0.9999000099990001,True
layer4.1.sn2,900,275,0.617132306098938,0.4277635232552344,0.0,0.9999000099990001,True
layer4.1.sn2,900,276,0.3736465871334076,0.2589920766316624,0.0,0.9999000099990001,True
layer4.1.sn2,900,277,0.5761243104934692,0.39933894273419085,0.0,0.9999000099990001,True
layer4.1.sn2,900,278,0.2550821602344513,0.17680948856605025,0.0,0.9999000099990001,True
layer4.1.sn2,900,279,0.25031208992004395,0.17350311971101032,0.0,0.9999000099990001,True
layer4.1.sn2,900,280,0.6015312671661377,0.4169497193867917,0.0,0.9999000099990001,True
layer4.1.sn2,900,281,0.5154484510421753,0.3572816586767419,0.0,0.9999000099990001,True
layer4.1.sn2,900,282,0.3490853011608124,0.24196749262431283,0.0,0.9999000099990001,True
layer4.1.sn2,900,283,0.2413724809885025,0.16730665944299222,0.0,0.9999000099990001,True
layer4.1.sn2,900,284,0.4417361915111542,0.3061881871880331,0.0,0.9999000099990001,True
layer4.1.sn2,900,285,0.3906536400318146,0.27078046446621284,0.0,0.9999000099990001,True
layer4.1.sn2,900,286,0.05386122316122055,0.03733375382753333,9.18461946588836e-136,0.9999000099990001,True
layer4.1.sn2,900,287,0.5973681807518005,0.4140640826731753,0.0,0.9999000099990001,True
layer4.1.sn2,900,288,0.5606469511985779,0.3886108428424933,0.0,0.9999000099990001,True
layer4.1.sn2,900,289,0.36758682131767273,0.2547917682051687,0.0,0.9999000099990001,True
layer4.1.sn2,900,290,0.481903076171875,0.3340297498054051,0.0,0.9999000099990001,True
layer4.1.sn2,900,291,0.4277097284793854,0.2964657991352581,0.0,0.9999000099990001,True
layer4.1.sn2,900,292,0.5721145868301392,0.3965596316005454,0.0,0.9999000099990001,True
layer4.1.sn2,900,293,0.415118545293808,0.28773824860574776,0.0,0.9999000099990001,True
layer4.1.sn2,900,294,0.4250527322292328,0.2946240999437869,0.0,0.9999000099990001,True
layer4.1.sn2,900,295,0.6249353885650635,0.43317218219059317,0.0,0.9999000099990001,True
layer4.1.sn2,900,296,0.337436318397522,0.23389304289576668,0.0,0.9999000099990001,True
layer4.1.sn2,900,297,0.341876745223999,0.23697091216252567,0.0,0.9999000099990001,True
layer4.1.sn2,900,298,0.5274562835693359,0.36560484559787054,0.0,0.9999000099990001,True
layer4.1.sn2,900,299,0.5718368887901306,0.39636714202194956,0.0,0.9999000099990001,True
layer4.1.sn2,900,300,0.1940321922302246,0.1344928644123948,0.0,0.9999000099990001,True
layer4.1.sn2,900,301,0.13928841054439545,0.09654737394384948,0.0,0.9999000099990001,True
layer4.1.sn2,900,302,0.26598432660102844,0.18436627826739327,0.0,0.9999000099990001,True
layer4.1.sn2,900,303,0.4284938871860504,0.297009331012837,0.0,0.9999000099990001,True
layer4.1.sn2,900,304,0.17257776856422424,0.11962179833153574,0.0,0.9999000099990001,True
layer4.1.sn2,900,305,0.49303296208381653,0.341744411865037,0.0,0.9999000099990001,True
layer4.1.sn2,900,306,0.4459739625453949,0.3091255959521957,0.0,0.9999000099990001,True
layer4.1.sn2,900,307,0.18350043892860413,0.12719281205580102,0.0,0.9999000099990001,True
layer4.1.sn2,900,308,0.40386122465133667,0.27993527669168716,0.0,0.9999000099990001,True
layer4.1.sn2,900,309,0.28651684522628784,0.19859834345317354,0.0,0.9999000099990001,True
layer4.1.sn2,900,310,0.41855037212371826,0.2901170140035874,0.0,0.9999000099990001,True
layer4.1.sn2,900,311,0.0910240039229393,0.06309303042859545,2.1607075788843373e-222,0.9999000099990001,True
layer4.1.sn2,900,312,0.3491411507129669,0.24200620336262124,0.0,0.9999000099990001,True
layer4.1.sn2,900,313,0.26067787408828735,0.18068812549275118,0.0,0.9999000099990001,True
layer4.1.sn2,900,314,0.179439976811409,0.12437831821034438,0.0,0.9999000099990001,True
layer4.1.sn2,900,315,0.25776636600494385,0.17867002159734535,0.0,0.9999000099990001,True
layer4.1.sn2,900,316,0.5811938047409058,0.4028528354697887,0.0,0.9999000099990001,True
layer4.1.sn2,900,317,0.03322649002075195,0.02303084910155108,3.585017907691085e-67,0.9999000099990001,True
layer4.1.sn2,900,318,,0.25702318173772176,,0.9900990099009901,False
layer4.1.sn2,900,319,0.10647127032279968,0.07380026162080082,4.644541315430495e-259,0.9999000099990001,True
layer4.1.sn2,900,320,0.25630298256874084,0.17765568878044508,0.0,0.9999000099990001,True
layer4.1.sn2,900,321,0.10476662963628769,0.07261869362590045,5.275254517548808e-230,0.9999000099990001,True
layer4.1.sn2,900,322,0.22427715361118317,0.1554570734766394,0.0,0.9999000099990001,True
layer4.1.sn2,900,323,0.12195888161659241,0.08453545252151701,2.5444925333902227e-260,0.9999000099990001,True
layer4.1.sn2,900,324,0.12183764576911926,0.0844514201446944,2.155649254482552e-278,0.9999000099990001,True
layer4.1.sn2,900,325,0.3750579059123993,0.2599703267878456,0.0,0.9999000099990001,True
layer4.1.sn2,900,326,0.2726495862007141,0.18898628657432906,0.0,0.9999000099990001,True
layer4.1.sn2,900,327,0.3018830418586731,0.20924936912775285,0.0,0.9999000099990001,True
layer4.1.sn2,900,328,0.10640192776918411,0.07375219840371082,7.18558579057549e-230,0.9999000099990001,True
layer4.1.sn2,900,329,0.02129443734884262,0.01476017858498484,2.413831675686579e-52,0.9999000099990001,True
layer4.1.sn2,900,330,0.3853089213371277,0.2670757998613295,0.0,0.9999000099990001,True
layer4.1.sn2,900,331,0.05994437634944916,0.04155027437821843,8.2057307816355e-151,0.9999000099990001,True
layer4.1.sn2,900,332,0.24144822359085083,0.16735915435146698,0.0,0.9999000099990001,True
layer4.1.sn2,900,333,0.5662986040115356,0.39252830076586415,0.0,0.9999000099990001,True
layer4.1.sn2,900,334,0.6237040162086487,0.43231870084800794,0.0,0.9999000099990001,True
layer4.1.sn2,900,335,0.37722769379615784,0.2614743123643851,0.0,0.9999000099990001,True
layer4.1.sn2,900,336,0.3090616762638092,0.21422522023576768,0.0,0.9999000099990001,True
layer4.1.sn2,900,337,0.3549102246761322,0.2460050295059829,0.0,0.9999000099990001,True
layer4.1.sn2,900,338,0.008133628405630589,0.00563780166643159,5.2713762491157163e-17,0.9999000099990001,True
layer4.1.sn2,900,339,0.12885238230228424,0.08931366168897253,3.927884955340644e-294,0.9999000099990001,True
layer4.1.sn2,900,340,0.2652759253978729,0.18387526885907254,0.0,0.9999000099990001,True
layer4.1.sn2,900,341,0.0961323156952858,0.06663384531419417,7.86299270489274e-236,0.9999000099990001,True
layer4.1.sn2,900,342,0.4196910262107849,0.29090765790151096,0.0,0.9999000099990001,True
layer4.1.sn2,900,343,0.686248779296875,0.4756714042387926,0.0,0.9999000099990001,True
layer4.1.sn2,900,344,0.4690954089164734,0.32515215828555166,0.0,0.9999000099990001,True
layer4.1.sn2,900,345,0.0456576868891716,0.031647496617745935,3.532868818281346e-125,0.9999000099990001,True
layer4.1.sn2,900,346,0.27602776885032654,0.191327867765284,0.0,0.9999000099990001,True
layer4.1.sn2,900,347,0.23371170461177826,0.16199661115010744,0.0,0.9999000099990001,True
layer4.1.sn2,900,348,0.36999642848968506,0.25646197099240664,0.0,0.9999000099990001,True
layer4.1.sn2,900,349,0.47290417551994324,0.32779220545550575,0.0,0.9999000099990001,True
layer4.1.sn2,900,350,0.19093137979507446,0.13234354296017362,0.0,0.9999000099990001,True
layer4.1.sn2,900,351,0.38416004180908203,0.26627945978994727,0.0,0.9999000099990001,True
layer4.1.sn2,900,352,0.38111579418182373,0.26416933782199775,0.0,0.9999000099990001,True
layer4.1.sn2,900,353,0.2682887613773346,0.18596359370510795,0.0,0.9999000099990001,True
layer4.1.sn2,900,354,0.11977814882993698,0.0830238859539106,0.0,0.9999000099990001,True
layer4.1.sn2,900,355,0.5789992213249207,0.4013316968473196,0.0,0.9999000099990001,True
layer4.1.sn2,900,356,0.3869929909706116,0.2682431052902674,0.0,0.9999000099990001,True
layer4.1.sn2,900,357,0.1605173647403717,0.11126215805062034,0.0,0.9999000099990001,True
layer4.1.sn2,900,358,0.48933467268943787,0.33918094839797175,0.0,0.9999000099990001,True
layer4.1.sn2,900,359,0.3443569839000702,0.23869006907881324,0.0,0.9999000099990001,True
layer4.1.sn2,900,360,0.6272799372673035,0.43479730659848814,0.0,0.9999000099990001,True
layer4.1.sn2,900,361,0.5767863392829895,0.3997978266162357,0.0,0.9999000099990001,True
layer4.1.sn2,900,362,0.44241616129875183,0.30665951724896967,0.0,0.9999000099990001,True
layer4.1.sn2,900,363,0.4607810974121094,0.31938911582620544,0.0,0.9999000099990001,True
layer4.1.sn2,900,364,0.40620869398117065,0.2815624066030249,0.0,0.9999000099990001,True
layer4.1.sn2,900,365,0.29269900918006897,0.2028834829747636,0.0,0.9999000099990001,True
layer4.1.sn2,900,366,0.17176903784275055,0.11906122163836025,0.0,0.9999000099990001,True
layer4.1.sn2,900,367,0.18628597259521484,0.12912359698593137,0.0,0.9999000099990001,True
layer4.1.sn2,900,368,0.4970215857028961,0.3445091123913017,0.0,0.9999000099990001,True
layer4.1.sn2,900,369,0.5711717009544373,0.3959060570293195,0.0,0.9999000099990001,True
layer4.1.sn2,900,370,0.5419670939445496,0.37566297735281384,0.0,0.9999000099990001,True
layer4.1.sn2,900,371,0.10608923435211182,0.07353545530573039,3.641457583259102e-304,0.9999000099990001,True
layer4.1.sn2,900,372,0.1355210840702057,0.0939360579449288,0.0,0.9999000099990001,True
layer4.1.sn2,900,373,0.4149031937122345,0.2875889741350196,0.0,0.9999000099990001,True
layer4.1.sn2,900,374,0.23034927248954773,0.15966594431602402,0.0,0.9999000099990001,True
layer4.1.sn2,900,375,0.11524946987628937,0.07988484272729507,3.2243140421546383e-273,0.9999000099990001,True
layer4.1.sn2,900,376,0.44110390543937683,0.3057499246584264,0.0,0.9999000099990001,True
layer4.1.sn2,900,377,0.4092184603214264,0.28364861173031386,0.0,0.9999000099990001,True
layer4.1.sn2,900,378,0.19004344940185547,0.13172807935553466,0.0,0.9999000099990001,True
layer4.1.sn2,900,379,0.0935649499297142,0.0648542837584631,4.1138077030906287e-227,0.9999000099990001,True
layer4.1.sn2,900,380,0.5571126341819763,0.3861610353059763,0.0,0.9999000099990001,True
layer4.1.sn2,900,381,0.3754788339138031,0.26026210097977076,0.0,0.9999000099990001,True
layer4.1.sn2,900,382,0.100052610039711,0.06935118228987087,7.329123919438347e-236,0.9999000099990001,True
layer4.1.sn2,900,383,0.2206399142742157,0.15293593147092682,0.0,0.9999000099990001,True
layer4.1.sn2,900,384,0.3395504653453827,0.23535845035352387,0.0,0.9999000099990001,True
layer4.1.sn2,900,385,0.19533607363700867,0.13539664641932328,0.0,0.9999000099990001,True
layer4.1.sn2,900,386,0.36526361107826233,0.25318144705880785,0.0,0.9999000099990001,True
layer4.1.sn2,900,387,0.429584801197052,0.2977654908977431,0.0,0.9999000099990001,True
layer4.1.sn2,900,388,0.6458786129951477,0.4476889494463156,0.0,0.9999000099990001,True
layer4.1.sn2,900,389,0.4301462471485138,0.29815465445407846,0.0,0.9999000099990001,True
layer4.1.sn2,900,390,0.28678467869758606,0.19878399061219,0.0,0.9999000099990001,True
layer4.1.sn2,900,391,0.13728933036327362,0.09516170834231671,0.0,0.9999000099990001,True
layer4.1.sn2,900,392,0.5855944752693176,0.40590316305659474,0.0,0.9999000099990001,True
layer4.1.sn2,900,393,0.3992728590965271,0.2767548521302891,0.0,0.9999000099990001,True
layer4.1.sn2,900,394,0.3203504979610443,0.22205003515701785,0.0,0.9999000099990001,True
layer4.1.sn2,900,395,0.3004947900772095,0.20828710876485906,0.0,0.9999000099990001,True
layer4.1.sn2,900,396,0.02396250329911709,0.01660954152107927,1.711518913336059e-58,0.9999000099990001,True
layer4.1.sn2,900,397,0.2546667158603668,0.17652150816057477,0.0,0.9999000099990001,True
layer4.1.sn2,900,398,0.3461543917655945,0.23993594969481913,0.0,0.9999000099990001,True
layer4.1.sn2,900,399,0.23558101058006287,0.16329231559858604,0.0,0.9999000099990001,True
layer4.1.sn2,900,400,,0.2551001444283827,,0.9900990099009901,False
layer4.1.sn2,900,401,0.4621552526950836,0.3203416146866923,0.0,0.9999000099990001,True
layer4.1.sn2,900,402,0.4974158704280853,0.3447824122387261,0.0,0.9999000099990001,True
layer4.1.sn2,900,403,0.27916842699050903,0.19350481281259604,0.0,0.9999000099990001,True
layer4.1.sn2,900,404,0.11597084999084473,0.08038487006711609,1.0372731453395533e-243,0.9999000099990001,True
layer4.1.sn2,900,405,0.5682778358459473,0.393900175686274,0.0,0.9999000099990001,True
layer4.1.sn2,900,406,0.383280873298645,0.2656700663215251,0.0,0.9999000099990001,True
layer4.1.sn2,900,407,0.7354081273078918,0.5097460522337207,0.0,0.9999000099990001,True
layer4.1.sn2,900,408,0.3973194658756256,0.27540087486314496,0.0,0.9999000099990001,True
layer4.1.sn2,900,409,0.5783656239509583,0.400892521950442,0.0,0.9999000099990001,True
layer4.1.sn2,900,410,0.5023059844970703,0.34817196912648746,0.0,0.9999000099990001,True
layer4.1.sn2,900,411,0.8298450112342834,0.5752047113960852,0.0,0.9999000099990001,True
layer4.1.sn2,900,412,0.25532129406929016,0.1769752381836328,0.0,0.9999000099990001,True
layer4.1.sn2,900,413,0.46431195735931396,0.32183652928087947,0.0,0.9999000099990001,True
layer4.1.sn2,900,414,0.049746330827474594,0.03448152811694944,7.211622252832385e-110,0.9999000099990001,True
layer4.1.sn2,900,415,0.35022926330566406,0.24276043474933978,0.0,0.9999000099990001,True
layer4.1.sn2,900,416,0.832913875579834,0.577331916218607,0.0,0.9999000099990001,True
layer4.1.sn2,900,417,0.14740778505802155,0.10217529218375362,0.0,0.9999000099990001,True
layer4.1.sn2,900,418,0.16103680431842804,0.11162221071968965,0.0,0.9999000099990001,True
layer4.1.sn2,900,419,0.46397432684898376,0.3216024995419302,0.0,0.9999000099990001,True
layer4.1.sn2,900,420,0.3608595132827759,0.25012876189395244,0.0,0.9999000099990001,True
layer4.1.sn2,900,421,0.34066858887672424,0.2361334744229559,0.0,0.9999000099990001,True
layer4.1.sn2,900,422,0.4151359498500824,0.2877503235052927,0.0,0.9999000099990001,True
layer4.1.sn2,900,423,0.07779138535261154,0.05392088168699,3.781331580875462e-170,0.9999000099990001,True
layer4.1.sn2,900,424,0.40912917256355286,0.28358672860573503,0.0,0.9999000099990001,True
layer4.1.sn2,900,425,0.11309988796710968,0.07839486668689574,5.40915339418802e-298,0.9999000099990001,True
layer4.1.sn2,900,426,0.6026698350906372,0.4177388966541401,0.0,0.9999000099990001,True
layer4.1.sn2,900,427,0.030694302171468735,0.02127566916069184,9.479608096713732e-72,0.9999000099990001,True
layer4.1.sn2,900,428,0.4990851581096649,0.34593947790846813,0.0,0.9999000099990001,True
layer4.1.sn2,900,429,0.058392878621816635,0.040474860313646464,8.64700457556777e-162,0.9999000099990001,True
layer4.1.sn2,900,430,0.7617051005363464,0.5279737467797437,0.0,0.9999000099990001,True
layer4.1.sn2,900,431,0.2000359445810318,0.13865435545942234,0.0,0.9999000099990001,True
layer4.1.sn2,900,432,0.3480103313922882,0.2412223845660995,0.0,0.9999000099990001,True
layer4.1.sn2,900,433,0.363420307636261,0.2519037548605465,0.0,0.9999000099990001,True
layer4.1.sn2,900,434,0.3965478241443634,0.27486600247134113,0.0,0.9999000099990001,True
layer4.1.sn2,900,435,0.35704123973846436,0.24748212544538056,0.0,0.9999000099990001,True
layer4.1.sn2,900,436,0.13839054107666016,0.09592501631788095,2.461789126241861e-301,0.9999000099990001,True
layer4.1.sn2,900,437,0.09233613312244415,0.06400253268388172,3.5645208009507832e-217,0.9999000099990001,True
layer4.1.sn2,900,438,0.17256714403629303,0.11961443315853457,0.0,0.9999000099990001,True
layer4.1.sn2,900,439,0.04102928936481476,0.02843933658349965,1.4472712488307592e-88,0.9999000099990001,True
layer4.1.sn2,900,440,0.19446027278900146,0.1347895905742317,0.0,0.9999000099990001,True
layer4.1.sn2,900,441,0.40114784240722656,0.2780544978703258,0.0,0.9999000099990001,True
layer4.1.sn2,900,442,0.40902748703956604,0.28351625951638404,0.0,0.9999000099990001,True
layer4.1.sn2,900,443,0.3274080157279968,0.22694193798452963,0.0,0.9999000099990001,True
layer4.1.sn2,900,444,0.006394143681973219,0.004432082556669924,1.5505056540352806e-14,0.9999000099990001,True
layer4.1.sn2,900,445,,0.0266086622278574,,0.9900990099009901,False
layer4.1.sn2,900,446,0.4821285903453827,0.334186077046684,0.0,0.9999000099990001,True
layer4.1.sn2,900,447,0.4790274202823639,0.3320365153034437,0.0,0.9999000099990001,True
layer4.1.sn2,900,448,0.4426318407058716,0.30680900328473015,0.0,0.9999000099990001,True
layer4.1.sn2,900,449,0.6371658444404602,0.44164968891590883,0.0,0.9999000099990001,True
layer4.1.sn2,900,450,0.13831239938735962,0.09587085338057201,0.0,0.9999000099990001,True
layer4.1.sn2,900,451,0.3584839999675751,0.248482176320417,0.0,0.9999000099990001,True
layer4.1.sn2,900,452,0.38063064217567444,0.2638330531109839,0.0,0.9999000099990001,True
layer4.1.sn2,900,453,0.41211801767349243,0.28565845040638543,0.0,0.9999000099990001,True
layer4.1.sn2,900,454,0.20210105180740356,0.1400857715894902,0.0,0.9999000099990001,True
layer4.1.sn2,900,455,0.2789630889892578,0.1933624779030938,0.0,0.9999000099990001,True
layer4.1.sn2,900,456,0.37451738119125366,0.25959565931242684,0.0,0.9999000099990001,True
layer4.1.sn2,900,457,0.21336360275745392,0.14789238017058104,0.0,0.9999000099990001,True
layer4.1.sn2,900,458,0.43964552879333496,0.30473906855371163,0.0,0.9999000099990001,True
layer4.1.sn2,900,459,0.331949919462204,0.23009015865571036,0.0,0.9999000099990001,True
layer4.1.sn2,900,460,0.746691882610321,0.5175673902537123,0.0,0.9999000099990001,True
layer4.1.sn2,900,461,0.5515280365943909,0.3822901039703097,0.0,0.9999000099990001,True
layer4.1.sn2,900,462,0.34776023030281067,0.24104902350437218,0.0,0.9999000099990001,True
layer4.1.sn2,900,463,0.07159121334552765,0.04962324774391885,6.37066304711499e-172,0.9999000099990001,True
layer4.1.sn2,900,464,0.3785332143306732,0.26237923182000245,0.0,0.9999000099990001,True
layer4.1.sn2,900,465,0.11875596642494202,0.08231536211710334,5.666423554888712e-283,0.9999000099990001,True
layer4.1.sn2,900,466,0.23810404539108276,0.16504114488370872,0.0,0.9999000099990001,True
layer4.1.sn2,900,467,0.15113651752471924,0.1047598462890719,0.0,0.9999000099990001,True
layer4.1.sn2,900,468,0.401684433221817,0.2784264374444574,0.0,0.9999000099990001,True
layer4.1.sn2,900,469,0.15309228003025055,0.10611548363916001,0.0,0.9999000099990001,True
layer4.1.sn2,900,470,0.05591295287013054,0.03875590551770661,1.561597728713582e-129,0.9999000099990001,True
layer4.1.sn2,900,471,0.027525773271918297,0.019079411998818307,1.906263986862831e-53,0.9999000099990001,True
layer4.1.sn2,900,472,0.34572091698646545,0.2396354792028973,0.0,0.9999000099990001,True
layer4.1.sn2,900,473,0.19150911271572113,0.13274400438555206,0.0,0.9999000099990001,True
layer4.1.sn2,900,474,0.28108394145965576,0.19483253452526242,0.0,0.9999000099990001,True
layer4.1.sn2,900,475,0.0098809152841568,0.006848928515848404,2.4849969605009684e-21,0.9999000099990001,True
layer4.1.sn2,900,476,0.38352811336517334,0.26584143203329735,0.0,0.9999000099990001,True
layer4.1.sn2,900,477,0.13431818783283234,0.09310227739069293,0.0,0.9999000099990001,True
layer4.1.sn2,900,478,0.8211149573326111,0.5691535377349972,0.0,0.9999000099990001,True
layer4.1.sn2,900,479,0.04563517868518829,0.03163189506363852,2.8277648824744282e-101,0.9999000099990001,True
layer4.1.sn2,900,480,0.8015973567962646,0.555624950844077,0.0,0.9999000099990001,True
layer4.1.sn2,900,481,0.4066319465637207,0.28185578344902085,0.0,0.9999000099990001,True
layer4.1.sn2,900,482,0.3990015387535095,0.27656680060768507,0.0,0.9999000099990001,True
layer4.1.sn2,900,483,0.5530492663383484,0.38334455995844585,0.0,0.9999000099990001,True
layer4.1.sn2,900,484,0.05740530788898468,0.03979032740292894,1.5067016042278348e-142,0.9999000099990001,True
layer4.1.sn2,900,485,0.5936068892478943,0.4114569326280926,0.0,0.9999000099990001,True
layer4.1.sn2,900,486,0.47890791296958923,0.3319536660155521,0.0,0.9999000099990001,True
layer4.1.sn2,900,487,0.11434322595596313,0.07925668656623436,4.4463855831341333e-275,0.9999000099990001,True
layer4.1.sn2,900,488,0.4884951114654541,0.33859901226314154,0.0,0.9999000099990001,True
layer4.1.sn2,900,489,0.4502398669719696,0.31208249527548604,0.0,0.9999000099990001,True
layer4.1.sn2,900,490,0.30077144503593445,0.20847888219269,0.0,0.9999000099990001,True
layer4.1.sn2,900,491,0.054223839193582535,0.03758510239056381,5.193327699453946e-134,0.9999000099990001,True
layer4.1.sn2,900,492,0.5913134217262268,0.4098672319200557,0.0,0.9999000099990001,True
layer4.1.sn2,900,493,0.07832980901002884,0.05429408462977305,8.191275914911349e-216,0.9999000099990001,True
layer4.1.sn2,900,494,0.5168923139572144,0.3582824436914688,0.0,0.9999000099990001,True
layer4.1.sn2,900,495,0.15812398493289948,0.10960318980538773,0.0,0.9999000099990001,True
layer4.1.sn2,900,496,0.21471965312957764,0.14883231926622456,0.0,0.9999000099990001,True
layer4.1.sn2,900,497,0.3019852042198181,0.2093202006166422,0.0,0.9999000099990001,True
layer4.1.sn2,900,498,0.2437109798192978,0.16892758331481816,0.0,0.9999000099990001,True
layer4.1.sn2,900,499,0.3873310387134552,0.2684774230147556,0.0,0.9999000099990001,True
layer4.1.sn2,900,500,0.046038512140512466,0.03191146378289734,4.835341257989171e-112,0.9999000099990001,True
layer4.1.sn2,900,501,0.44232508540153503,0.3065963825191002,0.0,0.9999000099990001,True
layer4.1.sn2,900,502,0.020369527861475945,0.014119081337774377,1.0085393926503291e-45,0.9999000099990001,True
layer4.1.sn2,900,503,0.3688681125640869,0.25567988298316385,0.0,0.9999000099990001,True
layer4.1.sn2,900,504,0.05028301849961281,0.03485353288918227,7.433993324727702e-133,0.9999000099990001,True
layer4.1.sn2,900,505,0.273960143327713,0.18989470915513376,0.0,0.9999000099990001,True
layer4.1.sn2,900,506,0.2735419273376465,0.1896048208070447,0.0,0.9999000099990001,True
layer4.1.sn2,900,507,0.021308869123458862,0.014770182116823736,1.6083103412333017e-48,0.9999000099990001,True
layer4.1.sn2,900,508,0.44811636209487915,0.3106105927199107,0.0,0.9999000099990001,True
layer4.1.sn2,900,509,0.07124203443527222,0.049381213586804834,1.2900334161961954e-150,0.9999000099990001,True
layer4.1.sn2,900,510,0.43284088373184204,0.3000224427062584,0.0,0.9999000099990001,True
layer4.1.sn2,900,511,0.4573405981063843,0.317004354157646,0.0,0.9999000099990001,True
